#usda 1.0
(
    defaultPrim = "factory_gear_base"
    metersPerUnit = 1
    upAxis = "Z"
)

def Xform "factory_gear_base" (
    prepend apiSchemas = ["PhysicsRigidBodyAPI", "PhysicsMassAPI"]
    kind = "component"
)
{
    custom float arena:pegRadiusScale = 0.75
    bool physics:kinematicEnabled = 0
    bool physics:rigidBodyEnabled = 1

    def Xform "medium_gear_target"
    {
        double3 xformOp:translate = (0.0366185, 0, 0.0075)
        uniform token[] xformOpOrder = ["xformOp:translate"]
    }

    def "visuals"
    {
        def Mesh "factory_gear_base_visual"
        {
            float3[] extent = [(-0.1139435, -0.0539903, -0.01875), (0.1139435, 0.0539903, 0.01875)]
            int[] faceVertexCounts = [3, 3, 3, 3, 3, 3, 3, 3, 3, 3, 3, 3, 3, 3, 3, 3, 3, 3, 3, 3, 3, 3, 3, 3, 3, 3, 3, 3, 3, 3, 3, 3, 3, 3, 3, 3, 3, 3, 3, 3, 3, 3, 3, 3, 3, 3, 3, 3, 3, 3, 3, 3, 3, 3, 3, 3, 3, 3, 3, 3, 3, 3, 3, 3, 3, 3, 3, 3, 3, 3, 3, 3, 3, 3, 3, 3, 3, 3, 3, 3, 3, 3, 3, 3, 3, 3, 3, 3, 3, 3, 3, 3, 3, 3, 3, 3, 3, 3, 3, 3, 3, 3, 3, 3, 3, 3, 3, 3, 3, 3, 3, 3, 3, 3, 3, 3, 3, 3, 3, 3, 3, 3, 3, 3, 3, 3, 3, 3, 3, 3, 3, 3, 3, 3, 3, 3, 3, 3, 3, 3, 3, 3, 3, 3, 3, 3, 3, 3, 3, 3, 3, 3, 3, 3, 3, 3, 3, 3, 3, 3, 3, 3, 3, 3, 3, 3, 3, 3, 3, 3, 3, 3, 3, 3, 3, 3, 3, 3, 3, 3, 3, 3, 3, 3, 3, 3, 3, 3, 3, 3, 3, 3, 3, 3, 3, 3, 3, 3, 3, 3, 3, 3, 3, 3, 3, 3, 3, 3, 3, 3, 3, 3, 3, 3, 3, 3, 3, 3, 3, 3, 3, 3, 3, 3, 3, 3, 3, 3, 3, 3, 3, 3, 3, 3, 3, 3, 3, 3, 3, 3, 3, 3, 3, 3, 3, 3, 3, 3, 3, 3, 3, 3, 3, 3, 3, 3, 3, 3, 3, 3, 3, 3, 3, 3, 3, 3, 3, 3, 3, 3, 3, 3, 3, 3, 3, 3, 3, 3, 3, 3, 3, 3, 3, 3, 3, 3, 3, 3, 3, 3, 3, 3, 3, 3, 3, 3, 3, 3, 3, 3, 3, 3, 3, 3, 3, 3, 3, 3, 3, 3, 3, 3, 3, 3, 3, 3, 3, 3, 3, 3, 3, 3, 3, 3, 3, 3, 3, 3, 3, 3, 3, 3, 3, 3, 3, 3, 3, 3, 3, 3, 3, 3, 3, 3, 3, 3, 3, 3, 3, 3, 3, 3, 3, 3, 3, 3, 3, 3, 3, 3, 3, 3, 3, 3, 3, 3, 3, 3, 3, 3, 3, 3, 3, 3, 3, 3, 3, 3, 3, 3, 3, 3, 3, 3, 3, 3, 3, 3, 3, 3, 3, 3, 3, 3, 3, 3, 3, 3, 3, 3, 3, 3, 3, 3, 3, 3, 3, 3, 3, 3, 3, 3, 3, 3, 3, 3, 3, 3, 3, 3, 3, 3, 3, 3, 3, 3, 3, 3, 3, 3, 3, 3, 3, 3, 3, 3, 3, 3, 3, 3, 3, 3, 3, 3, 3, 3, 3, 3, 3, 3, 3, 3, 3, 3, 3, 3, 3, 3, 3, 3, 3, 3, 3, 3, 3, 3, 3, 3, 3, 3, 3, 3, 3, 3, 3, 3, 3, 3, 3, 3, 3, 3, 3, 3, 3, 3, 3, 3, 3, 3, 3, 3, 3, 3, 3, 3, 3, 3, 3, 3, 3, 3, 3, 3, 3, 3, 3, 3, 3, 3, 3, 3, 3, 3, 3, 3, 3, 3, 3, 3, 3, 3, 3, 3, 3, 3, 3, 3, 3, 3, 3, 3, 3, 3, 3, 3, 3, 3, 3, 3, 3, 3, 3, 3, 3, 3, 3, 3, 3, 3, 3, 3, 3, 3, 3, 3, 3, 3, 3, 3, 3, 3, 3, 3, 3, 3, 3, 3, 3, 3, 3, 3, 3, 3, 3, 3, 3, 3, 3, 3, 3, 3, 3, 3, 3, 3, 3, 3, 3, 3, 3, 3, 3, 3, 3, 3, 3, 3, 3, 3, 3, 3, 3, 3, 3, 3, 3, 3, 3, 3, 3, 3, 3, 3, 3, 3, 3, 3, 3, 3, 3, 3, 3, 3, 3, 3, 3, 3, 3, 3, 3, 3, 3, 3, 3, 3, 3, 3, 3, 3, 3, 3, 3, 3, 3, 3, 3, 3, 3, 3, 3, 3, 3, 3, 3, 3, 3, 3, 3, 3, 3, 3, 3, 3, 3, 3, 3, 3, 3, 3, 3, 3, 3, 3, 3, 3, 3, 3, 3, 3, 3, 3, 3, 3, 3, 3, 3, 3, 3, 3, 3, 3, 3, 3, 3, 3, 3, 3, 3, 3, 3, 3, 3, 3, 3, 3, 3, 3, 3, 3, 3, 3, 3, 3, 3, 3, 3, 3, 3, 3, 3, 3, 3, 3, 3, 3, 3, 3, 3, 3, 3, 3, 3, 3, 3, 3, 3, 3, 3, 3, 3, 3, 3, 3, 3, 3, 3, 3, 3, 3, 3, 3, 3, 3, 3, 3, 3, 3, 3, 3, 3, 3, 3, 3, 3, 3, 3, 3, 3, 3, 3, 3, 3, 3, 3, 3, 3, 3, 3, 3, 3, 3, 3, 3, 3, 3, 3, 3, 3, 3, 3, 3, 3, 3, 3, 3, 3, 3, 3, 3, 3, 3, 3, 3, 3, 3, 3, 3, 3, 3, 3, 3, 3, 3, 3, 3, 3, 3, 3, 3, 3, 3, 3, 3, 3, 3, 3, 3, 3, 3, 3, 3, 3, 3, 3, 3, 3, 3, 3, 3, 3, 3, 3, 3, 3, 3, 3, 3, 3, 3, 3, 3, 3, 3, 3, 3, 3, 3, 3, 3, 3, 3, 3, 3, 3, 3, 3, 3, 3, 3, 3, 3, 3, 3, 3, 3, 3, 3, 3, 3, 3, 3, 3, 3, 3, 3, 3, 3, 3, 3, 3, 3, 3, 3, 3, 3, 3, 3, 3, 3, 3, 3, 3, 3, 3, 3, 3, 3, 3, 3, 3, 3, 3, 3, 3, 3, 3, 3, 3, 3, 3, 3, 3, 3, 3, 3, 3, 3, 3, 3, 3, 3, 3, 3, 3, 3, 3, 3, 3, 3, 3, 3, 3, 3, 3, 3, 3, 3, 3, 3, 3, 3, 3, 3, 3, 3, 3, 3, 3, 3, 3, 3, 3, 3, 3, 3, 3, 3, 3, 3, 3, 3, 3, 3, 3, 3, 3, 3, 3, 3, 3, 3, 3, 3, 3, 3, 3, 3, 3, 3, 3, 3, 3, 3, 3, 3, 3, 3, 3, 3, 3, 3, 3, 3, 3, 3, 3, 3, 3, 3, 3, 3, 3, 3, 3, 3, 3, 3, 3, 3, 3, 3, 3, 3, 3, 3, 3, 3, 3, 3, 3, 3, 3, 3, 3, 3, 3, 3, 3, 3, 3, 3, 3, 3, 3, 3, 3, 3, 3, 3, 3, 3, 3, 3, 3, 3, 3, 3, 3, 3, 3, 3, 3, 3, 3, 3, 3, 3, 3, 3, 3, 3, 3, 3, 3, 3, 3, 3, 3, 3, 3, 3, 3, 3, 3, 3, 3, 3, 3, 3, 3, 3, 3, 3, 3, 3, 3, 3, 3, 3, 3, 3, 3, 3, 3, 3, 3, 3, 3, 3, 3, 3, 3, 3, 3, 3, 3, 3, 3, 3, 3, 3, 3, 3, 3, 3, 3, 3, 3, 3, 3, 3, 3, 3, 3, 3, 3, 3, 3, 3, 3, 3, 3, 3, 3, 3, 3, 3, 3, 3, 3, 3, 3, 3, 3, 3, 3, 3, 3, 3, 3, 3, 3, 3, 3, 3, 3, 3, 3, 3, 3, 3, 3, 3, 3, 3, 3, 3, 3, 3, 3, 3, 3, 3, 3, 3, 3, 3, 3, 3, 3, 3, 3, 3, 3, 3, 3, 3, 3, 3, 3, 3, 3, 3, 3, 3, 3, 3, 3, 3, 3, 3, 3, 3, 3, 3, 3, 3, 3, 3, 3, 3, 3, 3, 3, 3, 3, 3, 3, 3, 3, 3, 3, 3, 3, 3, 3, 3, 3, 3, 3, 3, 3, 3, 3, 3, 3, 3, 3, 3, 3, 3, 3, 3, 3, 3, 3, 3, 3, 3, 3, 3, 3, 3, 3, 3, 3, 3, 3, 3, 3, 3, 3, 3, 3, 3, 3, 3, 3, 3, 3, 3, 3, 3, 3, 3, 3, 3, 3, 3, 3, 3, 3, 3, 3, 3, 3, 3, 3, 3, 3, 3, 3, 3, 3, 3, 3, 3, 3, 3, 3, 3, 3, 3, 3, 3, 3, 3, 3, 3, 3, 3, 3, 3, 3, 3, 3, 3, 3, 3, 3, 3, 3, 3, 3, 3, 3, 3, 3, 3, 3, 3, 3, 3, 3, 3, 3, 3, 3, 3, 3, 3, 3, 3, 3, 3, 3, 3, 3, 3, 3, 3, 3, 3, 3, 3, 3, 3, 3, 3, 3, 3, 3, 3, 3, 3, 3, 3, 3, 3, 3, 3, 3, 3, 3, 3, 3, 3, 3, 3, 3, 3, 3, 3, 3, 3, 3, 3, 3, 3, 3, 3, 3, 3, 3, 3, 3, 3, 3, 3, 3, 3, 3, 3, 3, 3, 3, 3, 3, 3, 3, 3, 3, 3, 3, 3, 3, 3, 3, 3, 3, 3, 3, 3, 3, 3, 3, 3, 3, 3, 3, 3, 3, 3, 3, 3, 3, 3, 3, 3, 3, 3, 3, 3, 3, 3, 3, 3, 3, 3, 3, 3, 3, 3, 3, 3, 3, 3, 3, 3, 3, 3, 3, 3, 3, 3, 3, 3, 3, 3, 3, 3, 3, 3, 3, 3, 3, 3, 3, 3, 3, 3, 3, 3, 3, 3, 3, 3, 3, 3, 3, 3, 3, 3, 3, 3, 3, 3, 3, 3, 3, 3, 3, 3, 3, 3, 3, 3, 3, 3, 3, 3, 3, 3, 3, 3, 3, 3, 3, 3, 3, 3, 3, 3, 3, 3, 3, 3, 3, 3, 3, 3, 3, 3, 3, 3, 3, 3, 3, 3, 3, 3, 3, 3, 3, 3, 3, 3, 3, 3, 3, 3, 3, 3, 3, 3, 3, 3, 3, 3, 3, 3, 3, 3, 3, 3, 3, 3, 3, 3, 3, 3, 3, 3, 3, 3, 3, 3, 3, 3, 3, 3, 3, 3, 3, 3, 3, 3, 3, 3, 3, 3, 3, 3, 3, 3, 3, 3, 3, 3, 3, 3, 3, 3, 3, 3, 3, 3, 3, 3, 3, 3, 3, 3, 3, 3, 3, 3, 3, 3, 3, 3, 3, 3, 3, 3, 3, 3, 3, 3, 3, 3, 3, 3, 3, 3, 3, 3, 3, 3, 3, 3, 3, 3, 3, 3, 3, 3, 3, 3, 3, 3, 3, 3, 3, 3, 3, 3, 3, 3, 3, 3, 3, 3, 3, 3, 3, 3, 3, 3, 3, 3, 3, 3, 3, 3, 3, 3, 3, 3, 3, 3, 3, 3, 3, 3, 3, 3, 3, 3, 3, 3, 3, 3, 3, 3, 3, 3, 3, 3, 3, 3, 3, 3, 3, 3, 3, 3, 3, 3, 3, 3, 3, 3, 3, 3, 3, 3, 3, 3, 3, 3, 3, 3, 3, 3, 3, 3, 3, 3, 3, 3, 3, 3, 3, 3, 3, 3, 3, 3, 3, 3, 3, 3, 3, 3, 3, 3, 3, 3, 3, 3, 3, 3, 3, 3, 3, 3, 3, 3, 3, 3, 3, 3, 3, 3, 3, 3, 3, 3, 3, 3, 3, 3, 3, 3, 3, 3, 3, 3, 3, 3, 3, 3, 3, 3, 3, 3, 3, 3, 3, 3, 3, 3, 3, 3, 3, 3, 3, 3, 3, 3, 3, 3, 3, 3, 3, 3, 3, 3, 3, 3, 3, 3, 3, 3, 3, 3, 3, 3, 3, 3, 3, 3, 3, 3, 3, 3, 3, 3, 3, 3, 3, 3, 3, 3, 3, 3, 3, 3, 3, 3, 3, 3, 3, 3, 3, 3, 3, 3, 3, 3, 3, 3, 3, 3, 3, 3, 3, 3, 3, 3, 3, 3, 3, 3, 3, 3, 3, 3, 3, 3, 3, 3, 3, 3, 3, 3, 3, 3, 3, 3, 3, 3, 3, 3, 3, 3, 3, 3, 3, 3, 3, 3, 3, 3, 3, 3, 3, 3, 3, 3, 3, 3, 3, 3, 3, 3, 3, 3, 3, 3, 3, 3, 3, 3, 3, 3, 3, 3, 3, 3, 3, 3, 3, 3, 3, 3, 3, 3, 3, 3, 3, 3, 3, 3, 3, 3, 3, 3, 3, 3, 3, 3, 3, 3, 3, 3, 3, 3, 3, 3, 3, 3, 3, 3, 3, 3, 3, 3, 3, 3, 3, 3, 3, 3, 3, 3, 3, 3, 3, 3, 3, 3, 3, 3, 3, 3, 3, 3, 3, 3, 3, 3, 3, 3, 3, 3, 3, 3, 3, 3, 3, 3, 3, 3, 3, 3, 3, 3, 3, 3, 3, 3, 3, 3, 3, 3, 3, 3, 3, 3, 3, 3, 3, 3, 3, 3, 3, 3, 3, 3, 3, 3, 3, 3, 3, 3, 3, 3, 3, 3, 3, 3, 3, 3, 3, 3, 3, 3, 3, 3, 3, 3, 3, 3, 3, 3, 3, 3, 3, 3, 3, 3, 3, 3, 3, 3, 3, 3, 3, 3, 3, 3, 3, 3, 3, 3, 3, 3, 3, 3, 3, 3, 3, 3, 3, 3, 3, 3, 3, 3, 3, 3, 3, 3, 3, 3, 3, 3, 3, 3, 3, 3, 3, 3, 3, 3, 3, 3, 3, 3, 3, 3, 3, 3, 3, 3, 3, 3, 3, 3, 3, 3, 3, 3, 3, 3, 3, 3, 3, 3, 3, 3, 3, 3, 3, 3, 3, 3, 3, 3, 3, 3, 3, 3, 3, 3, 3, 3, 3, 3, 3, 3, 3, 3, 3, 3, 3, 3, 3, 3, 3, 3, 3, 3, 3, 3, 3, 3, 3, 3, 3, 3, 3, 3, 3, 3, 3, 3, 3, 3, 3, 3, 3, 3, 3, 3, 3, 3, 3, 3, 3, 3, 3, 3, 3, 3, 3, 3, 3, 3, 3, 3, 3, 3, 3, 3, 3, 3, 3, 3, 3, 3, 3, 3, 3, 3, 3, 3, 3, 3, 3, 3, 3, 3, 3, 3, 3, 3, 3, 3, 3, 3, 3, 3, 3, 3, 3, 3, 3, 3, 3, 3, 3, 3, 3, 3, 3, 3, 3, 3, 3, 3, 3, 3, 3, 3, 3, 3, 3, 3, 3, 3, 3, 3, 3, 3, 3, 3, 3, 3, 3, 3, 3, 3, 3, 3, 3, 3, 3, 3, 3, 3, 3, 3, 3, 3, 3, 3, 3, 3, 3, 3, 3, 3, 3, 3, 3, 3, 3, 3, 3, 3, 3, 3, 3, 3, 3, 3, 3, 3, 3, 3, 3, 3, 3, 3, 3, 3, 3, 3, 3, 3, 3, 3, 3, 3, 3, 3, 3, 3, 3, 3, 3, 3, 3, 3, 3, 3, 3, 3, 3, 3, 3, 3, 3, 3, 3, 3, 3, 3, 3, 3, 3, 3, 3, 3, 3, 3, 3, 3, 3, 3, 3, 3, 3, 3, 3, 3, 3, 3, 3, 3, 3, 3, 3, 3, 3, 3, 3, 3, 3, 3, 3, 3, 3, 3, 3, 3, 3, 3, 3, 3, 3, 3, 3, 3, 3, 3, 3, 3, 3, 3, 3, 3, 3, 3, 3, 3, 3, 3, 3, 3, 3, 3, 3, 3, 3, 3, 3, 3, 3, 3, 3, 3, 3, 3, 3, 3, 3, 3, 3, 3, 3, 3, 3, 3, 3, 3, 3, 3, 3, 3, 3, 3, 3, 3, 3, 3, 3, 3, 3, 3, 3, 3, 3, 3, 3, 3, 3, 3, 3, 3, 3, 3, 3, 3, 3, 3, 3, 3, 3, 3, 3, 3, 3, 3, 3, 3, 3, 3, 3, 3, 3, 3, 3, 3, 3, 3, 3, 3, 3, 3, 3, 3, 3, 3, 3, 3, 3, 3, 3, 3, 3, 3, 3, 3, 3, 3, 3, 3, 3, 3, 3, 3, 3, 3, 3, 3, 3, 3, 3, 3, 3, 3, 3, 3, 3, 3, 3, 3, 3, 3, 3, 3, 3, 3, 3, 3, 3, 3, 3, 3, 3, 3, 3, 3, 3, 3, 3, 3, 3, 3, 3, 3, 3, 3, 3, 3, 3, 3, 3, 3, 3, 3, 3, 3, 3, 3, 3, 3, 3, 3, 3, 3, 3, 3, 3, 3, 3, 3, 3, 3, 3, 3, 3, 3, 3, 3, 3, 3, 3, 3, 3, 3, 3, 3, 3, 3, 3, 3, 3, 3, 3, 3, 3, 3, 3, 3, 3, 3, 3, 3, 3, 3, 3, 3, 3, 3, 3, 3, 3, 3, 3, 3, 3, 3, 3, 3, 3, 3, 3, 3, 3, 3, 3, 3, 3, 3, 3, 3, 3, 3, 3, 3, 3, 3, 3, 3, 3, 3, 3, 3, 3, 3, 3, 3, 3, 3, 3, 3, 3, 3, 3, 3, 3, 3, 3, 3, 3, 3, 3, 3, 3, 3, 3, 3, 3, 3, 3, 3, 3, 3, 3, 3, 3, 3, 3, 3, 3, 3, 3, 3, 3, 3, 3, 3, 3, 3, 3, 3, 3, 3, 3, 3, 3, 3, 3, 3, 3, 3, 3, 3, 3, 3, 3, 3, 3, 3, 3, 3, 3, 3, 3, 3, 3, 3, 3, 3, 3, 3, 3, 3, 3, 3, 3, 3, 3, 3, 3, 3, 3, 3, 3, 3, 3, 3, 3, 3, 3, 3, 3, 3, 3, 3, 3, 3, 3, 3, 3, 3, 3, 3, 3, 3, 3, 3, 3, 3, 3, 3, 3, 3, 3, 3, 3, 3, 3, 3, 3, 3, 3, 3, 3, 3, 3, 3, 3, 3, 3, 3, 3, 3, 3, 3, 3, 3, 3, 3, 3, 3, 3, 3, 3, 3, 3, 3, 3, 3, 3, 3, 3, 3, 3, 3, 3, 3, 3, 3, 3, 3, 3, 3, 3, 3, 3, 3, 3, 3, 3, 3, 3, 3, 3, 3, 3, 3, 3, 3, 3, 3, 3, 3, 3, 3, 3, 3, 3, 3, 3, 3, 3, 3, 3, 3, 3, 3, 3, 3, 3, 3, 3, 3, 3, 3, 3, 3, 3, 3, 3, 3, 3, 3, 3, 3, 3, 3, 3, 3, 3, 3, 3, 3, 3, 3, 3, 3, 3, 3, 3, 3, 3, 3, 3, 3, 3, 3, 3, 3, 3, 3, 3, 3, 3, 3, 3, 3, 3, 3, 3, 3, 3, 3, 3, 3, 3, 3, 3, 3, 3, 3, 3, 3, 3, 3, 3, 3, 3, 3, 3, 3, 3, 3, 3, 3, 3, 3, 3, 3, 3, 3, 3, 3, 3, 3, 3, 3, 3, 3, 3, 3, 3, 3, 3, 3, 3, 3, 3, 3, 3, 3, 3, 3, 3, 3, 3, 3, 3, 3, 3, 3, 3, 3, 3, 3, 3, 3, 3, 3, 3, 3, 3, 3, 3, 3, 3, 3, 3, 3, 3, 3, 3, 3, 3, 3, 3, 3, 3, 3, 3, 3, 3, 3, 3, 3, 3, 3, 3, 3, 3, 3, 3, 3, 3, 3, 3, 3, 3, 3, 3, 3, 3, 3, 3, 3, 3, 3, 3, 3, 3, 3, 3, 3, 3, 3, 3, 3, 3, 3, 3, 3, 3, 3, 3, 3, 3, 3, 3, 3, 3, 3, 3, 3, 3, 3, 3, 3, 3, 3, 3, 3, 3, 3, 3, 3, 3, 3, 3, 3, 3, 3, 3, 3, 3, 3, 3, 3, 3, 3, 3, 3, 3, 3, 3, 3, 3, 3, 3, 3, 3, 3, 3, 3, 3, 3, 3, 3, 3, 3, 3, 3, 3, 3, 3, 3, 3, 3, 3, 3, 3, 3, 3, 3, 3, 3, 3, 3, 3, 3, 3, 3, 3, 3, 3, 3, 3, 3, 3, 3, 3, 3, 3, 3, 3, 3, 3, 3, 3, 3, 3, 3, 3, 3, 3, 3, 3, 3, 3, 3, 3, 3, 3, 3, 3, 3, 3, 3, 3, 3, 3, 3, 3, 3, 3, 3, 3, 3, 3, 3, 3, 3, 3, 3, 3, 3, 3, 3, 3, 3, 3, 3, 3, 3, 3, 3, 3, 3, 3, 3, 3, 3, 3, 3, 3, 3, 3, 3, 3, 3, 3, 3, 3, 3, 3, 3, 3, 3, 3, 3, 3, 3, 3, 3, 3, 3, 3, 3, 3, 3, 3, 3, 3, 3, 3, 3, 3, 3, 3, 3, 3, 3, 3, 3, 3, 3, 3, 3, 3, 3, 3, 3, 3, 3, 3, 3, 3, 3, 3, 3, 3, 3, 3, 3, 3, 3, 3, 3, 3, 3, 3, 3, 3, 3, 3, 3, 3, 3, 3, 3, 3, 3, 3, 3, 3, 3, 3, 3, 3, 3, 3, 3, 3, 3, 3, 3, 3, 3, 3, 3, 3, 3, 3, 3, 3, 3]
            int[] faceVertexIndices = [58, 0, 1, 1, 2, 58, 2, 3, 58, 3, 4, 58, 4, 5, 58, 5, 6, 58, 6, 7, 58, 7, 8, 58, 8, 9, 58, 9, 10, 58, 10, 11, 58, 11, 12, 58, 12, 13, 58, 13, 14, 58, 14, 15, 58, 15, 16, 58, 16, 17, 58, 17, 18, 58, 18, 19, 58, 19, 20, 58, 20, 21, 58, 21, 22, 58, 22, 23, 58, 23, 24, 58, 24, 25, 58, 25, 26, 58, 26, 27, 58, 27, 28, 58, 28, 29, 58, 29, 30, 58, 30, 31, 58, 31, 32, 58, 32, 33, 58, 33, 34, 58, 34, 35, 58, 35, 36, 58, 36, 37, 58, 37, 38, 58, 38, 39, 58, 39, 40, 58, 40, 41, 58, 41, 42, 58, 42, 43, 58, 43, 44, 58, 44, 45, 58, 45, 46, 58, 46, 47, 58, 47, 48, 58, 48, 49, 58, 49, 50, 58, 50, 51, 58, 51, 52, 58, 52, 53, 58, 53, 54, 58, 54, 55, 58, 55, 56, 58, 56, 57, 58, 57, 0, 58, 59, 28, 27, 60, 27, 26, 61, 26, 25, 62, 25, 24, 63, 24, 23, 64, 23, 22, 65, 22, 21, 66, 21, 20, 67, 20, 19, 68, 19, 18, 69, 18, 17, 70, 17, 16, 71, 16, 15, 72, 15, 14, 73, 14, 13, 74, 13, 12, 75, 12, 11, 76, 11, 10, 77, 10, 9, 78, 9, 8, 79, 8, 7, 80, 7, 6, 81, 6, 5, 82, 5, 4, 83, 4, 3, 84, 3, 2, 85, 2, 1, 86, 1, 0, 87, 0, 57, 88, 57, 56, 89, 56, 55, 90, 55, 54, 91, 54, 53, 92, 53, 52, 93, 52, 51, 94, 51, 50, 95, 50, 49, 96, 49, 48, 97, 48, 47, 98, 47, 46, 99, 46, 45, 100, 45, 44, 101, 44, 43, 102, 43, 42, 103, 42, 41, 104, 41, 40, 105, 40, 39, 106, 39, 38, 107, 38, 37, 108, 37, 36, 109, 36, 35, 110, 35, 34, 111, 34, 33, 112, 33, 32, 113, 32, 31, 114, 31, 30, 115, 30, 29, 116, 29, 28, 28, 59, 116, 29, 116, 115, 30, 115, 114, 31, 114, 113, 32, 113, 112, 33, 112, 111, 34, 111, 110, 35, 110, 109, 36, 109, 108, 37, 108, 107, 38, 107, 106, 39, 106, 105, 40, 105, 104, 41, 104, 103, 42, 103, 102, 43, 102, 101, 44, 101, 100, 45, 100, 99, 46, 99, 98, 47, 98, 97, 48, 97, 96, 49, 96, 95, 50, 95, 94, 51, 94, 93, 52, 93, 92, 53, 92, 91, 54, 91, 90, 55, 90, 89, 56, 89, 88, 57, 88, 87, 0, 87, 86, 1, 86, 85, 2, 85, 84, 3, 84, 83, 4, 83, 82, 5, 82, 81, 6, 81, 80, 7, 80, 79, 8, 79, 78, 9, 78, 77, 10, 77, 76, 11, 76, 75, 12, 75, 74, 13, 74, 73, 14, 73, 72, 15, 72, 71, 16, 71, 70, 17, 70, 69, 18, 69, 68, 19, 68, 67, 20, 67, 66, 21, 66, 65, 22, 65, 64, 23, 64, 63, 24, 63, 62, 25, 62, 61, 26, 61, 60, 27, 60, 59, 117, 59, 60, 118, 60, 61, 119, 61, 62, 120, 62, 63, 121, 63, 64, 122, 64, 65, 123, 65, 66, 124, 66, 67, 125, 67, 68, 126, 68, 69, 127, 69, 70, 128, 70, 71, 129, 71, 72, 130, 72, 73, 131, 73, 74, 132, 74, 75, 133, 75, 76, 134, 76, 77, 135, 77, 78, 136, 78, 79, 137, 79, 80, 138, 80, 81, 139, 81, 82, 140, 82, 83, 141, 83, 84, 142, 84, 85, 143, 85, 86, 144, 86, 87, 145, 87, 88, 146, 88, 89, 147, 89, 90, 148, 90, 91, 149, 91, 92, 150, 92, 93, 151, 93, 94, 152, 94, 95, 153, 95, 96, 154, 96, 97, 155, 97, 98, 156, 98, 99, 157, 99, 100, 158, 100, 101, 159, 101, 102, 160, 102, 103, 161, 103, 104, 162, 104, 105, 163, 105, 106, 164, 106, 107, 165, 107, 108, 166, 108, 109, 167, 109, 110, 168, 110, 111, 169, 111, 112, 170, 112, 113, 171, 113, 114, 172, 114, 115, 173, 115, 116, 174, 116, 59, 59, 117, 174, 116, 174, 173, 115, 173, 172, 114, 172, 171, 113, 171, 170, 112, 170, 169, 111, 169, 168, 110, 168, 167, 109, 167, 166, 108, 166, 165, 107, 165, 164, 106, 164, 163, 105, 163, 162, 104, 162, 161, 103, 161, 160, 102, 160, 159, 101, 159, 158, 100, 158, 157, 99, 157, 156, 98, 156, 155, 97, 155, 154, 96, 154, 153, 95, 153, 152, 94, 152, 151, 93, 151, 150, 92, 150, 149, 91, 149, 148, 90, 148, 147, 89, 147, 146, 88, 146, 145, 87, 145, 144, 86, 144, 143, 85, 143, 142, 84, 142, 141, 83, 141, 140, 82, 140, 139, 81, 139, 138, 80, 138, 137, 79, 137, 136, 78, 136, 135, 77, 135, 134, 76, 134, 133, 75, 133, 132, 74, 132, 131, 73, 131, 130, 72, 130, 129, 71, 129, 128, 70, 128, 127, 69, 127, 126, 68, 126, 125, 67, 125, 124, 66, 124, 123, 65, 123, 122, 64, 122, 121, 63, 121, 120, 62, 120, 119, 61, 119, 118, 60, 118, 117, 856, 131, 132, 856, 127, 128, 857, 134, 135, 857, 132, 133, 856, 130, 131, 128, 129, 856, 858, 162, 163, 858, 859, 160, 859, 157, 158, 857, 136, 137, 133, 134, 857, 129, 130, 856, 856, 125, 126, 858, 165, 166, 163, 164, 858, 160, 161, 858, 158, 159, 859, 859, 155, 156, 135, 136, 857, 126, 127, 856, 164, 165, 858, 159, 160, 859, 859, 154, 155, 859, 150, 151, 857, 138, 139, 132, 857, 856, 856, 118, 119, 858, 171, 172, 858, 167, 168, 161, 162, 858, 859, 153, 154, 151, 152, 859, 137, 138, 857, 856, 123, 124, 856, 121, 122, 119, 120, 856, 856, 858, 117, 858, 170, 171, 166, 167, 858, 152, 153, 859, 124, 125, 856, 120, 121, 856, 858, 174, 117, 858, 169, 170, 156, 157, 859, 857, 140, 141, 122, 123, 856, 858, 173, 174, 168, 169, 858, 139, 140, 857, 172, 173, 858, 859, 147, 148, 117, 118, 856, 148, 149, 859, 857, 144, 145, 857, 142, 143, 149, 150, 859, 859, 857, 146, 143, 144, 857, 146, 147, 859, 141, 142, 857, 857, 175, 176, 860, 177, 178, 176, 860, 857, 860, 179, 177, 176, 180, 860, 180, 179, 860, 857, 181, 182, 857, 183, 175, 857, 184, 181, 860, 185, 186, 182, 183, 857, 857, 187, 188, 857, 189, 190, 859, 861, 191, 178, 185, 860, 188, 192, 857, 857, 193, 194, 857, 195, 189, 859, 196, 197, 861, 198, 191, 192, 184, 857, 190, 193, 857, 857, 859, 199, 859, 200, 201, 859, 202, 203, 197, 204, 859, 861, 205, 198, 861, 206, 207, 861, 208, 209, 860, 210, 211, 194, 187, 857, 859, 212, 199, 201, 213, 859, 204, 202, 859, 207, 205, 861, 861, 214, 208, 861, 215, 216, 186, 210, 860, 213, 212, 859, 859, 217, 218, 191, 196, 859, 861, 219, 214, 216, 220, 861, 199, 195, 857, 859, 221, 222, 203, 217, 859, 220, 219, 861, 222, 200, 859, 209, 206, 861, 860, 223, 224, 218, 221, 859, 861, 225, 226, 211, 223, 860, 226, 227, 861, 860, 228, 229, 860, 230, 231, 227, 215, 861, 861, 860, 232, 231, 228, 860, 232, 225, 861, 224, 230, 860, 862, 233, 234, 862, 235, 236, 860, 237, 238, 862, 239, 233, 862, 238, 235, 860, 240, 237, 236, 239, 862, 860, 241, 240, 860, 242, 243, 862, 244, 245, 238, 862, 860, 860, 246, 242, 861, 863, 247, 245, 248, 862, 243, 241, 860, 861, 249, 250, 863, 251, 247, 862, 252, 253, 234, 244, 862, 861, 254, 249, 861, 255, 256, 863, 257, 251, 863, 258, 259, 862, 260, 252, 860, 261, 246, 860, 262, 263, 256, 254, 861, 259, 257, 863, 863, 264, 265, 863, 266, 267, 248, 260, 862, 860, 268, 262, 861, 269, 270, 247, 255, 861, 267, 264, 863, 263, 261, 860, 860, 861, 271, 270, 272, 861, 265, 258, 863, 863, 273, 274, 863, 275, 276, 860, 277, 268, 271, 278, 860, 861, 279, 280, 861, 281, 269, 274, 266, 863, 863, 282, 275, 863, 862, 283, 862, 284, 285, 278, 277, 860, 861, 286, 279, 250, 281, 861, 863, 287, 282, 283, 288, 863, 862, 289, 290, 253, 284, 862, 272, 286, 861, 288, 287, 863, 285, 289, 862, 276, 273, 863, 280, 271, 861, 861, 291, 292, 292, 293, 861, 861, 294, 291, 293, 295, 861, 859, 296, 294, 294, 861, 859, 861, 297, 298, 861, 299, 300, 298, 301, 861, 863, 302, 303, 863, 861, 304, 861, 305, 299, 861, 306, 307, 301, 308, 861, 303, 309, 863, 300, 304, 861, 861, 310, 306, 308, 311, 861, 863, 312, 313, 863, 314, 302, 863, 315, 316, 307, 305, 861, 311, 317, 861, 309, 312, 863, 863, 318, 315, 863, 319, 320, 317, 310, 861, 863, 321, 314, 316, 322, 863, 304, 319, 863, 863, 323, 321, 320, 318, 863, 863, 324, 323, 863, 325, 326, 863, 327, 328, 322, 329, 863, 326, 324, 863, 329, 327, 863, 328, 325, 863, 864, 313, 330, 331, 332, 333, 333, 334, 331, 331, 335, 336, 337, 338, 339, 336, 332, 331, 339, 340, 337, 337, 341, 342, 864, 343, 341, 340, 331, 337, 341, 337, 864, 342, 338, 337, 864, 344, 345, 864, 346, 347, 345, 348, 864, 864, 337, 349, 348, 346, 864, 349, 350, 864, 337, 351, 352, 353, 354, 355, 353, 356, 357, 864, 358, 344, 337, 359, 349, 337, 360, 351, 361, 362, 363, 362, 364, 365, 353, 366, 354, 357, 367, 353, 353, 863, 368, 863, 369, 370, 350, 358, 864, 352, 371, 337, 372, 360, 337, 373, 374, 375, 376, 361, 377, 365, 363, 362, 367, 366, 353, 368, 378, 353, 863, 379, 369, 371, 359, 337, 375, 372, 373, 374, 376, 380, 363, 377, 361, 381, 382, 383, 353, 384, 356, 863, 385, 368, 370, 386, 863, 863, 387, 388, 863, 864, 389, 337, 373, 372, 377, 380, 376, 382, 390, 383, 382, 355, 391, 378, 384, 353, 388, 379, 863, 863, 392, 393, 864, 394, 389, 864, 395, 396, 380, 375, 374, 397, 398, 399, 398, 381, 400, 391, 390, 382, 386, 385, 863, 863, 401, 402, 863, 403, 404, 389, 392, 863, 864, 405, 406, 864, 407, 408, 347, 395, 864, 364, 409, 410, 409, 411, 412, 413, 397, 414, 400, 399, 398, 355, 382, 353, 404, 401, 863, 406, 394, 864, 396, 407, 864, 412, 410, 409, 411, 413, 415, 399, 414, 397, 402, 387, 863, 408, 405, 864, 415, 412, 411, 383, 400, 381, 410, 365, 364, 393, 403, 863, 863, 416, 417, 863, 418, 419, 863, 420, 421, 419, 416, 863, 417, 420, 863, 863, 422, 418, 421, 423, 863, 862, 424, 425, 423, 426, 863, 863, 353, 427, 862, 428, 424, 863, 429, 422, 427, 430, 863, 862, 431, 428, 862, 432, 433, 862, 863, 434, 863, 435, 429, 863, 436, 437, 430, 438, 863, 433, 431, 862, 434, 439, 862, 863, 440, 435, 438, 436, 863, 439, 432, 862, 437, 440, 863, 426, 434, 863, 862, 441, 442, 862, 443, 444, 442, 445, 862, 446, 447, 448, 449, 450, 451, 452, 453, 450, 445, 443, 862, 448, 862, 446, 446, 454, 455, 456, 457, 458, 459, 460, 457, 461, 451, 460, 450, 449, 452, 462, 463, 464, 465, 466, 463, 862, 467, 441, 446, 468, 447, 446, 469, 454, 470, 471, 472, 457, 456, 459, 451, 461, 449, 473, 474, 475, 476, 477, 474, 463, 462, 465, 478, 479, 466, 448, 467, 862, 455, 480, 446, 446, 481, 482, 472, 481, 470, 460, 459, 461, 483, 475, 453, 474, 473, 476, 484, 485, 477, 486, 464, 485, 466, 465, 478, 480, 468, 446, 482, 487, 446, 472, 488, 481, 489, 490, 491, 492, 493, 490, 494, 495, 493, 496, 458, 495, 453, 452, 483, 477, 476, 484, 464, 486, 462, 478, 497, 498, 862, 499, 500, 487, 469, 446, 488, 501, 481, 490, 489, 492, 495, 494, 496, 475, 483, 473, 498, 479, 478, 478, 502, 503, 500, 478, 862, 862, 504, 505, 501, 482, 481, 506, 507, 508, 509, 491, 507, 493, 492, 494, 485, 484, 486, 478, 510, 511, 478, 512, 513, 500, 502, 478, 862, 514, 515, 862, 516, 517, 444, 504, 862, 518, 519, 471, 520, 521, 519, 522, 508, 523, 507, 506, 509, 458, 496, 456, 513, 510, 478, 515, 499, 862, 505, 516, 862, 519, 518, 520, 524, 523, 521, 508, 522, 506, 511, 497, 478, 517, 514, 862, 521, 520, 524, 491, 509, 489, 471, 470, 518, 503, 512, 478, 862, 525, 526, 862, 527, 528, 860, 529, 530, 862, 531, 532, 526, 533, 862, 528, 534, 862, 862, 478, 535, 530, 536, 860, 532, 860, 862, 862, 537, 525, 862, 538, 539, 535, 527, 862, 860, 540, 529, 860, 541, 542, 860, 543, 544, 862, 545, 531, 533, 546, 862, 862, 547, 538, 862, 548, 549, 534, 550, 862, 860, 551, 540, 860, 552, 541, 860, 553, 543, 546, 545, 862, 549, 547, 862, 550, 554, 862, 542, 551, 860, 532, 553, 860, 539, 555, 862, 554, 556, 862, 544, 552, 860, 556, 548, 862, 555, 537, 862, 860, 557, 558, 860, 559, 560, 560, 557, 860, 860, 561, 562, 860, 563, 564, 562, 559, 860, 860, 565, 566, 860, 567, 568, 857, 569, 570, 857, 571, 572, 860, 573, 574, 558, 563, 860, 568, 565, 860, 857, 575, 569, 857, 576, 577, 572, 578, 857, 857, 860, 579, 574, 580, 860, 566, 561, 860, 857, 581, 575, 857, 582, 583, 578, 576, 857, 580, 579, 860, 564, 584, 860, 583, 581, 857, 857, 585, 586, 579, 571, 857, 584, 587, 860, 586, 582, 857, 587, 573, 860, 577, 585, 857, 856, 588, 589, 856, 590, 588, 856, 591, 590, 856, 592, 591, 856, 593, 594, 594, 592, 856, 856, 595, 596, 856, 857, 597, 856, 598, 593, 856, 599, 600, 856, 601, 595, 597, 602, 856, 600, 598, 856, 602, 601, 856, 596, 599, 856, 603, 604, 605, 606, 603, 607, 605, 608, 603, 603, 609, 610, 603, 611, 612, 603, 606, 613, 614, 615, 616, 607, 617, 606, 610, 604, 603, 612, 618, 603, 613, 619, 603, 617, 614, 606, 618, 609, 603, 616, 606, 614, 619, 611, 603, 620, 621, 622, 623, 624, 625, 624, 623, 620, 621, 626, 627, 628, 629, 630, 629, 631, 632, 622, 624, 620, 627, 633, 621, 634, 628, 635, 632, 630, 629, 636, 637, 638, 637, 639, 640, 633, 622, 621, 641, 642, 626, 641, 643, 644, 641, 645, 646, 856, 647, 645, 634, 648, 649, 630, 635, 628, 650, 651, 652, 651, 653, 654, 640, 638, 637, 639, 655, 656, 626, 621, 641, 641, 657, 643, 645, 641, 856, 658, 659, 660, 661, 662, 663, 635, 648, 634, 631, 650, 664, 654, 652, 651, 653, 665, 666, 665, 636, 667, 656, 640, 639, 655, 603, 668, 623, 669, 670, 644, 642, 641, 646, 671, 641, 856, 672, 658, 661, 673, 674, 663, 675, 661, 674, 676, 677, 674, 634, 678, 664, 632, 631, 666, 654, 653, 638, 667, 636, 603, 679, 668, 603, 623, 680, 670, 681, 623, 671, 657, 641, 856, 682, 683, 856, 684, 672, 856, 685, 686, 661, 687, 673, 675, 688, 661, 678, 676, 674, 652, 664, 650, 668, 656, 655, 603, 689, 690, 623, 691, 680, 625, 669, 623, 856, 692, 693, 683, 694, 856, 686, 684, 856, 856, 695, 696, 688, 687, 661, 634, 697, 678, 667, 666, 665, 603, 698, 699, 603, 700, 701, 680, 689, 603, 623, 702, 703, 693, 647, 856, 694, 704, 856, 696, 685, 856, 705, 658, 662, 674, 706, 707, 649, 697, 634, 701, 698, 603, 703, 691, 623, 704, 692, 856, 660, 856, 658, 674, 707, 661, 699, 679, 603, 681, 702, 623, 658, 705, 659, 677, 706, 674, 660, 682, 856, 690, 700, 603, 856, 708, 709, 709, 858, 856, 856, 710, 711, 711, 708, 856, 709, 712, 858, 712, 713, 858, 858, 714, 715, 858, 716, 717, 856, 718, 710, 856, 719, 720, 856, 641, 721, 858, 722, 723, 858, 724, 714, 717, 725, 858, 856, 726, 718, 856, 727, 728, 720, 729, 856, 721, 730, 856, 858, 731, 722, 858, 732, 733, 725, 724, 858, 856, 734, 726, 728, 735, 856, 730, 719, 856, 858, 736, 731, 715, 732, 858, 856, 737, 734, 729, 727, 856, 733, 736, 858, 735, 737, 856, 713, 716, 858, 738, 739, 740, 738, 741, 742, 738, 743, 744, 738, 745, 746, 742, 739, 738, 738, 747, 743, 748, 749, 750, 748, 738, 751, 740, 745, 738, 738, 752, 753, 738, 748, 747, 751, 749, 748, 753, 741, 738, 750, 754, 748, 744, 752, 738, 755, 756, 757, 757, 758, 755, 759, 760, 761, 761, 755, 759, 759, 762, 760, 758, 759, 755, 759, 763, 762, 764, 765, 766, 766, 762, 764, 764, 767, 765, 763, 764, 762, 768, 767, 769, 769, 770, 768, 767, 771, 772, 767, 773, 769, 772, 774, 767, 767, 775, 776, 858, 777, 778, 777, 779, 780, 774, 773, 767, 776, 781, 767, 775, 782, 783, 858, 784, 785, 780, 778, 777, 786, 787, 788, 789, 790, 791, 767, 792, 771, 775, 793, 776, 775, 794, 782, 858, 795, 796, 778, 784, 858, 777, 797, 798, 777, 786, 799, 786, 791, 787, 791, 786, 789, 768, 800, 801, 781, 792, 767, 783, 802, 775, 803, 804, 805, 806, 807, 808, 858, 809, 795, 858, 810, 811, 812, 858, 813, 858, 814, 815, 777, 816, 779, 777, 817, 797, 788, 799, 786, 738, 818, 790, 768, 819, 820, 801, 821, 768, 802, 793, 775, 803, 822, 804, 808, 823, 806, 806, 824, 825, 811, 809, 858, 813, 826, 812, 858, 827, 814, 798, 816, 777, 789, 738, 790, 738, 828, 829, 820, 738, 768, 770, 800, 768, 775, 830, 831, 805, 775, 803, 825, 807, 806, 806, 832, 803, 812, 810, 858, 858, 833, 827, 799, 817, 777, 738, 834, 835, 738, 836, 837, 820, 828, 738, 768, 838, 839, 831, 794, 775, 805, 840, 775, 803, 824, 806, 858, 841, 813, 785, 833, 858, 837, 834, 738, 839, 819, 768, 840, 830, 775, 823, 842, 806, 843, 806, 842, 796, 844, 858, 835, 818, 738, 821, 838, 768, 842, 812, 843, 815, 841, 858, 832, 822, 803, 829, 836, 738, 859, 845, 846, 846, 847, 859, 859, 848, 845, 859, 858, 844, 844, 848, 859, 849, 850, 851, 852, 846, 853, 849, 854, 850, 853, 855, 852, 855, 849, 852, 851, 852, 849, 852, 847, 846, 847, 296, 859, 826, 843, 812, 764, 775, 767, 746, 768, 738, 723, 777, 858, 662, 661, 705, 608, 623, 603, 589, 695, 856, 570, 597, 857, 536, 567, 860, 523, 524, 522, 425, 446, 862, 414, 415, 413, 334, 337, 331, 330, 343, 864, 313, 864, 863, 295, 297, 861, 290, 283, 862, 229, 232, 860, 145, 146, 857, 294, 865, 866, 291, 866, 867, 292, 867, 868, 293, 868, 869, 870, 298, 297, 297, 869, 870, 298, 870, 871, 301, 871, 872, 872, 308, 301, 871, 301, 298, 297, 295, 869, 869, 295, 293, 868, 293, 292, 867, 292, 291, 866, 291, 294, 873, 874, 875, 876, 877, 878, 875, 879, 873, 880, 881, 882, 878, 883, 876, 884, 877, 876, 879, 885, 886, 873, 887, 874, 880, 888, 889, 882, 890, 880, 891, 892, 893, 894, 895, 896, 876, 879, 884, 879, 897, 885, 875, 898, 879, 873, 899, 900, 901, 902, 903, 904, 905, 902, 906, 907, 908, 909, 910, 907, 890, 888, 880, 911, 912, 881, 913, 914, 915, 916, 917, 914, 891, 918, 892, 891, 919, 920, 921, 922, 923, 922, 924, 925, 895, 926, 896, 876, 927, 928, 886, 884, 879, 900, 887, 873, 929, 903, 930, 902, 901, 904, 931, 932, 933, 934, 935, 932, 907, 906, 909, 936, 937, 910, 938, 939, 940, 939, 941, 942, 943, 944, 945, 944, 946, 947, 948, 949, 912, 881, 880, 911, 950, 951, 952, 953, 954, 951, 955, 915, 954, 914, 913, 916, 956, 957, 958, 959, 960, 957, 891, 961, 962, 891, 963, 964, 920, 918, 891, 923, 965, 921, 925, 966, 922, 967, 968, 969, 967, 970, 971, 972, 973, 974, 975, 976, 977, 978, 979, 980, 979, 981, 982, 895, 983, 926, 928, 895, 876, 898, 897, 879, 984, 985, 986, 903, 929, 901, 987, 933, 905, 932, 931, 934, 988, 989, 935, 990, 908, 989, 910, 909, 936, 991, 992, 937, 993, 994, 992, 995, 996, 997, 998, 938, 999, 942, 940, 939, 1000, 1001, 1002, 1001, 1003, 1004, 947, 945, 944, 946, 1005, 1006, 1007, 1008, 1009, 1008, 1010, 1011, 1012, 1013, 1014, 1012, 1015, 1016, 1012, 1017, 1018, 1012, 1019, 1020, 889, 1021, 880, 1022, 1023, 1024, 1025, 1026, 1027, 1028, 1029, 1026, 951, 950, 953, 915, 955, 913, 1030, 1031, 1032, 1033, 1034, 1031, 957, 956, 959, 1035, 1036, 960, 964, 961, 891, 893, 1037, 891, 965, 1038, 921, 922, 1039, 924, 969, 1040, 967, 971, 1041, 967, 975, 1042, 972, 977, 1043, 975, 975, 1044, 1045, 1044, 1046, 1047, 982, 980, 979, 981, 1048, 1049, 895, 1050, 983, 883, 927, 876, 984, 1051, 985, 1052, 1053, 1054, 1055, 1056, 1053, 905, 904, 987, 935, 934, 988, 908, 990, 906, 992, 991, 993, 997, 1057, 995, 1058, 1059, 1060, 1058, 1061, 1062, 1058, 1063, 1064, 940, 999, 938, 941, 1000, 1065, 1004, 1002, 1001, 1003, 1066, 1067, 1066, 943, 1068, 1006, 947, 946, 1005, 1007, 1069, 1011, 1009, 1008, 1016, 1013, 1012, 1020, 1017, 1012, 912, 911, 948, 1021, 1070, 1071, 1021, 1022, 1072, 1022, 1073, 1023, 1074, 1027, 1073, 1026, 1025, 1028, 954, 953, 955, 1075, 1032, 917, 1031, 1030, 1033, 1076, 1077, 1034, 1078, 958, 1077, 960, 959, 1035, 1037, 963, 891, 921, 1079, 1080, 966, 923, 922, 922, 1081, 1082, 967, 1083, 1084, 967, 1085, 1086, 1041, 968, 967, 1043, 1042, 975, 1047, 1045, 1044, 1046, 1087, 1088, 1087, 978, 1089, 1049, 982, 981, 1048, 1090, 1091, 1090, 1092, 1093, 1094, 1095, 1096, 1095, 1097, 1098, 1097, 1099, 1100, 1099, 894, 1101, 928, 1050, 895, 873, 1102, 1103, 1102, 873, 1104, 1105, 1106, 1107, 986, 1105, 984, 1108, 1109, 1110, 1053, 1052, 1055, 1111, 1112, 1056, 1113, 1114, 1115, 1116, 930, 1114, 933, 987, 931, 937, 936, 991, 1117, 1118, 1119, 1117, 1120, 1121, 1057, 1122, 995, 1062, 1059, 1058, 1064, 1123, 1058, 1065, 942, 941, 1067, 1004, 1003, 945, 1068, 943, 1009, 1069, 1007, 1010, 1124, 1125, 1124, 1126, 1127, 1128, 1129, 1130, 1129, 1131, 1132, 1131, 1133, 1134, 1018, 1015, 1012, 1021, 1135, 880, 1072, 1070, 1021, 1024, 1136, 1022, 1027, 1074, 1025, 1137, 1138, 1029, 1139, 1140, 1138, 917, 916, 1075, 1034, 1033, 1076, 958, 1078, 956, 1035, 1141, 1142, 1082, 1143, 1144, 1082, 1145, 1146, 921, 1147, 891, 1038, 1079, 921, 1082, 1148, 922, 970, 1149, 1150, 970, 922, 921, 967, 1151, 1083, 1040, 1085, 967, 1152, 1153, 1154, 1155, 1084, 1156, 975, 1157, 976, 1088, 1047, 1046, 980, 1089, 978, 1093, 1091, 1090, 1092, 1158, 1159, 1158, 1160, 1161, 1160, 1162, 1163, 1162, 1164, 1165, 1164, 1166, 1167, 1166, 1094, 1168, 1098, 1096, 1095, 1101, 1100, 1099, 1103, 899, 873, 1104, 1169, 1170, 1104, 1171, 1172, 986, 1106, 1105, 984, 1173, 1174, 1175, 984, 1108, 1108, 1176, 1109, 1108, 1177, 1178, 1056, 1055, 1111, 1179, 1115, 1112, 1114, 1113, 1116, 989, 988, 990, 1117, 1180, 1181, 1121, 1118, 1117, 1182, 1183, 1063, 995, 1184, 1183, 995, 1185, 1186, 1122, 1187, 995, 1123, 1061, 1058, 1002, 1065, 1000, 1069, 1006, 1005, 1127, 1125, 1124, 1126, 1188, 1189, 1132, 1130, 1129, 1134, 1190, 1131, 1020, 1191, 1192, 1193, 1194, 1012, 1195, 949, 1196, 1195, 1197, 1198, 1071, 1135, 1021, 1073, 1022, 1074, 1138, 1137, 1139, 1199, 1200, 1140, 1201, 1202, 1203, 1204, 1205, 1202, 1206, 1207, 1205, 1208, 952, 1207, 1032, 1075, 1030, 1142, 1036, 1035, 1146, 1143, 1082, 962, 921, 891, 1148, 1039, 922, 921, 1149, 970, 1086, 1151, 967, 1209, 1210, 1211, 1212, 1154, 1213, 1154, 1214, 1152, 1215, 1216, 1153, 1084, 1217, 1218, 1084, 1219, 1220, 1084, 1155, 1221, 1156, 1222, 1155, 1223, 1224, 1225, 975, 974, 1224, 1045, 1157, 975, 1091, 1049, 1048, 1161, 1159, 1158, 1165, 1163, 1162, 1168, 1167, 1166, 1100, 1098, 1097, 1104, 1170, 1102, 1104, 1226, 1171, 1227, 1228, 1229, 984, 1230, 1051, 984, 1175, 1173, 1110, 1231, 1108, 1177, 1232, 1178, 1112, 1111, 1179, 930, 1116, 929, 1233, 1234, 994, 1235, 1236, 1234, 868, 1237, 1238, 1119, 1180, 1117, 1183, 1182, 995, 1187, 1185, 995, 1060, 1239, 1240, 1060, 998, 1241, 1068, 1067, 1066, 1189, 1127, 1126, 1190, 1132, 1131, 1020, 1242, 1191, 1193, 1243, 1194, 1244, 1245, 1193, 1246, 1247, 1244, 1248, 1249, 1250, 1195, 1251, 949, 1198, 1252, 1195, 1136, 1072, 1022, 1140, 1139, 1199, 1253, 1254, 1255, 1256, 1203, 1254, 1202, 1201, 1204, 1207, 1206, 1208, 1077, 1076, 1078, 1144, 1035, 1082, 1080, 1147, 921, 1084, 1257, 967, 1211, 1257, 1209, 1154, 1212, 1214, 1153, 1258, 1215, 1259, 1260, 1216, 1261, 1262, 1263, 1264, 1156, 1262, 1084, 1265, 1217, 1221, 1219, 1084, 1156, 1266, 1222, 1225, 1267, 1223, 1224, 1268, 975, 1089, 1088, 1087, 1163, 1161, 1160, 1096, 1168, 1094, 1172, 1169, 1104, 1229, 1105, 1227, 1105, 1269, 1270, 1174, 1230, 984, 1178, 1176, 1108, 1271, 1272, 1273, 1274, 1275, 1276, 1277, 1278, 1275, 1279, 1280, 1278, 1281, 1054, 1280, 1115, 1179, 1113, 1234, 1233, 1235, 1282, 1283, 1236, 870, 1238, 872, 1238, 869, 868, 866, 1284, 1237, 1120, 1285, 1284, 996, 1286, 1117, 1186, 1184, 995, 1241, 1239, 1060, 998, 1287, 1288, 1125, 1011, 1010, 1188, 1289, 1290, 1289, 1291, 1292, 1131, 1192, 1133, 1020, 1293, 1242, 1014, 1193, 1012, 1193, 1294, 1244, 1246, 1295, 1296, 1244, 1294, 1246, 1250, 1297, 1248, 1195, 1298, 1299, 1252, 1251, 1195, 949, 1300, 1301, 1029, 1028, 1137, 1302, 1303, 1200, 1304, 1305, 1303, 1306, 1255, 1307, 1254, 1253, 1256, 1205, 1204, 1206, 1144, 1141, 1035, 891, 1308, 919, 1211, 967, 1257, 1153, 1152, 1258, 1216, 1309, 1259, 1263, 1310, 1261, 1262, 1311, 1264, 1218, 1257, 1084, 1156, 1264, 1266, 1312, 1225, 1313, 1225, 1314, 1267, 1224, 1315, 1268, 1159, 1093, 1092, 896, 1101, 894, 973, 1316, 1317, 879, 1318, 1319, 879, 1320, 1321, 1270, 1227, 1105, 1108, 1231, 1175, 1177, 1322, 1323, 1273, 1177, 1271, 1324, 1325, 1272, 1326, 1276, 1325, 1275, 1274, 1277, 1280, 1279, 1281, 994, 993, 1233, 1282, 1327, 1283, 1282, 1328, 1329, 1282, 1229, 1330, 1238, 870, 869, 1237, 867, 866, 1284, 865, 1120, 1181, 996, 1117, 995, 1331, 1332, 1333, 1334, 1335, 1063, 1336, 1182, 1063, 1058, 1337, 998, 1338, 1241, 999, 1287, 998, 1292, 1290, 1289, 1291, 1339, 1340, 1341, 1342, 1343, 1342, 1344, 1345, 1344, 1346, 1347, 1346, 1128, 1348, 1192, 1131, 1020, 1245, 1243, 1193, 1294, 1295, 1246, 1246, 1335, 1349, 1248, 1350, 1249, 1196, 1298, 1195, 948, 1300, 949, 1303, 1302, 1304, 1351, 1307, 1305, 1255, 1306, 1253, 952, 1208, 950, 1150, 971, 970, 1209, 1299, 1352, 1216, 1215, 1309, 1353, 1263, 1260, 1262, 1261, 1311, 1220, 1265, 1084, 1225, 1312, 1314, 1224, 1354, 1315, 1167, 1165, 1164, 1226, 1104, 973, 973, 1355, 1356, 973, 1357, 1358, 973, 972, 1316, 879, 1359, 1318, 879, 1360, 1361, 879, 1218, 1320, 1229, 1362, 1363, 1107, 1269, 1105, 1273, 1322, 1177, 1325, 1324, 1326, 1278, 1277, 1279, 1236, 1235, 1282, 1330, 1328, 1282, 1237, 868, 867, 1117, 1285, 1120, 1332, 996, 995, 995, 1364, 1365, 1335, 995, 1333, 1337, 1336, 1063, 1288, 1338, 998, 1340, 1292, 1291, 1366, 1367, 1368, 1367, 1341, 1369, 1345, 1343, 1342, 1348, 1347, 1346, 1019, 1293, 1020, 1349, 1247, 1246, 1370, 1371, 1372, 1373, 1249, 1374, 1297, 1375, 1248, 1350, 1376, 1197, 1301, 1196, 949, 1305, 1304, 1351, 1203, 1256, 1201, 1352, 1210, 1209, 1260, 1259, 1353, 1218, 879, 1257, 1224, 1223, 1354, 879, 1377, 873, 1356, 1378, 973, 1317, 1357, 973, 1319, 1379, 879, 1321, 1360, 879, 1363, 1380, 1229, 1323, 1232, 1177, 1276, 1326, 1274, 1329, 1327, 1282, 1284, 866, 865, 1365, 1331, 995, 1182, 1333, 995, 1290, 1189, 1188, 1339, 1366, 1381, 1369, 1368, 1367, 1347, 1345, 1344, 1296, 1382, 1246, 1370, 1383, 1371, 1384, 1374, 1385, 1374, 1386, 1373, 1375, 1387, 1248, 1350, 1248, 1376, 1200, 1199, 1302, 1081, 1145, 1082, 1263, 1353, 1310, 974, 975, 972, 1358, 1355, 973, 1361, 1359, 879, 984, 1388, 1389, 984, 1390, 1391, 1228, 1362, 1229, 1054, 1281, 1052, 1332, 1286, 996, 995, 984, 1392, 1335, 1393, 1394, 1060, 1240, 1058, 1368, 1381, 1366, 1130, 1348, 1128, 1370, 1395, 1383, 1370, 1246, 1382, 1374, 1384, 1386, 1249, 1396, 1250, 1299, 1209, 1195, 1213, 1397, 1212, 973, 1378, 1226, 1379, 1398, 879, 1389, 1399, 984, 1391, 1400, 984, 984, 1401, 1402, 1272, 1271, 1324, 1392, 1364, 995, 1334, 1393, 1335, 1343, 1369, 1341, 1382, 1395, 1370, 1248, 1387, 1403, 1249, 1373, 1396, 1307, 1351, 1306, 1398, 1377, 879, 984, 1404, 1388, 1402, 1390, 984, 1380, 1330, 1229, 1394, 1349, 1335, 1372, 1248, 1370, 1385, 1405, 1384, 1313, 1406, 1312, 1399, 1407, 984, 1105, 1401, 984, 1381, 1340, 1339, 1197, 1195, 1350, 1400, 1404, 984, 1403, 1370, 1248, 872, 871, 870, 1407, 1392, 984, 634, 1035, 959, 628, 959, 956, 629, 956, 1078, 631, 1078, 1076, 650, 1076, 1033, 651, 1033, 1030, 653, 1030, 1075, 665, 1075, 916, 636, 916, 913, 637, 913, 955, 639, 955, 953, 953, 950, 603, 950, 607, 603, 607, 950, 1208, 617, 1208, 1206, 614, 1206, 1204, 615, 1204, 1201, 616, 1201, 1256, 606, 1256, 1253, 613, 1253, 1306, 619, 1306, 1351, 611, 1351, 1304, 612, 1304, 1302, 618, 1302, 1199, 609, 1199, 1139, 610, 1139, 1137, 604, 1137, 1028, 605, 1028, 1025, 1074, 620, 623, 623, 1025, 1074, 620, 1074, 1022, 1022, 621, 620, 623, 608, 1025, 1025, 608, 605, 1028, 605, 604, 1137, 604, 610, 1139, 610, 609, 1199, 609, 618, 1302, 618, 612, 1304, 612, 611, 1351, 611, 619, 1306, 619, 613, 1253, 613, 606, 1256, 606, 616, 1201, 616, 615, 1204, 615, 614, 1206, 614, 617, 1208, 617, 607, 603, 655, 953, 953, 655, 639, 955, 639, 637, 913, 637, 636, 916, 636, 665, 1075, 665, 653, 1030, 653, 651, 1033, 651, 650, 1076, 650, 631, 1078, 631, 629, 956, 629, 628, 959, 628, 634, 634, 674, 1082, 1082, 1035, 634, 569, 1041, 971, 971, 1150, 597, 1150, 602, 597, 602, 1150, 1149, 601, 1149, 921, 595, 921, 962, 596, 962, 961, 599, 961, 964, 600, 964, 963, 598, 963, 1037, 593, 1037, 893, 594, 893, 892, 592, 892, 918, 591, 918, 920, 590, 920, 919, 588, 919, 1308, 891, 696, 695, 695, 1308, 891, 695, 589, 1308, 1308, 589, 588, 919, 588, 590, 920, 590, 591, 918, 591, 592, 892, 592, 594, 893, 594, 593, 1037, 593, 598, 963, 598, 600, 964, 600, 599, 961, 599, 596, 962, 596, 595, 921, 595, 601, 1149, 601, 602, 597, 570, 971, 971, 570, 569, 529, 1222, 1266, 530, 1266, 1264, 1264, 1311, 567, 1311, 568, 567, 568, 1311, 1261, 565, 1261, 1310, 566, 1310, 1353, 561, 1353, 1259, 562, 1259, 1309, 559, 1309, 1215, 560, 1215, 1258, 557, 1258, 1152, 558, 1152, 1214, 563, 1214, 1212, 564, 1212, 1397, 584, 1397, 1213, 1213, 587, 584, 1397, 584, 564, 1212, 564, 563, 1214, 563, 558, 1152, 558, 557, 1258, 557, 560, 1215, 560, 559, 1309, 559, 562, 1259, 562, 561, 1353, 561, 566, 1310, 566, 565, 1261, 565, 568, 567, 536, 1264, 1264, 536, 530, 1266, 530, 529, 525, 1379, 1319, 526, 1319, 1318, 1318, 533, 526, 1319, 526, 525, 1313, 1225, 556, 556, 554, 1313, 481, 895, 894, 470, 894, 1099, 518, 1099, 1097, 520, 1097, 1095, 524, 1095, 1094, 522, 1094, 1166, 506, 1166, 1164, 509, 1164, 1162, 489, 1162, 1160, 492, 1160, 1158, 494, 1158, 1092, 496, 1092, 1090, 456, 1090, 1048, 459, 1048, 981, 461, 981, 979, 449, 979, 978, 452, 978, 1087, 483, 1087, 1046, 473, 1046, 1044, 476, 1044, 975, 484, 975, 1268, 486, 1268, 1315, 462, 1315, 1354, 1354, 1223, 478, 1223, 535, 478, 535, 1223, 1267, 527, 1267, 1314, 528, 1314, 1312, 534, 1312, 1406, 550, 1406, 1313, 1313, 554, 550, 1406, 550, 534, 1312, 534, 528, 1314, 528, 527, 1267, 527, 535, 478, 465, 1354, 1354, 465, 462, 1315, 462, 486, 1268, 486, 484, 975, 484, 476, 1044, 476, 473, 1046, 473, 483, 1087, 483, 452, 978, 452, 449, 979, 449, 461, 981, 461, 459, 1048, 459, 456, 1090, 456, 496, 1092, 496, 494, 1158, 494, 492, 1160, 492, 489, 1162, 489, 509, 1164, 509, 506, 1166, 506, 522, 1094, 522, 524, 1095, 524, 520, 1097, 520, 518, 1099, 518, 470, 894, 470, 481, 895, 481, 446, 446, 876, 895, 446, 425, 876, 422, 1375, 1297, 418, 1297, 1250, 419, 1250, 1396, 416, 1396, 1373, 417, 1373, 1386, 420, 1386, 1384, 421, 1384, 1405, 423, 1405, 1385, 1385, 426, 423, 1405, 423, 421, 1384, 421, 420, 1386, 420, 417, 1373, 417, 416, 1396, 416, 419, 1250, 419, 418, 1297, 418, 422, 1177, 1108, 353, 1108, 427, 353, 353, 382, 1177, 314, 1282, 1235, 302, 1235, 1233, 303, 1233, 993, 309, 993, 991, 936, 330, 313, 313, 991, 936, 909, 341, 343, 343, 936, 909, 341, 909, 906, 342, 906, 990, 338, 990, 988, 339, 988, 934, 340, 934, 931, 331, 931, 987, 335, 987, 904, 336, 904, 901, 332, 901, 929, 333, 929, 1116, 1116, 1113, 337, 1113, 373, 337, 373, 1113, 1179, 374, 1179, 1111, 376, 1111, 1055, 361, 1055, 1052, 362, 1052, 1281, 364, 1281, 1279, 409, 1279, 1277, 411, 1277, 1274, 413, 1274, 1326, 397, 1326, 1324, 398, 1324, 1271, 381, 1271, 1177, 1177, 382, 381, 1271, 381, 398, 1324, 398, 397, 1326, 397, 413, 1274, 413, 411, 1277, 411, 409, 1279, 409, 364, 1281, 364, 362, 1052, 362, 361, 1055, 361, 376, 1111, 376, 374, 1179, 374, 373, 337, 334, 1116, 1116, 334, 333, 929, 333, 332, 901, 332, 336, 904, 336, 335, 987, 335, 331, 931, 331, 340, 934, 340, 339, 988, 339, 338, 990, 338, 342, 906, 342, 341, 343, 330, 936, 313, 312, 991, 991, 312, 309, 993, 309, 303, 1233, 303, 302, 1235, 302, 314, 1282, 314, 321, 321, 1229, 1282, 315, 1399, 1389, 316, 1389, 1388, 1388, 322, 316, 1389, 316, 315, 1122, 1057, 844, 1057, 848, 844, 848, 1057, 997, 996, 853, 846, 846, 997, 996, 853, 996, 1181, 855, 1181, 1180, 849, 1180, 1119, 854, 1119, 1118, 850, 1118, 1121, 851, 1121, 1120, 1120, 852, 851, 1121, 851, 850, 1118, 850, 854, 1119, 854, 849, 1180, 849, 855, 1181, 855, 853, 846, 845, 997, 997, 845, 848, 844, 796, 1122, 1060, 803, 775, 775, 998, 1060, 775, 764, 998, 786, 1131, 1129, 1129, 1128, 738, 1128, 751, 738, 751, 1128, 1346, 749, 1346, 1344, 750, 1344, 1342, 754, 1342, 1341, 748, 1341, 1367, 747, 1367, 1366, 743, 1366, 1339, 744, 1339, 1291, 752, 1291, 1289, 753, 1289, 1188, 741, 1188, 1126, 742, 1126, 1124, 739, 1124, 1010, 740, 1010, 1008, 745, 1008, 1007, 1007, 1005, 767, 767, 768, 1007, 1005, 765, 767, 765, 1005, 946, 766, 946, 944, 762, 944, 943, 760, 943, 1066, 761, 1066, 1003, 755, 1003, 1001, 756, 1001, 1000, 757, 1000, 941, 758, 941, 939, 759, 939, 938, 763, 938, 998, 998, 764, 763, 938, 763, 759, 939, 759, 758, 941, 758, 757, 1000, 757, 756, 1001, 756, 755, 1003, 755, 761, 1066, 761, 760, 943, 760, 762, 944, 762, 766, 946, 766, 765, 768, 746, 1007, 1007, 746, 745, 1008, 745, 740, 1010, 740, 739, 1124, 739, 742, 1126, 742, 741, 1188, 741, 753, 1289, 753, 752, 1291, 752, 744, 1339, 744, 743, 1366, 743, 747, 1367, 747, 748, 1341, 748, 754, 1342, 754, 750, 1344, 750, 749, 1346, 749, 751, 738, 789, 1129, 1129, 789, 786, 1131, 786, 777, 777, 1020, 1131, 777, 723, 1020, 710, 1376, 1248, 711, 1248, 1372, 708, 1372, 1371, 709, 1371, 1383, 712, 1383, 1395, 1395, 713, 712, 1383, 712, 709, 1371, 709, 708, 1372, 708, 711, 1248, 711, 710, 1022, 1021, 641, 1021, 721, 641, 641, 621, 1022, 730, 721, 1021, 719, 730, 889, 720, 719, 888, 729, 720, 890, 727, 729, 882, 728, 727, 881, 735, 728, 912, 737, 735, 949, 734, 737, 1251, 726, 734, 1252, 718, 726, 1198, 710, 718, 1197, 1197, 1376, 710, 1198, 1197, 718, 1252, 1198, 726, 1251, 1252, 734, 949, 1251, 737, 912, 949, 735, 881, 912, 728, 882, 881, 727, 890, 882, 729, 888, 890, 720, 889, 888, 719, 1021, 889, 730, 716, 713, 1395, 717, 716, 1382, 725, 717, 1296, 724, 725, 1295, 714, 724, 1294, 715, 714, 1193, 732, 715, 1014, 733, 732, 1013, 736, 733, 1016, 731, 736, 1015, 722, 731, 1018, 723, 722, 1017, 1017, 1020, 723, 1018, 1017, 722, 1015, 1018, 731, 1016, 1015, 736, 1013, 1016, 733, 1014, 1013, 732, 1193, 1014, 715, 1294, 1193, 714, 1295, 1294, 724, 1296, 1295, 725, 1382, 1296, 717, 1395, 1382, 716, 685, 696, 891, 686, 685, 1147, 684, 686, 1080, 672, 684, 1079, 658, 672, 1038, 662, 658, 965, 663, 662, 923, 675, 663, 966, 688, 675, 925, 687, 688, 924, 673, 687, 1039, 674, 673, 1148, 1148, 1082, 674, 1039, 1148, 673, 924, 1039, 687, 925, 924, 688, 966, 925, 675, 923, 966, 663, 965, 923, 662, 1038, 965, 658, 1079, 1038, 672, 1080, 1079, 684, 1147, 1080, 686, 891, 1147, 685, 824, 803, 1060, 825, 824, 1059, 807, 825, 1062, 808, 807, 1061, 823, 808, 1123, 842, 823, 1064, 812, 842, 1063, 810, 812, 1183, 811, 810, 1184, 809, 811, 1186, 795, 809, 1185, 796, 795, 1187, 1187, 1122, 796, 1185, 1187, 795, 1186, 1185, 809, 1184, 1186, 811, 1183, 1184, 810, 1063, 1183, 812, 1064, 1063, 842, 1123, 1064, 823, 1061, 1123, 808, 1062, 1061, 807, 1059, 1062, 825, 1060, 1059, 824, 430, 427, 1108, 438, 430, 984, 436, 438, 995, 437, 436, 1335, 440, 437, 1246, 435, 440, 1370, 429, 435, 1403, 422, 429, 1387, 1387, 1375, 422, 1403, 1387, 429, 1370, 1403, 435, 1246, 1370, 440, 1335, 1246, 437, 995, 1335, 436, 984, 995, 438, 1108, 984, 430, 434, 426, 1385, 439, 434, 1374, 432, 439, 1249, 433, 432, 1350, 431, 433, 1195, 428, 431, 1209, 424, 428, 1257, 425, 424, 879, 879, 876, 425, 1257, 879, 424, 1209, 1257, 428, 1195, 1209, 431, 1350, 1195, 433, 1249, 1350, 432, 1374, 1249, 439, 1385, 1374, 434, 548, 556, 1225, 549, 548, 1224, 547, 549, 974, 538, 547, 973, 539, 538, 1104, 555, 539, 873, 537, 555, 1377, 525, 537, 1398, 1398, 1379, 525, 1377, 1398, 537, 873, 1377, 555, 1104, 873, 539, 973, 1104, 538, 974, 973, 547, 1224, 974, 549, 1225, 1224, 548, 1155, 1222, 529, 1221, 1155, 540, 1219, 1221, 551, 1220, 1219, 542, 1265, 1220, 541, 1217, 1265, 552, 1218, 1217, 544, 1320, 1218, 543, 1321, 1320, 553, 1360, 1321, 532, 1361, 1360, 531, 1359, 1361, 545, 1318, 1359, 546, 546, 533, 1318, 545, 546, 1359, 531, 545, 1361, 532, 531, 1360, 553, 532, 1321, 543, 553, 1320, 544, 543, 1218, 552, 544, 1217, 541, 552, 1265, 542, 541, 1220, 551, 542, 1219, 540, 551, 1221, 529, 540, 1155, 329, 322, 1388, 327, 329, 1404, 328, 327, 1400, 325, 328, 1391, 326, 325, 1390, 324, 326, 1402, 323, 324, 1401, 321, 323, 1105, 1105, 1229, 321, 1401, 1105, 323, 1402, 1401, 324, 1390, 1402, 326, 1391, 1390, 325, 1400, 1391, 328, 1404, 1400, 327, 1388, 1404, 329, 1407, 1399, 315, 1392, 1407, 318, 1364, 1392, 320, 1365, 1364, 319, 1331, 1365, 304, 1332, 1331, 300, 1286, 1332, 299, 1117, 1286, 305, 1285, 1117, 307, 1284, 1285, 306, 1237, 1284, 310, 1238, 1237, 317, 872, 1238, 311, 311, 308, 872, 317, 311, 1238, 310, 317, 1237, 306, 310, 1284, 307, 306, 1285, 305, 307, 1117, 299, 305, 1286, 300, 299, 1332, 304, 300, 1331, 319, 304, 1365, 320, 319, 1364, 318, 320, 1392, 315, 318, 1407, 968, 1041, 569, 969, 968, 575, 1040, 969, 581, 1085, 1040, 583, 1086, 1085, 582, 1151, 1086, 586, 1083, 1151, 585, 1084, 1083, 577, 1156, 1084, 576, 1262, 1156, 578, 1263, 1262, 572, 1260, 1263, 571, 1216, 1260, 579, 1153, 1216, 580, 1154, 1153, 574, 1213, 1154, 573, 573, 587, 1213, 574, 573, 1154, 580, 574, 1153, 579, 580, 1216, 571, 579, 1260, 572, 571, 1263, 578, 572, 1262, 576, 578, 1156, 577, 576, 1084, 585, 577, 1083, 586, 585, 1151, 582, 586, 1086, 583, 582, 1085, 581, 583, 1040, 575, 581, 969, 569, 575, 968, 1120, 296, 847, 865, 294, 296, 296, 1120, 865, 847, 852, 1120, 412, 415, 1275, 410, 412, 1278, 365, 410, 1280, 363, 365, 1054, 377, 363, 1053, 380, 377, 1056, 375, 380, 1112, 372, 375, 1115, 360, 372, 1114, 351, 360, 930, 352, 351, 903, 371, 352, 902, 359, 371, 905, 349, 359, 933, 350, 349, 932, 358, 350, 935, 344, 358, 989, 345, 344, 908, 348, 345, 907, 346, 348, 910, 347, 346, 937, 395, 347, 992, 396, 395, 994, 407, 396, 1234, 408, 407, 1236, 405, 408, 1283, 406, 405, 1327, 394, 406, 1329, 389, 394, 1328, 392, 389, 1330, 393, 392, 1380, 403, 393, 1363, 404, 403, 1362, 401, 404, 1228, 402, 401, 1227, 387, 402, 1270, 388, 387, 1269, 379, 388, 1107, 369, 379, 1106, 370, 369, 986, 386, 370, 985, 385, 386, 1051, 368, 385, 1230, 378, 368, 1174, 384, 378, 1173, 356, 384, 1175, 357, 356, 1231, 367, 357, 1110, 366, 367, 1109, 354, 366, 1176, 355, 354, 1178, 391, 355, 1232, 390, 391, 1323, 383, 390, 1322, 400, 383, 1273, 399, 400, 1272, 414, 399, 1325, 415, 414, 1276, 1276, 1275, 415, 1325, 1276, 414, 1272, 1325, 399, 1273, 1272, 400, 1322, 1273, 383, 1323, 1322, 390, 1232, 1323, 391, 1178, 1232, 355, 1176, 1178, 354, 1109, 1176, 366, 1110, 1109, 367, 1231, 1110, 357, 1175, 1231, 356, 1173, 1175, 384, 1174, 1173, 378, 1230, 1174, 368, 1051, 1230, 385, 985, 1051, 386, 986, 985, 370, 1106, 986, 369, 1107, 1106, 379, 1269, 1107, 388, 1270, 1269, 387, 1227, 1270, 402, 1228, 1227, 401, 1362, 1228, 404, 1363, 1362, 403, 1380, 1363, 393, 1330, 1380, 392, 1328, 1330, 389, 1329, 1328, 394, 1327, 1329, 406, 1283, 1327, 405, 1236, 1283, 408, 1234, 1236, 407, 994, 1234, 396, 992, 994, 395, 937, 992, 347, 910, 937, 346, 907, 910, 348, 908, 907, 345, 989, 908, 344, 935, 989, 358, 932, 935, 350, 933, 932, 349, 905, 933, 359, 902, 905, 371, 903, 902, 352, 930, 903, 351, 1114, 930, 360, 1115, 1114, 372, 1112, 1115, 375, 1056, 1112, 380, 1053, 1056, 377, 1054, 1053, 363, 1280, 1054, 365, 1278, 1280, 410, 1275, 1278, 412, 521, 523, 1096, 519, 521, 1098, 471, 519, 1100, 472, 471, 1101, 488, 472, 896, 501, 488, 926, 482, 501, 983, 487, 482, 1050, 469, 487, 928, 454, 469, 927, 455, 454, 883, 480, 455, 878, 468, 480, 877, 447, 468, 884, 448, 447, 886, 467, 448, 885, 441, 467, 897, 442, 441, 898, 445, 442, 875, 443, 445, 874, 444, 443, 887, 504, 444, 900, 505, 504, 899, 516, 505, 1103, 517, 516, 1102, 514, 517, 1170, 515, 514, 1169, 499, 515, 1172, 500, 499, 1171, 502, 500, 1226, 503, 502, 1378, 512, 503, 1356, 513, 512, 1355, 510, 513, 1358, 511, 510, 1357, 497, 511, 1317, 498, 497, 1316, 479, 498, 972, 466, 479, 1042, 463, 466, 1043, 464, 463, 977, 485, 464, 976, 477, 485, 1157, 474, 477, 1045, 475, 474, 1047, 453, 475, 1088, 450, 453, 1089, 451, 450, 980, 460, 451, 982, 457, 460, 1049, 458, 457, 1091, 495, 458, 1093, 493, 495, 1159, 490, 493, 1161, 491, 490, 1163, 507, 491, 1165, 508, 507, 1167, 523, 508, 1168, 1168, 1096, 523, 1167, 1168, 508, 1165, 1167, 507, 1163, 1165, 491, 1161, 1163, 490, 1159, 1161, 493, 1093, 1159, 495, 1091, 1093, 458, 1049, 1091, 457, 982, 1049, 460, 980, 982, 451, 1089, 980, 450, 1088, 1089, 453, 1047, 1088, 475, 1045, 1047, 474, 1157, 1045, 477, 976, 1157, 485, 977, 976, 464, 1043, 977, 463, 1042, 1043, 466, 972, 1042, 479, 1316, 972, 498, 1317, 1316, 497, 1357, 1317, 511, 1358, 1357, 510, 1355, 1358, 513, 1356, 1355, 512, 1378, 1356, 503, 1226, 1378, 502, 1171, 1226, 500, 1172, 1171, 499, 1169, 1172, 515, 1170, 1169, 514, 1102, 1170, 517, 1103, 1102, 516, 899, 1103, 505, 900, 899, 504, 887, 900, 444, 874, 887, 443, 875, 874, 445, 898, 875, 442, 897, 898, 441, 885, 897, 467, 886, 885, 448, 884, 886, 447, 877, 884, 468, 878, 877, 480, 883, 878, 455, 927, 883, 454, 928, 927, 469, 1050, 928, 487, 983, 1050, 482, 926, 983, 501, 896, 926, 488, 1101, 896, 472, 1100, 1101, 471, 1098, 1100, 519, 1096, 1098, 521, 806, 843, 1182, 832, 806, 1336, 822, 832, 1337, 804, 822, 1058, 805, 804, 1240, 840, 805, 1239, 830, 840, 1241, 831, 830, 1338, 794, 831, 1288, 782, 794, 1287, 783, 782, 999, 802, 783, 940, 793, 802, 942, 776, 793, 1065, 781, 776, 1002, 792, 781, 1004, 771, 792, 1067, 772, 771, 1068, 774, 772, 945, 773, 774, 947, 769, 773, 1006, 770, 769, 1069, 800, 770, 1009, 801, 800, 1011, 821, 801, 1125, 838, 821, 1127, 839, 838, 1189, 819, 839, 1290, 820, 819, 1292, 828, 820, 1340, 829, 828, 1381, 836, 829, 1368, 837, 836, 1369, 834, 837, 1343, 835, 834, 1345, 818, 835, 1347, 790, 818, 1348, 791, 790, 1130, 787, 791, 1132, 788, 787, 1190, 799, 788, 1134, 817, 799, 1133, 797, 817, 1192, 798, 797, 1191, 816, 798, 1242, 779, 816, 1293, 780, 779, 1019, 778, 780, 1012, 784, 778, 1194, 785, 784, 1243, 833, 785, 1245, 827, 833, 1244, 814, 827, 1247, 815, 814, 1349, 841, 815, 1394, 813, 841, 1393, 826, 813, 1334, 843, 826, 1333, 1333, 1182, 843, 1334, 1333, 826, 1393, 1334, 813, 1394, 1393, 841, 1349, 1394, 815, 1247, 1349, 814, 1244, 1247, 827, 1245, 1244, 833, 1243, 1245, 785, 1194, 1243, 784, 1012, 1194, 778, 1019, 1012, 780, 1293, 1019, 779, 1242, 1293, 816, 1191, 1242, 798, 1192, 1191, 797, 1133, 1192, 817, 1134, 1133, 799, 1190, 1134, 788, 1132, 1190, 787, 1130, 1132, 791, 1348, 1130, 790, 1347, 1348, 818, 1345, 1347, 835, 1343, 1345, 834, 1369, 1343, 837, 1368, 1369, 836, 1381, 1368, 829, 1340, 1381, 828, 1292, 1340, 820, 1290, 1292, 819, 1189, 1290, 839, 1127, 1189, 838, 1125, 1127, 821, 1011, 1125, 801, 1009, 1011, 800, 1069, 1009, 770, 1006, 1069, 769, 947, 1006, 773, 945, 947, 774, 1068, 945, 772, 1067, 1068, 771, 1004, 1067, 792, 1002, 1004, 781, 1065, 1002, 776, 942, 1065, 793, 940, 942, 802, 999, 940, 783, 1287, 999, 782, 1288, 1287, 794, 1338, 1288, 831, 1241, 1338, 830, 1239, 1241, 840, 1240, 1239, 805, 1058, 1240, 804, 1337, 1058, 822, 1336, 1337, 832, 1182, 1336, 806, 659, 705, 970, 660, 659, 967, 682, 660, 1211, 683, 682, 1210, 694, 683, 1352, 704, 694, 1299, 692, 704, 1298, 693, 692, 1196, 647, 693, 1301, 645, 647, 1300, 646, 645, 948, 671, 646, 911, 657, 671, 880, 643, 657, 1135, 644, 643, 1071, 642, 644, 1070, 626, 642, 1072, 627, 626, 1136, 633, 627, 1024, 622, 633, 1023, 624, 622, 1073, 625, 624, 1027, 669, 625, 1026, 670, 669, 1029, 681, 670, 1138, 702, 681, 1140, 703, 702, 1200, 691, 703, 1303, 680, 691, 1305, 689, 680, 1307, 690, 689, 1255, 700, 690, 1254, 701, 700, 1203, 698, 701, 1202, 699, 698, 1205, 679, 699, 1207, 668, 679, 952, 656, 668, 951, 640, 656, 954, 638, 640, 915, 667, 638, 914, 666, 667, 917, 654, 666, 1032, 652, 654, 1031, 664, 652, 1034, 632, 664, 1077, 630, 632, 958, 635, 630, 957, 648, 635, 960, 649, 648, 1036, 697, 649, 1142, 678, 697, 1141, 676, 678, 1144, 677, 676, 1143, 706, 677, 1146, 707, 706, 1145, 661, 707, 1081, 705, 661, 922, 922, 970, 705, 1081, 922, 661, 1145, 1081, 707, 1146, 1145, 706, 1143, 1146, 677, 1144, 1143, 676, 1141, 1144, 678, 1142, 1141, 697, 1036, 1142, 649, 960, 1036, 648, 957, 960, 635, 958, 957, 630, 1077, 958, 632, 1034, 1077, 664, 1031, 1034, 652, 1032, 1031, 654, 917, 1032, 666, 914, 917, 667, 915, 914, 638, 954, 915, 640, 951, 954, 656, 952, 951, 668, 1207, 952, 679, 1205, 1207, 699, 1202, 1205, 698, 1203, 1202, 701, 1254, 1203, 700, 1255, 1254, 690, 1307, 1255, 689, 1305, 1307, 680, 1303, 1305, 691, 1200, 1303, 703, 1140, 1200, 702, 1138, 1140, 681, 1029, 1138, 670, 1026, 1029, 669, 1027, 1026, 625, 1073, 1027, 624, 1023, 1073, 622, 1024, 1023, 633, 1136, 1024, 627, 1072, 1136, 626, 1070, 1072, 642, 1071, 1070, 644, 1135, 1071, 643, 880, 1135, 657, 911, 880, 671, 948, 911, 646, 1300, 948, 645, 1301, 1300, 647, 1196, 1301, 693, 1298, 1196, 692, 1299, 1298, 704, 1352, 1299, 694, 1210, 1352, 683, 1211, 1210, 682, 967, 1211, 660, 970, 967, 659, 199, 1408, 1409, 195, 1409, 1410, 189, 1410, 1411, 190, 1411, 1412, 193, 1412, 1413, 194, 1413, 1414, 187, 1414, 1415, 188, 1415, 1416, 192, 1416, 1417, 184, 1417, 1418, 181, 1418, 1419, 182, 1419, 1420, 183, 1420, 1421, 175, 1421, 1422, 176, 1422, 1423, 180, 1423, 1424, 179, 1424, 1425, 177, 1425, 1426, 178, 1426, 1427, 185, 1427, 1428, 186, 1428, 1429, 210, 1429, 1430, 211, 1430, 1431, 223, 1431, 1432, 224, 1432, 1433, 230, 1433, 1434, 231, 1434, 1435, 228, 1435, 1436, 229, 1436, 1437, 232, 1437, 1438, 225, 1438, 1439, 226, 1439, 1440, 227, 1440, 1441, 215, 1441, 1442, 216, 1442, 1443, 220, 1443, 1444, 219, 1444, 1445, 214, 1445, 1446, 208, 1446, 1447, 209, 1447, 1448, 206, 1448, 1449, 207, 1449, 1450, 205, 1450, 1451, 198, 1451, 1452, 191, 1452, 1453, 196, 1453, 1454, 197, 1454, 1455, 204, 1455, 1456, 202, 1456, 1457, 203, 1457, 1458, 217, 1458, 1459, 218, 1459, 1460, 221, 1460, 1461, 222, 1461, 1462, 200, 1462, 1463, 201, 1463, 1464, 213, 1464, 1465, 212, 1465, 1408, 1408, 199, 212, 1465, 212, 213, 1464, 213, 201, 1463, 201, 200, 1462, 200, 222, 1461, 222, 221, 1460, 221, 218, 1459, 218, 217, 1458, 217, 203, 1457, 203, 202, 1456, 202, 204, 1455, 204, 197, 1454, 197, 196, 1453, 196, 191, 1452, 191, 198, 1451, 198, 205, 1450, 205, 207, 1449, 207, 206, 1448, 206, 209, 1447, 209, 208, 1446, 208, 214, 1445, 214, 219, 1444, 219, 220, 1443, 220, 216, 1442, 216, 215, 1441, 215, 227, 1440, 227, 226, 1439, 226, 225, 1438, 225, 232, 1437, 232, 229, 1436, 229, 228, 1435, 228, 231, 1434, 231, 230, 1433, 230, 224, 1432, 224, 223, 1431, 223, 211, 1430, 211, 210, 1429, 210, 186, 1428, 186, 185, 1427, 185, 178, 1426, 178, 177, 1425, 177, 179, 1424, 179, 180, 1423, 180, 176, 1422, 176, 175, 1421, 175, 183, 1420, 183, 182, 1419, 182, 181, 1418, 181, 184, 1417, 184, 192, 1416, 192, 188, 1415, 188, 187, 1414, 187, 194, 1413, 194, 193, 1412, 193, 190, 1411, 190, 189, 1410, 189, 195, 1409, 195, 199, 271, 1466, 1467, 278, 1467, 1468, 277, 1468, 1469, 268, 1469, 1470, 262, 1470, 1471, 263, 1471, 1472, 261, 1472, 1473, 246, 1473, 1474, 242, 1474, 1475, 243, 1475, 1476, 241, 1476, 1477, 240, 1477, 1478, 237, 1478, 1479, 238, 1479, 1480, 235, 1480, 1481, 236, 1481, 1482, 239, 1482, 1483, 233, 1483, 1484, 234, 1484, 1485, 244, 1485, 1486, 245, 1486, 1487, 248, 1487, 1488, 260, 1488, 1489, 252, 1489, 1490, 253, 1490, 1491, 284, 1491, 1492, 285, 1492, 1493, 289, 1493, 1494, 290, 1494, 1495, 283, 1495, 1496, 288, 1496, 1497, 287, 1497, 1498, 282, 1498, 1499, 275, 1499, 1500, 276, 1500, 1501, 273, 1501, 1502, 274, 1502, 1503, 266, 1503, 1504, 267, 1504, 1505, 264, 1505, 1506, 265, 1506, 1507, 258, 1507, 1508, 259, 1508, 1509, 257, 1509, 1510, 251, 1510, 1511, 247, 1511, 1512, 255, 1512, 1513, 256, 1513, 1514, 254, 1514, 1515, 249, 1515, 1516, 250, 1516, 1517, 281, 1517, 1518, 269, 1518, 1519, 270, 1519, 1520, 272, 1520, 1521, 286, 1521, 1522, 279, 1522, 1523, 280, 1523, 1466, 1466, 271, 280, 1523, 280, 279, 1522, 279, 286, 1521, 286, 272, 1520, 272, 270, 1519, 270, 269, 1518, 269, 281, 1517, 281, 250, 1516, 250, 249, 1515, 249, 254, 1514, 254, 256, 1513, 256, 255, 1512, 255, 247, 1511, 247, 251, 1510, 251, 257, 1509, 257, 259, 1508, 259, 258, 1507, 258, 265, 1506, 265, 264, 1505, 264, 267, 1504, 267, 266, 1503, 266, 274, 1502, 274, 273, 1501, 273, 276, 1500, 276, 275, 1499, 275, 282, 1498, 282, 287, 1497, 287, 288, 1496, 288, 283, 1495, 283, 290, 1494, 290, 289, 1493, 289, 285, 1492, 285, 284, 1491, 284, 253, 1490, 253, 252, 1489, 252, 260, 1488, 260, 248, 1487, 248, 245, 1486, 245, 244, 1485, 244, 234, 1484, 234, 233, 1483, 233, 239, 1482, 239, 236, 1481, 236, 235, 1480, 235, 238, 1479, 238, 237, 1478, 237, 240, 1477, 240, 241, 1476, 241, 243, 1475, 243, 242, 1474, 242, 246, 1473, 246, 261, 1472, 261, 263, 1471, 263, 262, 1470, 262, 268, 1469, 268, 277, 1468, 277, 278, 1467, 278, 271, 1466, 1524, 1525, 1467, 1525, 1526, 1468, 1526, 1527, 1469, 1527, 1528, 1470, 1528, 1529, 1471, 1529, 1530, 1472, 1530, 1531, 1473, 1531, 1532, 1474, 1532, 1533, 1475, 1533, 1534, 1476, 1534, 1535, 1477, 1535, 1536, 1478, 1536, 1537, 1479, 1537, 1538, 1480, 1538, 1539, 1481, 1539, 1540, 1482, 1540, 1541, 1483, 1541, 1542, 1484, 1542, 1543, 1485, 1543, 1544, 1486, 1544, 1545, 1487, 1545, 1546, 1488, 1546, 1547, 1489, 1547, 1548, 1490, 1548, 1549, 1491, 1549, 1550, 1492, 1550, 1551, 1493, 1551, 1552, 1494, 1552, 1553, 1495, 1553, 1554, 1496, 1554, 1555, 1497, 1555, 1556, 1498, 1556, 1557, 1499, 1557, 1558, 1500, 1558, 1559, 1501, 1559, 1560, 1502, 1560, 1561, 1503, 1561, 1562, 1504, 1562, 1563, 1505, 1563, 1564, 1506, 1564, 1565, 1507, 1565, 1566, 1508, 1566, 1567, 1509, 1567, 1568, 1510, 1568, 1569, 1511, 1569, 1570, 1512, 1570, 1571, 1513, 1571, 1572, 1514, 1572, 1573, 1515, 1573, 1574, 1516, 1574, 1575, 1517, 1575, 1576, 1518, 1576, 1577, 1519, 1577, 1578, 1520, 1578, 1579, 1521, 1579, 1580, 1522, 1580, 1581, 1523, 1581, 1524, 1524, 1466, 1523, 1581, 1523, 1522, 1580, 1522, 1521, 1579, 1521, 1520, 1578, 1520, 1519, 1577, 1519, 1518, 1576, 1518, 1517, 1575, 1517, 1516, 1574, 1516, 1515, 1573, 1515, 1514, 1572, 1514, 1513, 1571, 1513, 1512, 1570, 1512, 1511, 1569, 1511, 1510, 1568, 1510, 1509, 1567, 1509, 1508, 1566, 1508, 1507, 1565, 1507, 1506, 1564, 1506, 1505, 1563, 1505, 1504, 1562, 1504, 1503, 1561, 1503, 1502, 1560, 1502, 1501, 1559, 1501, 1500, 1558, 1500, 1499, 1557, 1499, 1498, 1556, 1498, 1497, 1555, 1497, 1496, 1554, 1496, 1495, 1553, 1495, 1494, 1552, 1494, 1493, 1551, 1493, 1492, 1550, 1492, 1491, 1549, 1491, 1490, 1548, 1490, 1489, 1547, 1489, 1488, 1546, 1488, 1487, 1545, 1487, 1486, 1544, 1486, 1485, 1543, 1485, 1484, 1542, 1484, 1483, 1541, 1483, 1482, 1540, 1482, 1481, 1539, 1481, 1480, 1538, 1480, 1479, 1537, 1479, 1478, 1536, 1478, 1477, 1535, 1477, 1476, 1534, 1476, 1475, 1533, 1475, 1474, 1532, 1474, 1473, 1531, 1473, 1472, 1530, 1472, 1471, 1529, 1471, 1470, 1528, 1470, 1469, 1527, 1469, 1468, 1526, 1468, 1467, 1525, 1467, 1466, 1582, 1552, 1551, 1551, 1550, 1582, 1550, 1549, 1582, 1549, 1548, 1582, 1548, 1547, 1582, 1547, 1546, 1582, 1546, 1545, 1582, 1545, 1544, 1582, 1544, 1543, 1582, 1543, 1542, 1582, 1542, 1541, 1582, 1541, 1540, 1582, 1540, 1539, 1582, 1539, 1538, 1582, 1538, 1537, 1582, 1537, 1536, 1582, 1536, 1535, 1582, 1535, 1534, 1582, 1534, 1533, 1582, 1533, 1532, 1582, 1532, 1531, 1582, 1531, 1530, 1582, 1530, 1529, 1582, 1529, 1528, 1582, 1528, 1527, 1582, 1527, 1526, 1582, 1526, 1525, 1582, 1525, 1524, 1582, 1524, 1581, 1582, 1581, 1580, 1582, 1580, 1579, 1582, 1579, 1578, 1582, 1578, 1577, 1582, 1577, 1576, 1582, 1576, 1575, 1582, 1575, 1574, 1582, 1574, 1573, 1582, 1573, 1572, 1582, 1572, 1571, 1582, 1571, 1570, 1582, 1570, 1569, 1582, 1569, 1568, 1582, 1568, 1567, 1582, 1567, 1566, 1582, 1566, 1565, 1582, 1565, 1564, 1582, 1564, 1563, 1582, 1563, 1562, 1582, 1562, 1561, 1582, 1561, 1560, 1582, 1560, 1559, 1582, 1559, 1558, 1582, 1558, 1557, 1582, 1557, 1556, 1582, 1556, 1555, 1582, 1555, 1554, 1582, 1554, 1553, 1582, 1553, 1552, 1582, 1408, 1583, 1584, 1409, 1584, 1585, 1410, 1585, 1586, 1411, 1586, 1587, 1412, 1587, 1588, 1413, 1588, 1589, 1414, 1589, 1590, 1415, 1590, 1591, 1416, 1591, 1592, 1417, 1592, 1593, 1418, 1593, 1594, 1419, 1594, 1595, 1420, 1595, 1596, 1421, 1596, 1597, 1422, 1597, 1598, 1423, 1598, 1599, 1424, 1599, 1600, 1425, 1600, 1601, 1426, 1601, 1602, 1427, 1602, 1603, 1428, 1603, 1604, 1429, 1604, 1605, 1430, 1605, 1606, 1431, 1606, 1607, 1432, 1607, 1608, 1433, 1608, 1609, 1434, 1609, 1610, 1435, 1610, 1611, 1436, 1611, 1612, 1437, 1612, 1613, 1438, 1613, 1614, 1439, 1614, 1615, 1440, 1615, 1616, 1441, 1616, 1617, 1442, 1617, 1618, 1443, 1618, 1619, 1444, 1619, 1620, 1445, 1620, 1621, 1446, 1621, 1622, 1447, 1622, 1623, 1448, 1623, 1624, 1449, 1624, 1625, 1450, 1625, 1626, 1451, 1626, 1627, 1452, 1627, 1628, 1453, 1628, 1629, 1454, 1629, 1630, 1455, 1630, 1631, 1456, 1631, 1632, 1457, 1632, 1633, 1458, 1633, 1634, 1459, 1634, 1635, 1460, 1635, 1636, 1461, 1636, 1637, 1462, 1637, 1638, 1463, 1638, 1639, 1464, 1639, 1640, 1465, 1640, 1583, 1583, 1408, 1465, 1640, 1465, 1464, 1639, 1464, 1463, 1638, 1463, 1462, 1637, 1462, 1461, 1636, 1461, 1460, 1635, 1460, 1459, 1634, 1459, 1458, 1633, 1458, 1457, 1632, 1457, 1456, 1631, 1456, 1455, 1630, 1455, 1454, 1629, 1454, 1453, 1628, 1453, 1452, 1627, 1452, 1451, 1626, 1451, 1450, 1625, 1450, 1449, 1624, 1449, 1448, 1623, 1448, 1447, 1622, 1447, 1446, 1621, 1446, 1445, 1620, 1445, 1444, 1619, 1444, 1443, 1618, 1443, 1442, 1617, 1442, 1441, 1616, 1441, 1440, 1615, 1440, 1439, 1614, 1439, 1438, 1613, 1438, 1437, 1612, 1437, 1436, 1611, 1436, 1435, 1610, 1435, 1434, 1609, 1434, 1433, 1608, 1433, 1432, 1607, 1432, 1431, 1606, 1431, 1430, 1605, 1430, 1429, 1604, 1429, 1428, 1603, 1428, 1427, 1602, 1427, 1426, 1601, 1426, 1425, 1600, 1425, 1424, 1599, 1424, 1423, 1598, 1423, 1422, 1597, 1422, 1421, 1596, 1421, 1420, 1595, 1420, 1419, 1594, 1419, 1418, 1593, 1418, 1417, 1592, 1417, 1416, 1591, 1416, 1415, 1590, 1415, 1414, 1589, 1414, 1413, 1588, 1413, 1412, 1587, 1412, 1411, 1586, 1411, 1410, 1585, 1410, 1409, 1584, 1409, 1408, 1641, 1611, 1610, 1610, 1609, 1641, 1609, 1608, 1641, 1608, 1607, 1641, 1607, 1606, 1641, 1606, 1605, 1641, 1605, 1604, 1641, 1604, 1603, 1641, 1603, 1602, 1641, 1602, 1601, 1641, 1601, 1600, 1641, 1600, 1599, 1641, 1599, 1598, 1641, 1598, 1597, 1641, 1597, 1596, 1641, 1596, 1595, 1641, 1595, 1594, 1641, 1594, 1593, 1641, 1593, 1592, 1641, 1592, 1591, 1641, 1591, 1590, 1641, 1590, 1589, 1641, 1589, 1588, 1641, 1588, 1587, 1641, 1587, 1586, 1641, 1586, 1585, 1641, 1585, 1584, 1641, 1584, 1583, 1641, 1583, 1640, 1641, 1640, 1639, 1641, 1639, 1638, 1641, 1638, 1637, 1641, 1637, 1636, 1641, 1636, 1635, 1641, 1635, 1634, 1641, 1634, 1633, 1641, 1633, 1632, 1641, 1632, 1631, 1641, 1631, 1630, 1641, 1630, 1629, 1641, 1629, 1628, 1641, 1628, 1627, 1641, 1627, 1626, 1641, 1626, 1625, 1641, 1625, 1624, 1641, 1624, 1623, 1641, 1623, 1622, 1641, 1622, 1621, 1641, 1621, 1620, 1641, 1620, 1619, 1641, 1619, 1618, 1641, 1618, 1617, 1641, 1617, 1616, 1641, 1616, 1615, 1641, 1615, 1614, 1641, 1614, 1613, 1641, 1613, 1612, 1641, 1612, 1611, 1641]
            point3f[] points = [(-0.0349375, 0.000463275, 0.01875), (-0.035011373, 0.0009141, 0.01875), (-0.035133626, 0.0013542001, 0.01875), (-0.035302676, 0.00177855, 0.01875), (-0.03551665, 0.0021821249, 0.01875), (-0.035773, 0.0025602, 0.01875), (-0.036068723, 0.002908425, 0.01875), (-0.036400374, 0.0032225251, 0.01875), (-0.036763974, 0.0034989747, 0.01875), (-0.037155397, 0.003734475, 0.01875), (-0.03757, 0.00392625, 0.01875), (-0.0380029, 0.004072125, 0.01875), (-0.038449, 0.0041703, 0.01875), (-0.038903125, 0.004219725, 0.01875), (-0.039359875, 0.004219725, 0.01875), (-0.039814, 0.0041703, 0.01875), (-0.0402601, 0.004072125, 0.01875), (-0.040693, 0.00392625, 0.01875), (-0.041107602, 0.003734475, 0.01875), (-0.041499026, 0.0034989747, 0.01875), (-0.041862626, 0.0032225251, 0.01875), (-0.042194277, 0.002908425, 0.01875), (-0.042489998, 0.0025602, 0.01875), (-0.04274635, 0.0021821249, 0.01875), (-0.042960323, 0.00177855, 0.01875), (-0.043129373, 0.0013542001, 0.01875), (-0.043251626, 0.0009141, 0.01875), (-0.0433255, 0.000463275, 0.01875), (-0.04335025, 0.0000071249997, 0.01875), (-0.0433255, -0.00044895, 0.01875), (-0.043251626, -0.00089977507, 0.01875), (-0.043129373, -0.0013398749, 0.01875), (-0.042960323, -0.0017642251, 0.01875), (-0.04274635, -0.0021678, 0.01875), (-0.042489998, -0.00254595, 0.01875), (-0.042194277, -0.0028941, 0.01875), (-0.041862626, -0.0032082, 0.01875), (-0.041499026, -0.00348465, 0.01875), (-0.041107602, -0.0037201499, 0.01875), (-0.040693, -0.003911925, 0.01875), (-0.0402601, -0.0040578004, 0.01875), (-0.039814, -0.0041560503, 0.01875), (-0.039359875, -0.0042054, 0.01875), (-0.038903125, -0.0042054, 0.01875), (-0.038449, -0.0041560503, 0.01875), (-0.0380029, -0.0040578004, 0.01875), (-0.03757, -0.003911925, 0.01875), (-0.037155397, -0.0037201499, 0.01875), (-0.036763974, -0.00348465, 0.01875), (-0.036400374, -0.0032082, 0.01875), (-0.036068723, -0.0028941, 0.01875), (-0.035773, -0.00254595, 0.01875), (-0.03551665, -0.0021678, 0.01875), (-0.035302676, -0.0017642251, 0.01875), (-0.035133626, -0.0013398749, 0.01875), (-0.035011373, -0.00089977507, 0.01875), (-0.0349375, -0.00044895, 0.01875), (-0.03491275, 0.0000071249997, 0.01875), (-0.0391315, 0.0000071249997, 0.01875), (-0.04447525, 0.0000071249997, 0.01725), (-0.044443898, 0.000584925, 0.01725), (-0.0443503, 0.0011559, 0.01725), (-0.0441955, 0.00171345, 0.01725), (-0.043981373, 0.002250975, 0.01725), (-0.043710325, 0.002762175, 0.01725), (-0.04338565, 0.00324105, 0.01725), (-0.043011025, 0.00368205, 0.01725), (-0.04259095, 0.004079925, 0.01725), (-0.042130373, 0.0044301, 0.01725), (-0.041634552, 0.00472845, 0.01725), (-0.041109398, 0.0049713748, 0.01725), (-0.040561076, 0.0051561003, 0.01725), (-0.039996028, 0.005280525, 0.01725), (-0.039420776, 0.005343075, 0.01725), (-0.038842224, 0.005343075, 0.01725), (-0.03826697, 0.005280525, 0.01725), (-0.037701923, 0.0051561003, 0.01725), (-0.0371536, 0.0049713748, 0.01725), (-0.03662845, 0.00472845, 0.01725), (-0.036132626, 0.0044301, 0.01725), (-0.03567205, 0.004079925, 0.01725), (-0.035251975, 0.00368205, 0.01725), (-0.03487735, 0.00324105, 0.01725), (-0.034552675, 0.002762175, 0.01725), (-0.034281626, 0.002250975, 0.01725), (-0.0340675, 0.00171345, 0.01725), (-0.0339127, 0.0011559, 0.01725), (-0.0338191, 0.000584925, 0.01725), (-0.03378775, 0.0000071249997, 0.01725), (-0.0338191, -0.0005706, 0.01725), (-0.0339127, -0.0011415749, 0.01725), (-0.0340675, -0.0016991249, 0.01725), (-0.034281626, -0.0022366499, 0.01725), (-0.034552675, -0.00274785, 0.01725), (-0.03487735, -0.003226725, 0.01725), (-0.035251975, -0.0036677248, 0.01725), (-0.03567205, -0.0040656747, 0.01725), (-0.036132626, -0.0044157747, 0.01725), (-0.03662845, -0.004714125, 0.01725), (-0.0371536, -0.00495705, 0.01725), (-0.037701923, -0.005141775, 0.01725), (-0.03826697, -0.0052662, 0.01725), (-0.038842224, -0.00532875, 0.01725), (-0.039420776, -0.00532875, 0.01725), (-0.039996028, -0.0052662, 0.01725), (-0.040561076, -0.005141775, 0.01725), (-0.041109398, -0.00495705, 0.01725), (-0.041634552, -0.004714125, 0.01725), (-0.042130373, -0.0044157747, 0.01725), (-0.04259095, -0.0040656747, 0.01725), (-0.043011025, -0.0036677248, 0.01725), (-0.04338565, -0.003226725, 0.01725), (-0.043710325, -0.00274785, 0.01725), (-0.043981373, -0.0022366499, 0.01725), (-0.0441955, -0.0016991249, 0.01725), (-0.0443503, -0.0011415749, 0.01725), (-0.044443898, -0.0005706, 0.01725), (-0.04447525, 0.0000071249997, -0.01125), (-0.044443898, 0.000584925, -0.01125), (-0.0443503, 0.0011559, -0.01125), (-0.0441955, 0.00171345, -0.01125), (-0.043981373, 0.002250975, -0.01125), (-0.043710325, 0.002762175, -0.01125), (-0.04338565, 0.00324105, -0.01125), (-0.043011025, 0.00368205, -0.01125), (-0.04259095, 0.004079925, -0.01125), (-0.042130373, 0.0044301, -0.01125), (-0.041634552, 0.00472845, -0.01125), (-0.041109398, 0.0049713748, -0.01125), (-0.040561076, 0.0051561003, -0.01125), (-0.039996028, 0.005280525, -0.01125), (-0.039420776, 0.005343075, -0.01125), (-0.038842224, 0.005343075, -0.01125), (-0.03826697, 0.005280525, -0.01125), (-0.037701923, 0.0051561003, -0.01125), (-0.0371536, 0.0049713748, -0.01125), (-0.03662845, 0.00472845, -0.01125), (-0.036132626, 0.0044301, -0.01125), (-0.03567205, 0.004079925, -0.01125), (-0.035251975, 0.00368205, -0.01125), (-0.03487735, 0.00324105, -0.01125), (-0.034552675, 0.002762175, -0.01125), (-0.034281626, 0.002250975, -0.01125), (-0.0340675, 0.00171345, -0.01125), (-0.0339127, 0.0011559, -0.01125), (-0.0338191, 0.000584925, -0.01125), (-0.03378775, 0.0000071249997, -0.01125), (-0.0338191, -0.0005706, -0.01125), (-0.0339127, -0.0011415749, -0.01125), (-0.0340675, -0.0016991249, -0.01125), (-0.034281626, -0.0022366499, -0.01125), (-0.034552675, -0.00274785, -0.01125), (-0.03487735, -0.003226725, -0.01125), (-0.035251975, -0.0036677248, -0.01125), (-0.03567205, -0.0040656747, -0.01125), (-0.036132626, -0.0044157747, -0.01125), (-0.03662845, -0.004714125, -0.01125), (-0.0371536, -0.00495705, -0.01125), (-0.037701923, -0.005141775, -0.01125), (-0.03826697, -0.0052662, -0.01125), (-0.038842224, -0.00532875, -0.01125), (-0.039420776, -0.00532875, -0.01125), (-0.039996028, -0.0052662, -0.01125), (-0.040561076, -0.005141775, -0.01125), (-0.041109398, -0.00495705, -0.01125), (-0.041634552, -0.004714125, -0.01125), (-0.042130373, -0.0044157747, -0.01125), (-0.04259095, -0.0040656747, -0.01125), (-0.043011025, -0.0036677248, -0.01125), (-0.04338565, -0.003226725, -0.01125), (-0.043710325, -0.00274785, -0.01125), (-0.043981373, -0.0022366499, -0.01125), (-0.0441955, -0.0016991249, -0.01125), (-0.0443503, -0.0011415749, -0.01125), (-0.044443898, -0.0005706, -0.01125), (0.035753973, 0.005280525, -0.01125), (0.036329225, 0.005343075, -0.01125), (0.038048077, 0.0051561003, -0.01125), (0.0385964, 0.0049713748, -0.01125), (0.037483025, 0.005280525, -0.01125), (0.036907773, 0.005343075, -0.01125), (0.03411545, 0.00472845, -0.01125), (0.034640603, 0.0049713748, -0.01125), (0.035188925, 0.0051561003, -0.01125), (0.033619627, 0.0044301, -0.01125), (0.03912155, 0.00472845, -0.01125), (0.039617375, 0.0044301, -0.01125), (0.03236435, 0.00324105, -0.01125), (0.032738976, 0.00368205, -0.01125), (0.0313997, 0.0011559, -0.01125), (0.0315545, 0.00171345, -0.01125), (0.036329225, -0.00532875, -0.01125), (0.033159047, 0.004079925, -0.01125), (0.031768627, 0.002250975, -0.01125), (0.032039676, 0.002762175, -0.01125), (0.0313061, 0.000584925, -0.01125), (0.035753973, -0.0052662, -0.01125), (0.035188925, -0.005141775, -0.01125), (0.036907773, -0.00532875, -0.01125), (0.03127475, 0.0000071249997, -0.01125), (0.031768627, -0.0022366499, -0.01125), (0.0315545, -0.0016991249, -0.01125), (0.03411545, -0.004714125, -0.01125), (0.033619627, -0.0044157747, -0.01125), (0.034640603, -0.00495705, -0.01125), (0.037483025, -0.0052662, -0.01125), (0.0385964, -0.00495705, -0.01125), (0.038048077, -0.005141775, -0.01125), (0.039617375, -0.0044157747, -0.01125), (0.03912155, -0.004714125, -0.01125), (0.04007795, 0.004079925, -0.01125), (0.040498026, 0.00368205, -0.01125), (0.0313061, -0.0005706, -0.01125), (0.0313997, -0.0011415749, -0.01125), (0.04007795, -0.0040656747, -0.01125), (0.041468374, -0.0022366499, -0.01125), (0.041197326, -0.00274785, -0.01125), (0.033159047, -0.0040656747, -0.01125), (0.032738976, -0.0036677248, -0.01125), (0.040498026, -0.0036677248, -0.01125), (0.04087265, -0.003226725, -0.01125), (0.03236435, -0.003226725, -0.01125), (0.032039676, -0.00274785, -0.01125), (0.04087265, 0.00324105, -0.01125), (0.041197326, 0.002762175, -0.01125), (0.0419309, -0.0005706, -0.01125), (0.0418373, -0.0011415749, -0.01125), (0.0416825, -0.0016991249, -0.01125), (0.0418373, 0.0011559, -0.01125), (0.0419309, 0.000584925, -0.01125), (0.041468374, 0.002250975, -0.01125), (0.0416825, 0.00171345, -0.01125), (0.04196225, 0.0000071249997, -0.01125), (0.08379807, 0.0051561003, -0.01125), (0.0843464, 0.0049713748, -0.01125), (0.082079224, 0.005343075, -0.01125), (0.08265778, 0.005343075, -0.01125), (0.08093893, 0.0051561003, -0.01125), (0.08150397, 0.005280525, -0.01125), (0.08323303, 0.005280525, -0.01125), (0.0803906, 0.0049713748, -0.01125), (0.079865456, 0.00472845, -0.01125), (0.07890905, 0.004079925, -0.01125), (0.07936962, 0.0044301, -0.01125), (0.084871545, 0.00472845, -0.01125), (0.08536738, 0.0044301, -0.01125), (0.078488976, 0.00368205, -0.01125), (0.08150397, -0.0052662, -0.01125), (0.085827954, 0.004079925, -0.01125), (0.07936962, -0.0044157747, -0.01125), (0.07890905, -0.0040656747, -0.01125), (0.082079224, -0.00532875, -0.01125), (0.086622655, 0.00324105, -0.01125), (0.08694733, 0.002762175, -0.01125), (0.079865456, -0.004714125, -0.01125), (0.08093893, -0.005141775, -0.01125), (0.0803906, -0.00495705, -0.01125), (0.08265778, -0.00532875, -0.01125), (0.08379807, -0.005141775, -0.01125), (0.08323303, -0.0052662, -0.01125), (0.086248025, 0.00368205, -0.01125), (0.078114346, 0.00324105, -0.01125), (0.07751863, 0.002250975, -0.01125), (0.07778967, 0.002762175, -0.01125), (0.084871545, -0.004714125, -0.01125), (0.0843464, -0.00495705, -0.01125), (0.085827954, -0.0040656747, -0.01125), (0.08536738, -0.0044157747, -0.01125), (0.0773045, 0.00171345, -0.01125), (0.078114346, -0.003226725, -0.01125), (0.07778967, -0.00274785, -0.01125), (0.07702475, 0.0000071249997, -0.01125), (0.07751863, -0.0022366499, -0.01125), (0.086622655, -0.003226725, -0.01125), (0.086248025, -0.0036677248, -0.01125), (0.087218374, -0.0022366499, -0.01125), (0.08694733, -0.00274785, -0.01125), (0.0771497, 0.0011559, -0.01125), (0.0770561, 0.000584925, -0.01125), (0.0771497, -0.0011415749, -0.01125), (0.0770561, -0.0005706, -0.01125), (0.078488976, -0.0036677248, -0.01125), (0.0874325, -0.0016991249, -0.01125), (0.08771225, 0.0000071249997, -0.01125), (0.087218374, 0.002250975, -0.01125), (0.0874325, 0.00171345, -0.01125), (0.0773045, -0.0016991249, -0.01125), (0.087587304, -0.0011415749, -0.01125), (0.0876809, -0.0005706, -0.01125), (0.087587304, 0.0011559, -0.01125), (0.0876809, 0.000584925, -0.01125), (0.0481971, -0.0374425, -0.01125), (0.051994, -0.0360503, -0.01125), (0.0556272, -0.0342743, -0.01125), (0.0442771, -0.038436, -0.01125), (0.0590581, -0.0321335, -0.01125), (-0.0012565, -0.0475065, -0.01125), (0.0594935, -0.031795, -0.01125), (0.0622502, -0.0296507, -0.01125), (0.0704146, -0.0220983, -0.01125), (0.0708628, -0.0220252, -0.01125), (0.0651695, -0.0268523, -0.01125), (0.088084, -0.0447545, -0.01125), (0.0889392, -0.0459995, -0.01125), (0.0713161, -0.0219977, -0.01125), (0.069976, -0.0222163, -0.01125), (0.0691455, -0.0225815, -0.01125), (0.0695515, -0.022378, -0.01125), (0.067785, -0.0237678, -0.01125), (0.089924, -0.0471449, -0.01125), (0.0687621, -0.022825, -0.01125), (0.0680783, -0.0234211, -0.01125), (0.0910268, -0.048177, -0.01125), (0.0910781, -0.0482154, -0.01125), (0.0873684, -0.0434242, -0.01125), (0.0730883, -0.0223414, -0.01125), (0.0746136, -0.0229152, -0.01125), (0.0684051, -0.0231057, -0.01125), (0.0726606, -0.0221887, -0.01125), (0.07177, -0.0220159, -0.01125), (0.0722196, -0.0220798, -0.01125), (0.079095, -0.0258212, -0.01125), (0.0761742, -0.0233853, -0.01125), (0.0788624, -0.0253893, -0.01125), (0.0785842, -0.0249851, -0.01125), (0.0779046, -0.0242795, -0.01125), (0.0782637, -0.0246138, -0.01125), (0.0770884, -0.0237377, -0.01125), (0.0775113, -0.0239863, -0.01125), (0.0766409, -0.0235364, -0.01125), (0.0922348, -0.0490837, -0.01125), (0.1008328, -0.0514152, -0.01125), (0.1052351, -0.0504183, -0.01125), (0.1066025, -0.0497757, -0.01125), (0.1078915, -0.0489893, -0.01125), (0.1023334, -0.0512429, -0.01125), (0.1038066, -0.0509091, -0.01125), (0.1088965, -0.0482154, -0.01125), (0.0963427, -0.0509543, -0.01125), (0.0978198, -0.0512701, -0.01125), (0.0993224, -0.0514243, -0.01125), (0.0935337, -0.0498547, -0.01125), (0.0949084, -0.0504806, -0.01125), (0.0922685, -0.0491038, -0.01125), (0.0986692, -0.0422601, -0.01125), (0.0981613, -0.0420889, -0.01125), (0.0972156, -0.0415876, -0.01125), (0.0967889, -0.0412631, -0.01125), (0.0976749, -0.0418639, -0.01125), (0.1002615, -0.0424332, -0.01125), (0.0997255, -0.0424332, -0.01125), (0.1023121, -0.0418639, -0.01125), (0.1018257, -0.0420889, -0.01125), (0.1071065, -0.019828, -0.01125), (0.1031981, -0.0337178, -0.01125), (0.1035872, -0.0340863, -0.01125), (0.1013178, -0.0327208, -0.01125), (0.1018257, -0.032892, -0.01125), (0.0991927, -0.0423753, -0.01125), (0.1007943, -0.0423753, -0.01125), (0.1027714, -0.0415876, -0.01125), (0.1119895, -0.0446102, -0.01125), (0.1126895, -0.0432713, -0.01125), (0.104486, -0.039569, -0.01125), (0.1132395, -0.0418648, -0.01125), (0.1046844, -0.0390709, -0.01125), (0.1027714, -0.0333934, -0.01125), (0.1023121, -0.033117, -0.01125), (0.0997255, -0.0325477, -0.01125), (0.0976749, -0.033117, -0.01125), (0.0981613, -0.032892, -0.01125), (0.1013178, -0.0422601, -0.01125), (0.1031981, -0.0412631, -0.01125), (0.1090885, -0.0480679, -0.01125), (0.1101785, -0.0470226, -0.01125), (0.1035872, -0.0408946, -0.01125), (0.1111495, -0.0458655, -0.01125), (0.1042349, -0.0400425, -0.01125), (0.1002615, -0.0325477, -0.01125), (0.0972156, -0.0333934, -0.01125), (0.1039342, -0.0404861, -0.01125), (0.1131865, -0.0329565, -0.01125), (0.1126185, -0.0315567, -0.01125), (0.104486, -0.035412, -0.01125), (0.1007943, -0.0326056, -0.01125), (0.0991927, -0.0326056, -0.01125), (0.0986692, -0.0327208, -0.01125), (0.0963998, -0.0340863, -0.01125), (0.0967889, -0.0337178, -0.01125), (0.0950435, -0.0374904, -0.01125), (0.1042349, -0.0349384, -0.01125), (0.1039342, -0.0344948, -0.01125), (0.0950725, -0.0369553, -0.01125), (0.0951592, -0.0364264, -0.01125), (0.0950725, -0.0380256, -0.01125), (0.0963998, -0.0408946, -0.01125), (0.0960528, -0.0404861, -0.01125), (0.1138525, -0.0358984, -0.01125), (0.1135995, -0.0344094, -0.01125), (0.1048278, -0.0364264, -0.01125), (0.1046844, -0.03591, -0.01125), (0.0957521, -0.0349384, -0.01125), (0.0960528, -0.0344948, -0.01125), (0.0953026, -0.03591, -0.01125), (0.095501, -0.035412, -0.01125), (0.0953026, -0.0390709, -0.01125), (0.0951592, -0.0385545, -0.01125), (0.0957521, -0.0400425, -0.01125), (0.095501, -0.039569, -0.01125), (0.1136355, -0.0404069, -0.01125), (0.1048278, -0.0385545, -0.01125), (0.1138705, -0.0389149, -0.01125), (0.1049145, -0.0380256, -0.01125), (0.1139435, -0.0374063, -0.01125), (0.1049145, -0.0369553, -0.01125), (0.1049435, -0.0374904, -0.01125), (0.1064275, -0.0026065, -0.01125), (0.1065695, 0.0000095, -0.01125), (0.1053031, -0.0077164, -0.01125), (0.1060039, -0.005192, -0.01125), (0.1064275, 0.0026256, -0.01125), (0.1060039, 0.0052111, -0.01125), (0.1043335, -0.0101504, -0.01125), (0.1053031, 0.0077355, -0.01125), (0.104161, 0.013518, -0.01125), (0.1043452, 0.0139727, -0.01125), (0.1043335, 0.0101695, -0.01125), (0.1043452, -0.0139537, -0.01125), (0.1040274, 0.0130459, -0.01125), (0.1041522, -0.0106062, -0.01125), (0.104161, -0.0134989, -0.01125), (0.103946, 0.0125622, -0.01125), (0.103943, 0.0115825, -0.01125), (0.1039178, 0.0120724, -0.01125), (0.1041522, 0.0106253, -0.01125), (0.1040215, -0.0110791, -0.01125), (0.103946, -0.0125431, -0.01125), (0.1039178, -0.0120533, -0.01125), (0.1040274, -0.0130269, -0.01125), (0.1040215, 0.0110982, -0.01125), (0.103943, -0.0115634, -0.01125), (0.0986692, 0.03274, -0.01125), (0.0981613, 0.0329112, -0.01125), (0.0972156, 0.0334124, -0.01125), (0.0967889, 0.0337368, -0.01125), (0.0976749, 0.0331362, -0.01125), (0.1071065, 0.0198471, -0.01125), (0.1002615, 0.0325669, -0.01125), (0.0997255, 0.0325669, -0.01125), (0.1052351, 0.0504373, -0.01125), (0.1018257, 0.0421079, -0.01125), (0.1023121, 0.0418829, -0.01125), (0.1038066, 0.0509282, -0.01125), (0.1013178, 0.0422791, -0.01125), (0.1023121, 0.0331362, -0.01125), (0.1018257, 0.0329112, -0.01125), (0.1090885, 0.0480869, -0.01125), (0.1031981, 0.0412823, -0.01125), (0.1035872, 0.0409136, -0.01125), (0.1078915, 0.0490083, -0.01125), (0.1027714, 0.0416066, -0.01125), (0.1066025, 0.0497949, -0.01125), (0.0949084, 0.0504998, -0.01125), (0.0981613, 0.0421079, -0.01125), (0.0986692, 0.0422791, -0.01125), (0.0935337, 0.0498737, -0.01125), (0.0976749, 0.0418829, -0.01125), (0.0991927, 0.0326248, -0.01125), (0.1007943, 0.0326248, -0.01125), (0.1027714, 0.0334124, -0.01125), (0.1131865, 0.0329755, -0.01125), (0.1046844, 0.035929, -0.01125), (0.104486, 0.035431, -0.01125), (0.1008328, 0.0514342, -0.01125), (0.1002615, 0.0424523, -0.01125), (0.1007943, 0.0423943, -0.01125), (0.0993224, 0.0514434, -0.01125), (0.0997255, 0.0424523, -0.01125), (0.0922685, 0.0491228, -0.01125), (0.0972156, 0.0416066, -0.01125), (0.1013178, 0.03274, -0.01125), (0.1126185, 0.0315757, -0.01125), (0.1035872, 0.0341054, -0.01125), (0.1023334, 0.0512619, -0.01125), (0.0978198, 0.0512891, -0.01125), (0.0991927, 0.0423943, -0.01125), (0.0963427, 0.0509733, -0.01125), (0.1031981, 0.0337368, -0.01125), (0.1042349, 0.0349576, -0.01125), (0.1126895, 0.0432905, -0.01125), (0.104486, 0.039588, -0.01125), (0.1046844, 0.0390901, -0.01125), (0.1119895, 0.0446293, -0.01125), (0.1042349, 0.0400615, -0.01125), (0.1111495, 0.0458845, -0.01125), (0.1039342, 0.0405051, -0.01125), (0.1101785, 0.0470416, -0.01125), (0.0963998, 0.0409136, -0.01125), (0.0967889, 0.0412823, -0.01125), (0.0950725, 0.0369743, -0.01125), (0.0950435, 0.0375096, -0.01125), (0.1039342, 0.034514, -0.01125), (0.0950725, 0.0380448, -0.01125), (0.0951592, 0.0385737, -0.01125), (0.0963998, 0.0341054, -0.01125), (0.0960528, 0.034514, -0.01125), (0.1136355, 0.0404261, -0.01125), (0.1048278, 0.0385737, -0.01125), (0.1049145, 0.0380448, -0.01125), (0.1132395, 0.041884, -0.01125), (0.0957521, 0.0400615, -0.01125), (0.0960528, 0.0405051, -0.01125), (0.0953026, 0.0390901, -0.01125), (0.095501, 0.039588, -0.01125), (0.0953026, 0.035929, -0.01125), (0.0951592, 0.0364454, -0.01125), (0.0957521, 0.0349576, -0.01125), (0.095501, 0.035431, -0.01125), (0.1135995, 0.0344286, -0.01125), (0.1048278, 0.0364454, -0.01125), (0.1138525, 0.0359176, -0.01125), (0.1049145, 0.0369743, -0.01125), (0.1138705, 0.0389341, -0.01125), (0.1049435, 0.0375096, -0.01125), (0.1139435, 0.0374253, -0.01125), (0.0761742, 0.0234044, -0.01125), (0.0746136, 0.0229343, -0.01125), (0.0910268, 0.048196, -0.01125), (0.089924, 0.0471639, -0.01125), (0.067785, 0.0237869, -0.01125), (0.0650561, 0.0269914, -0.01125), (0.07177, 0.022035, -0.01125), (0.0713161, 0.0220168, -0.01125), (0.0730883, 0.0223604, -0.01125), (0.0889392, 0.0460187, -0.01125), (0.0922348, 0.0491029, -0.01125), (0.0619994, 0.0298848, -0.01125), (0.0766409, 0.0235555, -0.01125), (0.0779046, 0.0242986, -0.01125), (0.0775113, 0.0240053, -0.01125), (0.0680783, 0.0234402, -0.01125), (0.0691455, 0.0226006, -0.01125), (0.0687621, 0.0228441, -0.01125), (0.0704146, 0.0221174, -0.01125), (0.069976, 0.0222354, -0.01125), (0.0722196, 0.0220989, -0.01125), (0.0726606, 0.0222078, -0.01125), (0.0782637, 0.0246329, -0.01125), (0.0788624, 0.0254083, -0.01125), (0.0785842, 0.0250042, -0.01125), (0.088084, 0.0447735, -0.01125), (0.0684051, 0.0231248, -0.01125), (0.0695515, 0.0223971, -0.01125), (0.0708628, 0.0220443, -0.01125), (0.0873684, 0.0434434, -0.01125), (0.0770884, 0.0237567, -0.01125), (0.079095, 0.0258403, -0.01125), (0.0305623, 0.0387399, -0.01125), (0.0264448, 0.0378674, -0.01125), (0.0389584, 0.0391406, -0.01125), (0.0347496, 0.039166, -0.01125), (0.047247, 0.0377422, -0.01125), (0.0431403, 0.0386641, -0.01125), (0.0224446, 0.0365584, -0.01125), (0.0186078, 0.0348281, -0.01125), (0.0550468, 0.0346088, -0.01125), (0.0512311, 0.0363851, -0.01125), (0.0594935, 0.0317919, -0.01125), (0.0586501, 0.0324337, -0.01125), (0.0050454, 0.0310644, -0.01125), (0.0016008, 0.0354621, -0.01125), (0.0095169, 0.0292221, -0.01125), (0.0090566, 0.0291643, -0.01125), (0.011227, 0.0299107, -0.01125), (0.0108285, 0.0296731, -0.01125), (0.0053314, 0.0306991, -0.01125), (0.0081304, 0.029192, -0.01125), (0.0076743, 0.029277, -0.01125), (0.0085928, 0.0291543, -0.01125), (0.0099689, 0.029327, -0.01125), (0.0104076, 0.0294778, -0.01125), (0.0056536, 0.0303652, -0.01125), (0.006392, 0.0298053, -0.01125), (0.0060083, 0.0300661, -0.01125), (0.0149786, 0.0326964, -0.01125), (0.0072294, 0.0294087, -0.01125), (0.0068005, 0.0295854, -0.01125), (0.0115989, 0.0301879, -0.01125), (-0.064585, 0.0476343, -0.01125), (-0.0693689, 0.04475, -0.01125), (-0.0595287, 0.050009, -0.01125), (-0.0542541, 0.0518487, -0.01125), (-0.0488177, 0.0531337, -0.01125), (-0.0376933, 0.0539903, -0.01125), (-0.0432777, 0.0538502, -0.01125), (-0.0111781, 0.0462113, -0.01125), (-0.0161008, 0.048852, -0.01125), (-0.0012565, 0.0384208, -0.01125), (-0.0321242, 0.0535529, -0.01125), (-0.0212699, 0.05097, -0.01125), (-0.0266302, 0.0525426, -0.01125), (-0.0065546, 0.0430764, -0.01125), (-0.0022797, 0.0394804, -0.01125), (-0.1094565, 0.0477678, -0.01125), (-0.1116345, 0.0298021, -0.01125), (-0.1107325, 0.0285902, -0.01125), (-0.1134085, 0.0413819, -0.01125), (-0.1094935, 0.047737, -0.01125), (-0.1097055, 0.0274829, -0.01125), (-0.1130195, 0.032482, -0.01125), (-0.1123995, 0.0311045, -0.01125), (-0.1139435, 0.0369001, -0.01125), (-0.1137955, 0.0353967, -0.01125), (-0.1137485, 0.0399102, -0.01125), (-0.1114705, 0.0454585, -0.01125), (-0.1122625, 0.0441723, -0.01125), (-0.1129115, 0.0428082, -0.01125), (-0.1105435, 0.0466513, -0.01125), (-0.1134865, 0.0339184, -0.01125), (-0.1139275, 0.0384104, -0.01125), (-0.1085645, 0.0264929, -0.01125), (-0.1073235, 0.0256322, -0.01125), (-0.1027845, 0.0334124, -0.01125), (-0.1094565, 0.0272669, -0.01125), (-0.1032115, 0.0337368, -0.01125), (-0.1036005, 0.0341054, -0.01125), (-0.1013305, 0.03274, -0.01125), (-0.1018385, 0.0329112, -0.01125), (-0.0940165, 0.0501082, -0.01125), (-0.0954145, 0.0506821, -0.01125), (-0.0981745, 0.0421079, -0.01125), (-0.0968655, 0.0511013, -0.01125), (-0.0986825, 0.0422791, -0.01125), (-0.1023255, 0.0331362, -0.01125), (-0.0926899, 0.0493869, -0.01125), (-0.0976875, 0.0418829, -0.01125), (-0.1043225, 0.0507751, -0.01125), (-0.1057315, 0.0502307, -0.01125), (-0.1018385, 0.0421079, -0.01125), (-0.1070735, 0.0495372, -0.01125), (-0.1023255, 0.0418829, -0.01125), (-0.0979315, 0.0198471, -0.01125), (-0.1008075, 0.0326248, -0.01125), (-0.0997385, 0.0325669, -0.01125), (-0.1002745, 0.0325669, -0.01125), (-0.0976875, 0.0331362, -0.01125), (-0.0981745, 0.0329112, -0.01125), (-0.0972285, 0.0334124, -0.01125), (-0.0972285, 0.0416066, -0.01125), (-0.0968015, 0.0412823, -0.01125), (-0.0983535, 0.0513612, -0.01125), (-0.0998605, 0.0514587, -0.01125), (-0.0997385, 0.0424523, -0.01125), (-0.1013695, 0.0513927, -0.01125), (-0.1002745, 0.0424523, -0.01125), (-0.1083325, 0.0487027, -0.01125), (-0.1027845, 0.0416066, -0.01125), (-0.0992055, 0.0326248, -0.01125), (-0.0759282, 0.0404051, -0.01125), (-0.0950855, 0.0369743, -0.01125), (-0.0951725, 0.0364454, -0.01125), (-0.0950855, 0.0380448, -0.01125), (-0.0763931, 0.0403467, -0.01125), (-0.0768615, 0.040337, -0.01125), (-0.0992055, 0.0423943, -0.01125), (-0.1028625, 0.0511641, -0.01125), (-0.1008075, 0.0423943, -0.01125), (-0.1013305, 0.0422791, -0.01125), (-0.1032115, 0.0412823, -0.01125), (-0.1039475, 0.034514, -0.01125), (-0.1042475, 0.0349576, -0.01125), (-0.0986825, 0.03274, -0.01125), (-0.075472, 0.0405115, -0.01125), (-0.0786697, 0.0407789, -0.01125), (-0.0790809, 0.0410035, -0.01125), (-0.0773284, 0.0403761, -0.01125), (-0.0957655, 0.0400615, -0.01125), (-0.0955145, 0.039588, -0.01125), (-0.0960655, 0.0405051, -0.01125), (-0.1036005, 0.0409136, -0.01125), (-0.1049565, 0.0375096, -0.01125), (-0.1044985, 0.035431, -0.01125), (-0.0953155, 0.035929, -0.01125), (-0.0955145, 0.035431, -0.01125), (-0.0750292, 0.0406647, -0.01125), (-0.0742034, 0.0411047, -0.01125), (-0.0746048, 0.0408633, -0.01125), (-0.0782374, 0.0405981, -0.01125), (-0.0777887, 0.0404634, -0.01125), (-0.1049275, 0.0380448, -0.01125), (-0.1048405, 0.0385737, -0.01125), (-0.1049275, 0.0369743, -0.01125), (-0.0964125, 0.0341054, -0.01125), (-0.0968015, 0.0337368, -0.01125), (-0.0957655, 0.0349576, -0.01125), (-0.0706565, 0.0437791, -0.01125), (-0.0738292, 0.0413868, -0.01125), (-0.0964125, 0.0409136, -0.01125), (-0.1042475, 0.0400615, -0.01125), (-0.1039475, 0.0405051, -0.01125), (-0.1046975, 0.0390901, -0.01125), (-0.1044985, 0.039588, -0.01125), (-0.1046975, 0.035929, -0.01125), (-0.1048405, 0.0364454, -0.01125), (-0.0960655, 0.034514, -0.01125), (-0.0950565, 0.0375096, -0.01125), (-0.0953155, 0.0390901, -0.01125), (-0.0951725, 0.0385737, -0.01125), (-0.0930738, 0.0025062, -0.01125), (-0.0930738, -0.0024871, -0.01125), (-0.091694, 0.0123861, -0.01125), (-0.0926125, 0.0074781, -0.01125), (-0.0926125, -0.007459, -0.01125), (-0.091694, -0.0123671, -0.01125), (-0.0917616, -0.0146833, -0.01125), (-0.0919185, -0.0151247, -0.01125), (-0.0916105, -0.0128281, -0.01125), (-0.0915754, -0.0132953, -0.01125), (-0.0916105, 0.0128471, -0.01125), (-0.0929727, 0.0166779, -0.01125), (-0.0926505, 0.0163378, -0.01125), (-0.0937141, 0.0172489, -0.01125), (-0.0933285, -0.0169636, -0.01125), (-0.0937141, -0.0172298, -0.01125), (-0.0916514, -0.0142279, -0.01125), (-0.0915891, -0.0137636, -0.01125), (-0.0915754, 0.0133143, -0.01125), (-0.0921206, 0.0155666, -0.01125), (-0.0919185, 0.0151438, -0.01125), (-0.0923654, 0.0159659, -0.01125), (-0.0933285, 0.0169827, -0.01125), (-0.0929727, -0.0166589, -0.01125), (-0.0921206, -0.0155475, -0.01125), (-0.0923654, -0.0159469, -0.01125), (-0.0915891, 0.0137827, -0.01125), (-0.0917616, 0.0147023, -0.01125), (-0.0926505, -0.0163187, -0.01125), (-0.0916514, 0.0142469, -0.01125), (-0.1094565, -0.0272478, -0.01125), (-0.1122625, -0.0441533, -0.01125), (-0.1114705, -0.0454393, -0.01125), (-0.1134085, -0.0413629, -0.01125), (-0.1129115, -0.0427892, -0.01125), (-0.1137955, -0.0353777, -0.01125), (-0.1139435, -0.0368809, -0.01125), (-0.1105435, -0.0466321, -0.01125), (-0.1094935, -0.0477178, -0.01125), (-0.1134865, -0.0338992, -0.01125), (-0.1130195, -0.0324629, -0.01125), (-0.1107325, -0.0285711, -0.01125), (-0.1116345, -0.029783, -0.01125), (-0.1097055, -0.0274638, -0.01125), (-0.1139275, -0.0383914, -0.01125), (-0.1137485, -0.0398912, -0.01125), (-0.1123995, -0.0310855, -0.01125), (-0.1013695, -0.0513737, -0.01125), (-0.0998605, -0.0514397, -0.01125), (-0.0983535, -0.0513422, -0.01125), (-0.0968655, -0.0510821, -0.01125), (-0.0954145, -0.0506629, -0.01125), (-0.1043225, -0.0507561, -0.01125), (-0.1028625, -0.051145, -0.01125), (-0.1057315, -0.0502117, -0.01125), (-0.0940165, -0.0500892, -0.01125), (-0.0926899, -0.0493677, -0.01125), (-0.1083325, -0.0486837, -0.01125), (-0.1070735, -0.0495182, -0.01125), (-0.1088955, -0.0482154, -0.01125), (-0.1094565, -0.0477486, -0.01125), (-0.1032115, -0.0412631, -0.01125), (-0.1036005, -0.0408946, -0.01125), (-0.1013305, -0.0422601, -0.01125), (-0.1018385, -0.0420889, -0.01125), (-0.1027845, -0.0415876, -0.01125), (-0.1023255, -0.0418639, -0.01125), (-0.0908194, -0.0482154, -0.01125), (-0.0997385, -0.0424332, -0.01125), (-0.0979315, -0.019828, -0.01125), (-0.0976875, -0.033117, -0.01125), (-0.0986825, -0.0327208, -0.01125), (-0.0981745, -0.032892, -0.01125), (-0.1002745, -0.0424332, -0.01125), (-0.0976875, -0.0418639, -0.01125), (-0.0981745, -0.0420889, -0.01125), (-0.0972285, -0.0333934, -0.01125), (-0.0968015, -0.0337178, -0.01125), (-0.1073235, -0.0256131, -0.01125), (-0.1023255, -0.033117, -0.01125), (-0.1018385, -0.032892, -0.01125), (-0.1085645, -0.0264739, -0.01125), (-0.1032115, -0.0337178, -0.01125), (-0.1027845, -0.0333934, -0.01125), (-0.1008075, -0.0423753, -0.01125), (-0.0992055, -0.0423753, -0.01125), (-0.0972285, -0.0415876, -0.01125), (-0.0742034, -0.0410857, -0.01125), (-0.0738292, -0.0413677, -0.01125), (-0.1002745, -0.0325477, -0.01125), (-0.0997385, -0.0325477, -0.01125), (-0.1013305, -0.0327208, -0.01125), (-0.1039475, -0.0404861, -0.01125), (-0.1042475, -0.0400425, -0.01125), (-0.0986825, -0.0422601, -0.01125), (-0.0790809, -0.0409843, -0.01125), (-0.0955145, -0.039569, -0.01125), (-0.0957655, -0.0400425, -0.01125), (-0.0950855, -0.0380256, -0.01125), (-0.0777887, -0.0404444, -0.01125), (-0.0773284, -0.0403569, -0.01125), (-0.0746048, -0.0408441, -0.01125), (-0.075472, -0.0404925, -0.01125), (-0.0750292, -0.0406457, -0.01125), (-0.0759282, -0.0403861, -0.01125), (-0.0951725, -0.0364264, -0.01125), (-0.0957655, -0.0349384, -0.01125), (-0.0955145, -0.035412, -0.01125), (-0.0992055, -0.0326056, -0.01125), (-0.1008075, -0.0326056, -0.01125), (-0.1036005, -0.0340863, -0.01125), (-0.1049275, -0.0380256, -0.01125), (-0.1049565, -0.0374904, -0.01125), (-0.1044985, -0.039569, -0.01125), (-0.0953155, -0.0390709, -0.01125), (-0.0768615, -0.040318, -0.01125), (-0.0786697, -0.0407597, -0.01125), (-0.0782374, -0.0405791, -0.01125), (-0.0950855, -0.0369553, -0.01125), (-0.0960655, -0.0344948, -0.01125), (-0.1049275, -0.0369553, -0.01125), (-0.1048405, -0.0364264, -0.01125), (-0.0964125, -0.0408946, -0.01125), (-0.0968015, -0.0412631, -0.01125), (-0.0951725, -0.0385545, -0.01125), (-0.0964125, -0.0340863, -0.01125), (-0.1042475, -0.0349384, -0.01125), (-0.1039475, -0.0344948, -0.01125), (-0.1046975, -0.03591, -0.01125), (-0.1044985, -0.035412, -0.01125), (-0.1046975, -0.0390709, -0.01125), (-0.1048405, -0.0385545, -0.01125), (-0.0960655, -0.0404861, -0.01125), (-0.0953155, -0.03591, -0.01125), (-0.0763931, -0.0403277, -0.01125), (-0.0950565, -0.0374904, -0.01125), (-0.0706565, -0.0437701, -0.01125), (-0.0649756, -0.0474043, -0.01125), (-0.0632939, -0.0482154, -0.01125), (-0.0048151, -0.0482154, -0.01125), (-0.0695525, -0.0446061, -0.01125), (-0.0499074, -0.0529044, -0.01125), (-0.0392468, -0.0539903, -0.01125), (-0.0338884, -0.0537354, -0.01125), (-0.0285817, -0.0529499, -0.01125), (-0.0601437, -0.0497347, -0.01125), (-0.0446041, -0.0537124, -0.01125), (-0.0551044, -0.0515741, -0.01125), (-0.0706565, 0.0198471, -0.01125), (-0.0012565, 0.0198471, -0.01125), (-0.0706565, -0.019828, -0.01125), (-0.0012565, -0.019828, -0.01125), (0.0594935, 0.0198471, -0.01125), (0.0594935, -0.019828, -0.01125), (0.0922685, 0.0198471, -0.01125), (0.0922685, -0.019828, -0.01125), (0.0922685, -0.0482154, -0.01125), (0.0442771, -0.038436, -0.01875), (0.0481971, -0.0374425, -0.01875), (0.051994, -0.0360503, -0.01875), (0.0556272, -0.0342743, -0.01875), (0.0590581, -0.0321335, -0.01875), (0.0622502, -0.0296507, -0.01875), (0.0651695, -0.0268523, -0.01875), (0.067785, -0.0237678, -0.01875), (0.0775113, 0.0240053, -0.01875), (0.0976749, 0.0331362, -0.01875), (0.0981613, 0.0329112, -0.01875), (0.1043452, 0.0139727, -0.01875), (0.1013178, 0.03274, -0.01875), (0.1018257, 0.0329112, -0.01875), (0.104161, 0.013518, -0.01875), (-0.0986825, 0.03274, -0.01875), (-0.0921206, 0.0155666, -0.01875), (-0.0923654, 0.0159659, -0.01875), (0.1023121, 0.0331362, -0.01875), (0.1007943, 0.0326248, -0.01875), (0.0997255, 0.0325669, -0.01875), (0.1002615, 0.0325669, -0.01875), (0.0972156, 0.0334124, -0.01875), (-0.0929727, 0.0166779, -0.01875), (-0.0933285, 0.0169827, -0.01875), (-0.0926505, 0.0163378, -0.01875), (-0.0738292, 0.0413868, -0.01875), (-0.0488177, 0.0531337, -0.01875), (-0.0432777, 0.0538502, -0.01875), (0.1131865, 0.0329755, -0.01875), (0.1126185, 0.0315757, -0.01875), (0.104486, 0.035431, -0.01875), (0.0991927, 0.0326248, -0.01875), (0.0986692, 0.03274, -0.01875), (0.0963998, 0.0341054, -0.01875), (0.0967889, 0.0337368, -0.01875), (0.1052351, -0.0504183, -0.01875), (0.1018257, -0.0420889, -0.01875), (0.1023121, -0.0418639, -0.01875), (0.1038066, -0.0509091, -0.01875), (0.1013178, -0.0422601, -0.01875), (0.0949084, -0.0504806, -0.01875), (0.0981613, -0.0420889, -0.01875), (0.0986692, -0.0422601, -0.01875), (0.0935337, -0.0498547, -0.01875), (0.0976749, -0.0418639, -0.01875), (-0.0981745, 0.0329112, -0.01875), (-0.0919185, 0.0151438, -0.01875), (-0.1057315, 0.0502307, -0.01875), (-0.1018385, 0.0421079, -0.01875), (-0.1023255, 0.0418829, -0.01875), (-0.1043225, 0.0507751, -0.01875), (-0.1013305, 0.0422791, -0.01875), (-0.0542541, 0.0518487, -0.01875), (-0.064585, 0.0476343, -0.01875), (-0.0595287, 0.050009, -0.01875), (-0.0111781, 0.0462113, -0.01875), (-0.0950855, 0.0380448, -0.01875), (-0.0763931, 0.0403467, -0.01875), (-0.0777887, 0.0404634, -0.01875), (-0.0773284, 0.0403761, -0.01875), (0.1042349, 0.0349576, -0.01875), (0.1027714, 0.0334124, -0.01875), (0.1031981, 0.0337368, -0.01875), (0.1066025, -0.0497757, -0.01875), (0.1027714, -0.0415876, -0.01875), (0.1008328, -0.0514152, -0.01875), (0.1002615, -0.0424332, -0.01875), (0.1007943, -0.0423753, -0.01875), (0.0993224, -0.0514243, -0.01875), (0.0997255, -0.0424332, -0.01875), (0.0922348, -0.0490837, -0.01875), (0.0972156, -0.0415876, -0.01875), (-0.0940165, -0.0500892, -0.01875), (-0.0954145, -0.0506629, -0.01875), (-0.0981745, -0.0420889, -0.01875), (-0.0968655, -0.0510821, -0.01875), (-0.0986825, -0.0422601, -0.01875), (-0.1043225, -0.0507561, -0.01875), (-0.1057315, -0.0502117, -0.01875), (-0.1018385, -0.0420889, -0.01875), (-0.1070735, -0.0495182, -0.01875), (-0.1023255, -0.0418639, -0.01875), (-0.0976875, 0.0331362, -0.01875), (-0.0917616, 0.0147023, -0.01875), (-0.1094935, 0.047737, -0.01875), (-0.1032115, 0.0412823, -0.01875), (-0.1036005, 0.0409136, -0.01875), (-0.1083325, 0.0487027, -0.01875), (-0.1027845, 0.0416066, -0.01875), (-0.1070735, 0.0495372, -0.01875), (-0.0954145, 0.0506821, -0.01875), (-0.0981745, 0.0421079, -0.01875), (-0.0986825, 0.0422791, -0.01875), (-0.0940165, 0.0501082, -0.01875), (-0.0976875, 0.0418829, -0.01875), (-0.0212699, 0.05097, -0.01875), (-0.0161008, 0.048852, -0.01875), (-0.0321242, 0.0535529, -0.01875), (-0.0266302, 0.0525426, -0.01875), (-0.0759282, 0.0404051, -0.01875), (-0.0768615, 0.040337, -0.01875), (-0.0950855, 0.0369743, -0.01875), (0.0053314, 0.0306991, -0.01875), (0.0056536, 0.0303652, -0.01875), (-0.0950565, 0.0375096, -0.01875), (0.0016008, 0.0354621, -0.01875), (0.0967889, 0.0412823, -0.01875), (0.0782637, 0.0246329, -0.01875), (0.0785842, 0.0250042, -0.01875), (0.0978198, 0.0512891, -0.01875), (0.0986692, 0.0422791, -0.01875), (0.0981613, 0.0421079, -0.01875), (0.1038066, 0.0509282, -0.01875), (0.1052351, 0.0504373, -0.01875), (0.1018257, 0.0421079, -0.01875), (0.1066025, 0.0497949, -0.01875), (0.1023121, 0.0418829, -0.01875), (0.1039342, 0.034514, -0.01875), (0.104161, -0.0134989, -0.01875), (0.0981613, -0.032892, -0.01875), (0.0976749, -0.033117, -0.01875), (0.1023334, -0.0512429, -0.01875), (0.0978198, -0.0512701, -0.01875), (0.0991927, -0.0423753, -0.01875), (0.0963427, -0.0509543, -0.01875), (0.0910268, -0.048177, -0.01875), (0.0967889, -0.0412631, -0.01875), (0.089924, -0.0471449, -0.01875), (0.0963998, -0.0408946, -0.01875), (0.1040274, -0.0130269, -0.01875), (-0.0601437, -0.0497347, -0.01875), (-0.0649756, -0.0474043, -0.01875), (-0.0926899, -0.0493677, -0.01875), (-0.0976875, -0.0418639, -0.01875), (-0.0983535, -0.0513422, -0.01875), (-0.0998605, -0.0514397, -0.01875), (-0.0997385, -0.0424332, -0.01875), (-0.1013695, -0.0513737, -0.01875), (-0.1002745, -0.0424332, -0.01875), (-0.1083325, -0.0486837, -0.01875), (-0.1027845, -0.0415876, -0.01875), (-0.1094935, -0.0477178, -0.01875), (-0.1105435, -0.0466321, -0.01875), (-0.1036005, -0.0408946, -0.01875), (-0.1114705, -0.0454393, -0.01875), (-0.1039475, -0.0404861, -0.01875), (-0.0981745, -0.032892, -0.01875), (-0.0921206, -0.0155475, -0.01875), (-0.0919185, -0.0151247, -0.01875), (-0.0926505, -0.0163187, -0.01875), (-0.0923654, -0.0159469, -0.01875), (-0.0933285, -0.0169636, -0.01875), (-0.0929727, -0.0166589, -0.01875), (-0.0986825, -0.0327208, -0.01875), (-0.0937141, -0.0172298, -0.01875), (-0.0937141, 0.0172489, -0.01875), (-0.1073235, 0.0256322, -0.01875), (-0.1023255, 0.0331362, -0.01875), (-0.1018385, 0.0329112, -0.01875), (-0.1097055, 0.0274829, -0.01875), (-0.1036005, 0.0341054, -0.01875), (-0.1032115, 0.0337368, -0.01875), (-0.1107325, 0.0285902, -0.01875), (-0.1039475, 0.034514, -0.01875), (-0.1013695, 0.0513927, -0.01875), (-0.1002745, 0.0424523, -0.01875), (-0.1008075, 0.0423943, -0.01875), (-0.0998605, 0.0514587, -0.01875), (-0.0997385, 0.0424523, -0.01875), (-0.0926899, 0.0493869, -0.01875), (-0.0972285, 0.0416066, -0.01875), (-0.0376933, 0.0539903, -0.01875), (-0.075472, 0.0405115, -0.01875), (-0.0782374, 0.0405981, -0.01875), (0.0060083, 0.0300661, -0.01875), (0.0050454, 0.0310644, -0.01875), (0.0972156, 0.0416066, -0.01875), (0.0976749, 0.0418829, -0.01875), (0.0993224, 0.0514434, -0.01875), (0.0997255, 0.0424523, -0.01875), (0.1008328, 0.0514342, -0.01875), (0.1002615, 0.0424523, -0.01875), (0.1078915, 0.0490083, -0.01875), (0.1027714, 0.0416066, -0.01875), (0.1035872, 0.0341054, -0.01875), (0.0986692, -0.0327208, -0.01875), (0.1126895, -0.0432713, -0.01875), (0.104486, -0.039569, -0.01875), (0.1046844, -0.0390709, -0.01875), (0.1119895, -0.0446102, -0.01875), (0.1042349, -0.0400425, -0.01875), (-0.0695525, -0.0446061, -0.01875), (-0.0953155, -0.0390709, -0.01875), (-0.0786697, -0.0407597, -0.01875), (-0.0790809, -0.0409843, -0.01875), (-0.0777887, -0.0404444, -0.01875), (-0.0782374, -0.0405791, -0.01875), (-0.0763931, -0.0403277, -0.01875), (-0.0768615, -0.040318, -0.01875), (-0.0992055, -0.0423753, -0.01875), (-0.1028625, -0.051145, -0.01875), (-0.1008075, -0.0423753, -0.01875), (-0.1013305, -0.0422601, -0.01875), (-0.1032115, -0.0412631, -0.01875), (-0.1002745, 0.0325669, -0.01875), (-0.0997385, 0.0325669, -0.01875), (-0.1008075, 0.0326248, -0.01875), (-0.1027845, 0.0334124, -0.01875), (-0.1085645, 0.0264929, -0.01875), (-0.1028625, 0.0511641, -0.01875), (-0.0983535, 0.0513612, -0.01875), (-0.0992055, 0.0423943, -0.01875), (-0.0968655, 0.0511013, -0.01875), (-0.0750292, 0.0406647, -0.01875), (-0.0746048, 0.0408633, -0.01875), (-0.0951725, 0.0385737, -0.01875), (-0.0790809, 0.0410035, -0.01875), (0.0076743, 0.029277, -0.01875), (0.0081304, 0.029192, -0.01875), (0.006392, 0.0298053, -0.01875), (0.0068005, 0.0295854, -0.01875), (0.1023334, 0.0512619, -0.01875), (0.1007943, 0.0423943, -0.01875), (0.1013178, 0.0422791, -0.01875), (0.1090885, 0.0480869, -0.01875), (0.1031981, 0.0412823, -0.01875), (0.1101785, 0.0470416, -0.01875), (0.1035872, 0.0409136, -0.01875), (0.1138705, 0.0389341, -0.01875), (0.1139435, 0.0374253, -0.01875), (0.1049435, 0.0375096, -0.01875), (0.1138525, 0.0359176, -0.01875), (0.1049145, 0.0369743, -0.01875), (0.1135995, 0.0344286, -0.01875), (0.1048278, 0.0364454, -0.01875), (0.1046844, 0.035929, -0.01875), (0.0957521, 0.0349576, -0.01875), (0.0960528, 0.034514, -0.01875), (0.0779046, 0.0242986, -0.01875), (0.0788624, -0.0253893, -0.01875), (0.0972156, -0.0333934, -0.01875), (0.0967889, -0.0337178, -0.01875), (0.1043452, -0.0139537, -0.01875), (0.1023121, -0.033117, -0.01875), (0.1018257, -0.032892, -0.01875), (0.1111495, -0.0458655, -0.01875), (0.1039342, -0.0404861, -0.01875), (0.1090885, -0.0480679, -0.01875), (0.1031981, -0.0412631, -0.01875), (0.1035872, -0.0408946, -0.01875), (0.1078915, -0.0489893, -0.01875), (0.0695515, -0.022378, -0.01875), (-0.0392468, -0.0539903, -0.01875), (-0.0446041, -0.0537124, -0.01875), (-0.0285817, -0.0529499, -0.01875), (-0.0338884, -0.0537354, -0.01875), (-0.0738292, -0.0413677, -0.01875), (-0.0773284, -0.0403569, -0.01875), (-0.1122625, -0.0441533, -0.01875), (-0.1042475, -0.0400425, -0.01875), (-0.1129115, -0.0427892, -0.01875), (-0.1044985, -0.039569, -0.01875), (-0.1097055, -0.0274638, -0.01875), (-0.1085645, -0.0264739, -0.01875), (-0.1032115, -0.0337178, -0.01875), (-0.1073235, -0.0256131, -0.01875), (-0.1027845, -0.0333934, -0.01875), (-0.1013305, -0.0327208, -0.01875), (-0.1018385, -0.032892, -0.01875), (-0.0992055, 0.0326248, -0.01875), (-0.1013305, 0.03274, -0.01875), (-0.1116345, 0.0298021, -0.01875), (-0.1042475, 0.0349576, -0.01875), (-0.1123995, 0.0311045, -0.01875), (-0.1044985, 0.035431, -0.01875), (-0.0964125, 0.0409136, -0.01875), (-0.0968015, 0.0412823, -0.01875), (-0.0957655, 0.0400615, -0.01875), (-0.0960655, 0.0405051, -0.01875), (-0.0953155, 0.0390901, -0.01875), (-0.0955145, 0.039588, -0.01875), (-0.0742034, 0.0411047, -0.01875), (-0.0786697, 0.0407789, -0.01875), (-0.0065546, 0.0430764, -0.01875), (-0.0022797, 0.0394804, -0.01875), (0.0072294, 0.0294087, -0.01875), (0.0264448, 0.0378674, -0.01875), (0.0108285, 0.0296731, -0.01875), (0.011227, 0.0299107, -0.01875), (0.0680783, 0.0234402, -0.01875), (0.0085928, 0.0291543, -0.01875), (0.0991927, 0.0423943, -0.01875), (0.1111495, 0.0458845, -0.01875), (0.1039342, 0.0405051, -0.01875), (0.1119895, 0.0446293, -0.01875), (0.1042349, 0.0400615, -0.01875), (0.1126895, 0.0432905, -0.01875), (0.104486, 0.039588, -0.01875), (0.1132395, 0.041884, -0.01875), (0.1046844, 0.0390901, -0.01875), (0.1136355, 0.0404261, -0.01875), (0.1048278, 0.0385737, -0.01875), (0.1049145, 0.0380448, -0.01875), (0.0953026, 0.035929, -0.01875), (0.095501, 0.035431, -0.01875), (0.0950725, 0.0369743, -0.01875), (0.0951592, 0.0364454, -0.01875), (0.1002615, -0.0325477, -0.01875), (0.0997255, -0.0325477, -0.01875), (0.1007943, -0.0326056, -0.01875), (0.1027714, -0.0333934, -0.01875), (0.1126185, -0.0315567, -0.01875), (0.1031981, -0.0337178, -0.01875), (0.1101785, -0.0470226, -0.01875), (-0.0499074, -0.0529044, -0.01875), (-0.0551044, -0.0515741, -0.01875), (-0.0950565, -0.0374904, -0.01875), (-0.0759282, -0.0403861, -0.01875), (-0.075472, -0.0404925, -0.01875), (-0.0746048, -0.0408441, -0.01875), (-0.0750292, -0.0406457, -0.01875), (-0.0742034, -0.0410857, -0.01875), (-0.1134085, -0.0413629, -0.01875), (-0.1046975, -0.0390709, -0.01875), (-0.1023255, -0.033117, -0.01875), (-0.1002745, -0.0325477, -0.01875), (-0.1008075, -0.0326056, -0.01875), (-0.0917616, -0.0146833, -0.01875), (-0.0976875, -0.033117, -0.01875), (0.1039178, 0.0120724, -0.01875), (-0.0964125, 0.0341054, -0.01875), (-0.0916105, 0.0128471, -0.01875), (-0.0915754, 0.0133143, -0.01875), (-0.1130195, 0.032482, -0.01875), (-0.1046975, 0.035929, -0.01875), (-0.1129115, 0.0428082, -0.01875), (-0.1044985, 0.039588, -0.01875), (-0.1046975, 0.0390901, -0.01875), (-0.1122625, 0.0441723, -0.01875), (-0.1042475, 0.0400615, -0.01875), (-0.1114705, 0.0454585, -0.01875), (-0.1039475, 0.0405051, -0.01875), (-0.1105435, 0.0466513, -0.01875), (0.103946, 0.0125622, -0.01875), (-0.0953155, 0.035929, -0.01875), (-0.0951725, 0.0364454, -0.01875), (0.0186078, 0.0348281, -0.01875), (0.0115989, 0.0301879, -0.01875), (0.0224446, 0.0365584, -0.01875), (0.0347496, 0.039166, -0.01875), (0.0104076, 0.0294778, -0.01875), (0.069976, 0.0222354, -0.01875), (0.0704146, 0.0221174, -0.01875), (0.0687621, 0.0228441, -0.01875), (0.0691455, 0.0226006, -0.01875), (0.0684051, 0.0231248, -0.01875), (0.067785, 0.0237869, -0.01875), (0.0922348, 0.0491029, -0.01875), (0.0788624, 0.0254083, -0.01875), (0.079095, 0.0258403, -0.01875), (0.0950435, 0.0375096, -0.01875), (0.0957521, -0.0349384, -0.01875), (0.095501, -0.035412, -0.01875), (0.079095, -0.0258212, -0.01875), (0.0991927, -0.0326056, -0.01875), (0.1013178, -0.0327208, -0.01875), (0.1035872, -0.0340863, -0.01875), (0.0889392, -0.0459995, -0.01875), (0.0960528, -0.0404861, -0.01875), (0.088084, -0.0447545, -0.01875), (0.0957521, -0.0400425, -0.01875), (0.0684051, -0.0231057, -0.01875), (0.0680783, -0.0234211, -0.01875), (-0.0957655, -0.0400425, -0.01875), (-0.0955145, -0.039569, -0.01875), (-0.0960655, -0.0404861, -0.01875), (-0.0997385, -0.0325477, -0.01875), (-0.0972285, -0.0333934, -0.01875), (-0.0964125, -0.0340863, -0.01875), (-0.0968015, -0.0337178, -0.01875), (0.1039178, -0.0120533, -0.01875), (-0.0960655, -0.0344948, -0.01875), (-0.0926125, 0.0074781, -0.01875), (0.1040215, 0.0110982, -0.01875), (0.1060039, -0.005192, -0.01875), (-0.0916514, 0.0142469, -0.01875), (-0.0915891, 0.0137827, -0.01875), (-0.1137485, 0.0399102, -0.01875), (-0.1048405, 0.0385737, -0.01875), (-0.1049275, 0.0380448, -0.01875), (-0.1134085, 0.0413819, -0.01875), (0.1040274, 0.0130459, -0.01875), (0.0305623, 0.0387399, -0.01875), (0.0431403, 0.0386641, -0.01875), (0.0099689, 0.029327, -0.01875), (0.0550468, 0.0346088, -0.01875), (0.0090566, 0.0291643, -0.01875), (0.0095169, 0.0292221, -0.01875), (0.0619994, 0.0298848, -0.01875), (0.0695515, 0.0223971, -0.01875), (0.0650561, 0.0269914, -0.01875), (0.0910268, 0.048196, -0.01875), (0.0963427, 0.0509733, -0.01875), (0.0963998, -0.0340863, -0.01875), (0.0960528, -0.0344948, -0.01875), (0.1131865, -0.0329565, -0.01875), (0.1046844, -0.03591, -0.01875), (0.104486, -0.035412, -0.01875), (0.1139435, -0.0374063, -0.01875), (0.1049435, -0.0374904, -0.01875), (0.1049145, -0.0369553, -0.01875), (0.1138705, -0.0389149, -0.01875), (0.1049145, -0.0380256, -0.01875), (0.1136355, -0.0404069, -0.01875), (0.1048278, -0.0385545, -0.01875), (0.1132395, -0.0418648, -0.01875), (0.0873684, -0.0434242, -0.01875), (0.095501, -0.039569, -0.01875), (0.0687621, -0.022825, -0.01875), (0.0691455, -0.0225815, -0.01875), (0.069976, -0.0222163, -0.01875), (-0.0972285, -0.0415876, -0.01875), (-0.0968015, -0.0412631, -0.01875), (-0.1137485, -0.0398912, -0.01875), (-0.1048405, -0.0385545, -0.01875), (-0.1139275, -0.0383914, -0.01875), (-0.1049275, -0.0380256, -0.01875), (-0.0992055, -0.0326056, -0.01875), (-0.0916514, -0.0142279, -0.01875), (-0.0915891, -0.0137636, -0.01875), (-0.0915754, -0.0132953, -0.01875), (0.1053031, -0.0077164, -0.01875), (-0.0960655, 0.034514, -0.01875), (-0.0957655, 0.0349576, -0.01875), (-0.0972285, 0.0334124, -0.01875), (-0.0968015, 0.0337368, -0.01875), (-0.1134865, 0.0339184, -0.01875), (-0.1048405, 0.0364454, -0.01875), (-0.1137955, 0.0353967, -0.01875), (-0.1049275, 0.0369743, -0.01875), (-0.1139275, 0.0384104, -0.01875), (-0.1049565, 0.0375096, -0.01875), (-0.0693689, 0.04475, -0.01875), (0.0389584, 0.0391406, -0.01875), (0.0512311, 0.0363851, -0.01875), (0.0586501, 0.0324337, -0.01875), (0.0889392, 0.0460187, -0.01875), (0.0873684, 0.0434434, -0.01875), (0.089924, 0.0471639, -0.01875), (0.0949084, 0.0504998, -0.01875), (0.0963998, 0.0409136, -0.01875), (0.0960528, 0.0405051, -0.01875), (0.0730883, 0.0223604, -0.01875), (0.0746136, 0.0229343, -0.01875), (0.0708628, 0.0220443, -0.01875), (0.0713161, 0.0220168, -0.01875), (0.1042349, -0.0349384, -0.01875), (0.1039342, -0.0344948, -0.01875), (0.1135995, -0.0344094, -0.01875), (0.1048278, -0.0364264, -0.01875), (0.1138525, -0.0358984, -0.01875), (0.0953026, -0.0390709, -0.01875), (0.0950725, -0.0380256, -0.01875), (0.0951592, -0.0385545, -0.01875), (0.0950435, -0.0374904, -0.01875), (0.0708628, -0.0220252, -0.01875), (0.0704146, -0.0220983, -0.01875), (-0.0950855, -0.0369553, -0.01875), (-0.0951725, -0.0364264, -0.01875), (0.103946, -0.0125431, -0.01875), (-0.0950855, -0.0380256, -0.01875), (-0.0951725, -0.0385545, -0.01875), (-0.0964125, -0.0408946, -0.01875), (-0.1139435, -0.0368809, -0.01875), (-0.1049565, -0.0374904, -0.01875), (-0.1130195, -0.0324629, -0.01875), (-0.1123995, -0.0310855, -0.01875), (-0.1044985, -0.035412, -0.01875), (-0.1116345, -0.029783, -0.01875), (-0.1042475, -0.0349384, -0.01875), (-0.1107325, -0.0285711, -0.01875), (-0.1039475, -0.0344948, -0.01875), (-0.1036005, -0.0340863, -0.01875), (-0.0957655, -0.0349384, -0.01875), (0.103943, 0.0115825, -0.01875), (-0.1139435, 0.0369001, -0.01875), (-0.0955145, 0.035431, -0.01875), (0.047247, 0.0377422, -0.01875), (0.0935337, 0.0498737, -0.01875), (0.0953026, 0.0390901, -0.01875), (0.0951592, 0.0385737, -0.01875), (0.0957521, 0.0400615, -0.01875), (0.095501, 0.039588, -0.01875), (0.0726606, 0.0222078, -0.01875), (0.07177, 0.022035, -0.01875), (0.0722196, 0.0220989, -0.01875), (0.0953026, -0.03591, -0.01875), (0.0951592, -0.0364264, -0.01875), (0.07177, -0.0220159, -0.01875), (0.0713161, -0.0219977, -0.01875), (-0.1137955, -0.0353777, -0.01875), (-0.1134865, -0.0338992, -0.01875), (-0.1048405, -0.0364264, -0.01875), (-0.1046975, -0.03591, -0.01875), (0.103943, -0.0115634, -0.01875), (-0.0930738, -0.0024871, -0.01875), (-0.0930738, 0.0025062, -0.01875), (0.1065695, 0.0000095, -0.01875), (0.1041522, 0.0106253, -0.01875), (0.1043335, -0.0101504, -0.01875), (-0.091694, 0.0123861, -0.01875), (0.0770884, 0.0237567, -0.01875), (0.0950725, 0.0380448, -0.01875), (0.0761742, 0.0234044, -0.01875), (0.0950725, -0.0369553, -0.01875), (-0.1049275, -0.0369553, -0.01875), (-0.0916105, -0.0128281, -0.01875), (-0.0926125, -0.007459, -0.01875), (0.1060039, 0.0052111, -0.01875), (0.1043335, 0.0101695, -0.01875), (0.1064275, 0.0026256, -0.01875), (0.1041522, -0.0106062, -0.01875), (0.0761742, -0.0233853, -0.01875), (0.0746136, -0.0229152, -0.01875), (0.0779046, -0.0242795, -0.01875), (0.0775113, -0.0239863, -0.01875), (0.0722196, -0.0220798, -0.01875), (-0.0953155, -0.03591, -0.01875), (-0.0955145, -0.035412, -0.01875), (-0.091694, -0.0123671, -0.01875), (0.1064275, -0.0026065, -0.01875), (0.0149786, 0.0326964, -0.01875), (0.0766409, 0.0235555, -0.01875), (0.0730883, -0.0223414, -0.01875), (0.0770884, -0.0237377, -0.01875), (0.0785842, -0.0249851, -0.01875), (0.0782637, -0.0246138, -0.01875), (0.1040215, -0.0110791, -0.01875), (0.0766409, -0.0235364, -0.01875), (0.1053031, 0.0077355, -0.01875), (0.088084, 0.0447735, -0.01875), (0.0726606, -0.0221887, -0.01875), (0.03127475, 0.0000071249997, 0.01725), (0.0313061, 0.000584925, 0.01725), (0.0313997, 0.0011559, 0.01725), (0.0315545, 0.00171345, 0.01725), (0.031768627, 0.002250975, 0.01725), (0.032039676, 0.002762175, 0.01725), (0.03236435, 0.00324105, 0.01725), (0.032738976, 0.00368205, 0.01725), (0.033159047, 0.004079925, 0.01725), (0.033619627, 0.0044301, 0.01725), (0.03411545, 0.00472845, 0.01725), (0.034640603, 0.0049713748, 0.01725), (0.035188925, 0.0051561003, 0.01725), (0.035753973, 0.005280525, 0.01725), (0.036329225, 0.005343075, 0.01725), (0.036907773, 0.005343075, 0.01725), (0.037483025, 0.005280525, 0.01725), (0.038048077, 0.0051561003, 0.01725), (0.0385964, 0.0049713748, 0.01725), (0.03912155, 0.00472845, 0.01725), (0.039617375, 0.0044301, 0.01725), (0.04007795, 0.004079925, 0.01725), (0.040498026, 0.00368205, 0.01725), (0.04087265, 0.00324105, 0.01725), (0.041197326, 0.002762175, 0.01725), (0.041468374, 0.002250975, 0.01725), (0.0416825, 0.00171345, 0.01725), (0.0418373, 0.0011559, 0.01725), (0.0419309, 0.000584925, 0.01725), (0.04196225, 0.0000071249997, 0.01725), (0.0419309, -0.0005706, 0.01725), (0.0418373, -0.0011415749, 0.01725), (0.0416825, -0.0016991249, 0.01725), (0.041468374, -0.0022366499, 0.01725), (0.041197326, -0.00274785, 0.01725), (0.04087265, -0.003226725, 0.01725), (0.040498026, -0.0036677248, 0.01725), (0.04007795, -0.0040656747, 0.01725), (0.039617375, -0.0044157747, 0.01725), (0.03912155, -0.004714125, 0.01725), (0.0385964, -0.00495705, 0.01725), (0.038048077, -0.005141775, 0.01725), (0.037483025, -0.0052662, 0.01725), (0.036907773, -0.00532875, 0.01725), (0.036329225, -0.00532875, 0.01725), (0.035753973, -0.0052662, 0.01725), (0.035188925, -0.005141775, 0.01725), (0.034640603, -0.00495705, 0.01725), (0.03411545, -0.004714125, 0.01725), (0.033619627, -0.0044157747, 0.01725), (0.033159047, -0.0040656747, 0.01725), (0.032738976, -0.0036677248, 0.01725), (0.03236435, -0.003226725, 0.01725), (0.032039676, -0.00274785, 0.01725), (0.031768627, -0.0022366499, 0.01725), (0.0315545, -0.0016991249, 0.01725), (0.0313997, -0.0011415749, 0.01725), (0.0313061, -0.0005706, 0.01725), (0.07702475, 0.0000071249997, 0.01725), (0.0770561, 0.000584925, 0.01725), (0.0771497, 0.0011559, 0.01725), (0.0773045, 0.00171345, 0.01725), (0.07751863, 0.002250975, 0.01725), (0.07778967, 0.002762175, 0.01725), (0.078114346, 0.00324105, 0.01725), (0.078488976, 0.00368205, 0.01725), (0.07890905, 0.004079925, 0.01725), (0.07936962, 0.0044301, 0.01725), (0.079865456, 0.00472845, 0.01725), (0.0803906, 0.0049713748, 0.01725), (0.08093893, 0.0051561003, 0.01725), (0.08150397, 0.005280525, 0.01725), (0.082079224, 0.005343075, 0.01725), (0.08265778, 0.005343075, 0.01725), (0.08323303, 0.005280525, 0.01725), (0.08379807, 0.0051561003, 0.01725), (0.0843464, 0.0049713748, 0.01725), (0.084871545, 0.00472845, 0.01725), (0.08536738, 0.0044301, 0.01725), (0.085827954, 0.004079925, 0.01725), (0.086248025, 0.00368205, 0.01725), (0.086622655, 0.00324105, 0.01725), (0.08694733, 0.002762175, 0.01725), (0.087218374, 0.002250975, 0.01725), (0.0874325, 0.00171345, 0.01725), (0.087587304, 0.0011559, 0.01725), (0.0876809, 0.000584925, 0.01725), (0.08771225, 0.0000071249997, 0.01725), (0.0876809, -0.0005706, 0.01725), (0.087587304, -0.0011415749, 0.01725), (0.0874325, -0.0016991249, 0.01725), (0.087218374, -0.0022366499, 0.01725), (0.08694733, -0.00274785, 0.01725), (0.086622655, -0.003226725, 0.01725), (0.086248025, -0.0036677248, 0.01725), (0.085827954, -0.0040656747, 0.01725), (0.08536738, -0.0044157747, 0.01725), (0.084871545, -0.004714125, 0.01725), (0.0843464, -0.00495705, 0.01725), (0.08379807, -0.005141775, 0.01725), (0.08323303, -0.0052662, 0.01725), (0.08265778, -0.00532875, 0.01725), (0.082079224, -0.00532875, 0.01725), (0.08150397, -0.0052662, 0.01725), (0.08093893, -0.005141775, 0.01725), (0.0803906, -0.00495705, 0.01725), (0.079865456, -0.004714125, 0.01725), (0.07936962, -0.0044157747, 0.01725), (0.07890905, -0.0040656747, 0.01725), (0.078488976, -0.0036677248, 0.01725), (0.078114346, -0.003226725, 0.01725), (0.07778967, -0.00274785, 0.01725), (0.07751863, -0.0022366499, 0.01725), (0.0773045, -0.0016991249, 0.01725), (0.0771497, -0.0011415749, 0.01725), (0.0770561, -0.0005706, 0.01725), (0.07814975, 0.0000071249997, 0.01875), (0.0781745, 0.000463275, 0.01875), (0.078248374, 0.0009141, 0.01875), (0.07837062, 0.0013542001, 0.01875), (0.07853968, 0.00177855, 0.01875), (0.07875365, 0.0021821249, 0.01875), (0.07901, 0.0025602, 0.01875), (0.07930572, 0.002908425, 0.01875), (0.07963738, 0.0032225251, 0.01875), (0.080000974, 0.0034989747, 0.01875), (0.0803924, 0.003734475, 0.01875), (0.080807, 0.00392625, 0.01875), (0.0812399, 0.004072125, 0.01875), (0.081686005, 0.0041703, 0.01875), (0.082140125, 0.004219725, 0.01875), (0.082596876, 0.004219725, 0.01875), (0.083050996, 0.0041703, 0.01875), (0.0834971, 0.004072125, 0.01875), (0.08393, 0.00392625, 0.01875), (0.0843446, 0.003734475, 0.01875), (0.08473603, 0.0034989747, 0.01875), (0.08509962, 0.0032225251, 0.01875), (0.08543128, 0.002908425, 0.01875), (0.085727, 0.0025602, 0.01875), (0.08598335, 0.0021821249, 0.01875), (0.086197324, 0.00177855, 0.01875), (0.08636638, 0.0013542001, 0.01875), (0.08648863, 0.0009141, 0.01875), (0.0865625, 0.000463275, 0.01875), (0.08658725, 0.0000071249997, 0.01875), (0.0865625, -0.00044895, 0.01875), (0.08648863, -0.00089977507, 0.01875), (0.08636638, -0.0013398749, 0.01875), (0.086197324, -0.0017642251, 0.01875), (0.08598335, -0.0021678, 0.01875), (0.085727, -0.00254595, 0.01875), (0.08543128, -0.0028941, 0.01875), (0.08509962, -0.0032082, 0.01875), (0.08473603, -0.00348465, 0.01875), (0.0843446, -0.0037201499, 0.01875), (0.08393, -0.003911925, 0.01875), (0.0834971, -0.0040578004, 0.01875), (0.083050996, -0.0041560503, 0.01875), (0.082596876, -0.0042054, 0.01875), (0.082140125, -0.0042054, 0.01875), (0.081686005, -0.0041560503, 0.01875), (0.0812399, -0.0040578004, 0.01875), (0.080807, -0.003911925, 0.01875), (0.0803924, -0.0037201499, 0.01875), (0.080000974, -0.00348465, 0.01875), (0.07963738, -0.0032082, 0.01875), (0.07930572, -0.0028941, 0.01875), (0.07901, -0.00254595, 0.01875), (0.07875365, -0.0021678, 0.01875), (0.07853968, -0.0017642251, 0.01875), (0.07837062, -0.0013398749, 0.01875), (0.078248374, -0.00089977507, 0.01875), (0.0781745, -0.00044895, 0.01875), (0.0823685, 0.0000071249997, 0.01875), (0.03239975, 0.0000071249997, 0.01875), (0.0324245, 0.000463275, 0.01875), (0.032498375, 0.0009141, 0.01875), (0.032620627, 0.0013542001, 0.01875), (0.032789677, 0.00177855, 0.01875), (0.03300365, 0.0021821249, 0.01875), (0.033260003, 0.0025602, 0.01875), (0.033555724, 0.002908425, 0.01875), (0.033887375, 0.0032225251, 0.01875), (0.034250975, 0.0034989747, 0.01875), (0.0346424, 0.003734475, 0.01875), (0.035057, 0.00392625, 0.01875), (0.035489902, 0.004072125, 0.01875), (0.035935998, 0.0041703, 0.01875), (0.036390126, 0.004219725, 0.01875), (0.036846876, 0.004219725, 0.01875), (0.037301, 0.0041703, 0.01875), (0.0377471, 0.004072125, 0.01875), (0.03818, 0.00392625, 0.01875), (0.0385946, 0.003734475, 0.01875), (0.038986027, 0.0034989747, 0.01875), (0.039349623, 0.0032225251, 0.01875), (0.03968128, 0.002908425, 0.01875), (0.039977, 0.0025602, 0.01875), (0.04023335, 0.0021821249, 0.01875), (0.040447325, 0.00177855, 0.01875), (0.040616374, 0.0013542001, 0.01875), (0.040738627, 0.0009141, 0.01875), (0.0408125, 0.000463275, 0.01875), (0.04083725, 0.0000071249997, 0.01875), (0.0408125, -0.00044895, 0.01875), (0.040738627, -0.00089977507, 0.01875), (0.040616374, -0.0013398749, 0.01875), (0.040447325, -0.0017642251, 0.01875), (0.04023335, -0.0021678, 0.01875), (0.039977, -0.00254595, 0.01875), (0.03968128, -0.0028941, 0.01875), (0.039349623, -0.0032082, 0.01875), (0.038986027, -0.00348465, 0.01875), (0.0385946, -0.0037201499, 0.01875), (0.03818, -0.003911925, 0.01875), (0.0377471, -0.0040578004, 0.01875), (0.037301, -0.0041560503, 0.01875), (0.036846876, -0.0042054, 0.01875), (0.036390126, -0.0042054, 0.01875), (0.035935998, -0.0041560503, 0.01875), (0.035489902, -0.0040578004, 0.01875), (0.035057, -0.003911925, 0.01875), (0.0346424, -0.0037201499, 0.01875), (0.034250975, -0.00348465, 0.01875), (0.033887375, -0.0032082, 0.01875), (0.033555724, -0.0028941, 0.01875), (0.033260003, -0.00254595, 0.01875), (0.03300365, -0.0021678, 0.01875), (0.032789677, -0.0017642251, 0.01875), (0.032620627, -0.0013398749, 0.01875), (0.032498375, -0.00089977507, 0.01875), (0.0324245, -0.00044895, 0.01875), (0.0366185, 0.0000071249997, 0.01875)]
            color3f[] primvars:displayColor = [(0, 0.682353, 0.984314)]
            uniform token purpose = "render"
            uniform token subdivisionScheme = "none"
        }
    }

    def "collisions"
    {
        def Mesh "factory_gear_base_collision" (
            prepend apiSchemas = ["PhysicsCollisionAPI", "PhysicsMeshCollisionAPI", "PhysxCollisionAPI", "NewtonCollisionAPI", "NewtonSDFCollisionAPI"]
        )
        {
            float3[] extent = [(-0.1139435, -0.0539903, -0.01875), (0.1139435, 0.0539903, 0.01875)]
            int[] faceVertexCounts = [3, 3, 3, 3, 3, 3, 3, 3, 3, 3, 3, 3, 3, 3, 3, 3, 3, 3, 3, 3, 3, 3, 3, 3, 3, 3, 3, 3, 3, 3, 3, 3, 3, 3, 3, 3, 3, 3, 3, 3, 3, 3, 3, 3, 3, 3, 3, 3, 3, 3, 3, 3, 3, 3, 3, 3, 3, 3, 3, 3, 3, 3, 3, 3, 3, 3, 3, 3, 3, 3, 3, 3, 3, 3, 3, 3, 3, 3, 3, 3, 3, 3, 3, 3, 3, 3, 3, 3, 3, 3, 3, 3, 3, 3, 3, 3, 3, 3, 3, 3, 3, 3, 3, 3, 3, 3, 3, 3, 3, 3, 3, 3, 3, 3, 3, 3, 3, 3, 3, 3, 3, 3, 3, 3, 3, 3, 3, 3, 3, 3, 3, 3, 3, 3, 3, 3, 3, 3, 3, 3, 3, 3, 3, 3, 3, 3, 3, 3, 3, 3, 3, 3, 3, 3, 3, 3, 3, 3, 3, 3, 3, 3, 3, 3, 3, 3, 3, 3, 3, 3, 3, 3, 3, 3, 3, 3, 3, 3, 3, 3, 3, 3, 3, 3, 3, 3, 3, 3, 3, 3, 3, 3, 3, 3, 3, 3, 3, 3, 3, 3, 3, 3, 3, 3, 3, 3, 3, 3, 3, 3, 3, 3, 3, 3, 3, 3, 3, 3, 3, 3, 3, 3, 3, 3, 3, 3, 3, 3, 3, 3, 3, 3, 3, 3, 3, 3, 3, 3, 3, 3, 3, 3, 3, 3, 3, 3, 3, 3, 3, 3, 3, 3, 3, 3, 3, 3, 3, 3, 3, 3, 3, 3, 3, 3, 3, 3, 3, 3, 3, 3, 3, 3, 3, 3, 3, 3, 3, 3, 3, 3, 3, 3, 3, 3, 3, 3, 3, 3, 3, 3, 3, 3, 3, 3, 3, 3, 3, 3, 3, 3, 3, 3, 3, 3, 3, 3, 3, 3, 3, 3, 3, 3, 3, 3, 3, 3, 3, 3, 3, 3, 3, 3, 3, 3, 3, 3, 3, 3, 3, 3, 3, 3, 3, 3, 3, 3, 3, 3, 3, 3, 3, 3, 3, 3, 3, 3, 3, 3, 3, 3, 3, 3, 3, 3, 3, 3, 3, 3, 3, 3, 3, 3, 3, 3, 3, 3, 3, 3, 3, 3, 3, 3, 3, 3, 3, 3, 3, 3, 3, 3, 3, 3, 3, 3, 3, 3, 3, 3, 3, 3, 3, 3, 3, 3, 3, 3, 3, 3, 3, 3, 3, 3, 3, 3, 3, 3, 3, 3, 3, 3, 3, 3, 3, 3, 3, 3, 3, 3, 3, 3, 3, 3, 3, 3, 3, 3, 3, 3, 3, 3, 3, 3, 3, 3, 3, 3, 3, 3, 3, 3, 3, 3, 3, 3, 3, 3, 3, 3, 3, 3, 3, 3, 3, 3, 3, 3, 3, 3, 3, 3, 3, 3, 3, 3, 3, 3, 3, 3, 3, 3, 3, 3, 3, 3, 3, 3, 3, 3, 3, 3, 3, 3, 3, 3, 3, 3, 3, 3, 3, 3, 3, 3, 3, 3, 3, 3, 3, 3, 3, 3, 3, 3, 3, 3, 3, 3, 3, 3, 3, 3, 3, 3, 3, 3, 3, 3, 3, 3, 3, 3, 3, 3, 3, 3, 3, 3, 3, 3, 3, 3, 3, 3, 3, 3, 3, 3, 3, 3, 3, 3, 3, 3, 3, 3, 3, 3, 3, 3, 3, 3, 3, 3, 3, 3, 3, 3, 3, 3, 3, 3, 3, 3, 3, 3, 3, 3, 3, 3, 3, 3, 3, 3, 3, 3, 3, 3, 3, 3, 3, 3, 3, 3, 3, 3, 3, 3, 3, 3, 3, 3, 3, 3, 3, 3, 3, 3, 3, 3, 3, 3, 3, 3, 3, 3, 3, 3, 3, 3, 3, 3, 3, 3, 3, 3, 3, 3, 3, 3, 3, 3, 3, 3, 3, 3, 3, 3, 3, 3, 3, 3, 3, 3, 3, 3, 3, 3, 3, 3, 3, 3, 3, 3, 3, 3, 3, 3, 3, 3, 3, 3, 3, 3, 3, 3, 3, 3, 3, 3, 3, 3, 3, 3, 3, 3, 3, 3, 3, 3, 3, 3, 3, 3, 3, 3, 3, 3, 3, 3, 3, 3, 3, 3, 3, 3, 3, 3, 3, 3, 3, 3, 3, 3, 3, 3, 3, 3, 3, 3, 3, 3, 3, 3, 3, 3, 3, 3, 3, 3, 3, 3, 3, 3, 3, 3, 3, 3, 3, 3, 3, 3, 3, 3, 3, 3, 3, 3, 3, 3, 3, 3, 3, 3, 3, 3, 3, 3, 3, 3, 3, 3, 3, 3, 3, 3, 3, 3, 3, 3, 3, 3, 3, 3, 3, 3, 3, 3, 3, 3, 3, 3, 3, 3, 3, 3, 3, 3, 3, 3, 3, 3, 3, 3, 3, 3, 3, 3, 3, 3, 3, 3, 3, 3, 3, 3, 3, 3, 3, 3, 3, 3, 3, 3, 3, 3, 3, 3, 3, 3, 3, 3, 3, 3, 3, 3, 3, 3, 3, 3, 3, 3, 3, 3, 3, 3, 3, 3, 3, 3, 3, 3, 3, 3, 3, 3, 3, 3, 3, 3, 3, 3, 3, 3, 3, 3, 3, 3, 3, 3, 3, 3, 3, 3, 3, 3, 3, 3, 3, 3, 3, 3, 3, 3, 3, 3, 3, 3, 3, 3, 3, 3, 3, 3, 3, 3, 3, 3, 3, 3, 3, 3, 3, 3, 3, 3, 3, 3, 3, 3, 3, 3, 3, 3, 3, 3, 3, 3, 3, 3, 3, 3, 3, 3, 3, 3, 3, 3, 3, 3, 3, 3, 3, 3, 3, 3, 3, 3, 3, 3, 3, 3, 3, 3, 3, 3, 3, 3, 3, 3, 3, 3, 3, 3, 3, 3, 3, 3, 3, 3, 3, 3, 3, 3, 3, 3, 3, 3, 3, 3, 3, 3, 3, 3, 3, 3, 3, 3, 3, 3, 3, 3, 3, 3, 3, 3, 3, 3, 3, 3, 3, 3, 3, 3, 3, 3, 3, 3, 3, 3, 3, 3, 3, 3, 3, 3, 3, 3, 3, 3, 3, 3, 3, 3, 3, 3, 3, 3, 3, 3, 3, 3, 3, 3, 3, 3, 3, 3, 3, 3, 3, 3, 3, 3, 3, 3, 3, 3, 3, 3, 3, 3, 3, 3, 3, 3, 3, 3, 3, 3, 3, 3, 3, 3, 3, 3, 3, 3, 3, 3, 3, 3, 3, 3, 3, 3, 3, 3, 3, 3, 3, 3, 3, 3, 3, 3, 3, 3, 3, 3, 3, 3, 3, 3, 3, 3, 3, 3, 3, 3, 3, 3, 3, 3, 3, 3, 3, 3, 3, 3, 3, 3, 3, 3, 3, 3, 3, 3, 3, 3, 3, 3, 3, 3, 3, 3, 3, 3, 3, 3, 3, 3, 3, 3, 3, 3, 3, 3, 3, 3, 3, 3, 3, 3, 3, 3, 3, 3, 3, 3, 3, 3, 3, 3, 3, 3, 3, 3, 3, 3, 3, 3, 3, 3, 3, 3, 3, 3, 3, 3, 3, 3, 3, 3, 3, 3, 3, 3, 3, 3, 3, 3, 3, 3, 3, 3, 3, 3, 3, 3, 3, 3, 3, 3, 3, 3, 3, 3, 3, 3, 3, 3, 3, 3, 3, 3, 3, 3, 3, 3, 3, 3, 3, 3, 3, 3, 3, 3, 3, 3, 3, 3, 3, 3, 3, 3, 3, 3, 3, 3, 3, 3, 3, 3, 3, 3, 3, 3, 3, 3, 3, 3, 3, 3, 3, 3, 3, 3, 3, 3, 3, 3, 3, 3, 3, 3, 3, 3, 3, 3, 3, 3, 3, 3, 3, 3, 3, 3, 3, 3, 3, 3, 3, 3, 3, 3, 3, 3, 3, 3, 3, 3, 3, 3, 3, 3, 3, 3, 3, 3, 3, 3, 3, 3, 3, 3, 3, 3, 3, 3, 3, 3, 3, 3, 3, 3, 3, 3, 3, 3, 3, 3, 3, 3, 3, 3, 3, 3, 3, 3, 3, 3, 3, 3, 3, 3, 3, 3, 3, 3, 3, 3, 3, 3, 3, 3, 3, 3, 3, 3, 3, 3, 3, 3, 3, 3, 3, 3, 3, 3, 3, 3, 3, 3, 3, 3, 3, 3, 3, 3, 3, 3, 3, 3, 3, 3, 3, 3, 3, 3, 3, 3, 3, 3, 3, 3, 3, 3, 3, 3, 3, 3, 3, 3, 3, 3, 3, 3, 3, 3, 3, 3, 3, 3, 3, 3, 3, 3, 3, 3, 3, 3, 3, 3, 3, 3, 3, 3, 3, 3, 3, 3, 3, 3, 3, 3, 3, 3, 3, 3, 3, 3, 3, 3, 3, 3, 3, 3, 3, 3, 3, 3, 3, 3, 3, 3, 3, 3, 3, 3, 3, 3, 3, 3, 3, 3, 3, 3, 3, 3, 3, 3, 3, 3, 3, 3, 3, 3, 3, 3, 3, 3, 3, 3, 3, 3, 3, 3, 3, 3, 3, 3, 3, 3, 3, 3, 3, 3, 3, 3, 3, 3, 3, 3, 3, 3, 3, 3, 3, 3, 3, 3, 3, 3, 3, 3, 3, 3, 3, 3, 3, 3, 3, 3, 3, 3, 3, 3, 3, 3, 3, 3, 3, 3, 3, 3, 3, 3, 3, 3, 3, 3, 3, 3, 3, 3, 3, 3, 3, 3, 3, 3, 3, 3, 3, 3, 3, 3, 3, 3, 3, 3, 3, 3, 3, 3, 3, 3, 3, 3, 3, 3, 3, 3, 3, 3, 3, 3, 3, 3, 3, 3, 3, 3, 3, 3, 3, 3, 3, 3, 3, 3, 3, 3, 3, 3, 3, 3, 3, 3, 3, 3, 3, 3, 3, 3, 3, 3, 3, 3, 3, 3, 3, 3, 3, 3, 3, 3, 3, 3, 3, 3, 3, 3, 3, 3, 3, 3, 3, 3, 3, 3, 3, 3, 3, 3, 3, 3, 3, 3, 3, 3, 3, 3, 3, 3, 3, 3, 3, 3, 3, 3, 3, 3, 3, 3, 3, 3, 3, 3, 3, 3, 3, 3, 3, 3, 3, 3, 3, 3, 3, 3, 3, 3, 3, 3, 3, 3, 3, 3, 3, 3, 3, 3, 3, 3, 3, 3, 3, 3, 3, 3, 3, 3, 3, 3, 3, 3, 3, 3, 3, 3, 3, 3, 3, 3, 3, 3, 3, 3, 3, 3, 3, 3, 3, 3, 3, 3, 3, 3, 3, 3, 3, 3, 3, 3, 3, 3, 3, 3, 3, 3, 3, 3, 3, 3, 3, 3, 3, 3, 3, 3, 3, 3, 3, 3, 3, 3, 3, 3, 3, 3, 3, 3, 3, 3, 3, 3, 3, 3, 3, 3, 3, 3, 3, 3, 3, 3, 3, 3, 3, 3, 3, 3, 3, 3, 3, 3, 3, 3, 3, 3, 3, 3, 3, 3, 3, 3, 3, 3, 3, 3, 3, 3, 3, 3, 3, 3, 3, 3, 3, 3, 3, 3, 3, 3, 3, 3, 3, 3, 3, 3, 3, 3, 3, 3, 3, 3, 3, 3, 3, 3, 3, 3, 3, 3, 3, 3, 3, 3, 3, 3, 3, 3, 3, 3, 3, 3, 3, 3, 3, 3, 3, 3, 3, 3, 3, 3, 3, 3, 3, 3, 3, 3, 3, 3, 3, 3, 3, 3, 3, 3, 3, 3, 3, 3, 3, 3, 3, 3, 3, 3, 3, 3, 3, 3, 3, 3, 3, 3, 3, 3, 3, 3, 3, 3, 3, 3, 3, 3, 3, 3, 3, 3, 3, 3, 3, 3, 3, 3, 3, 3, 3, 3, 3, 3, 3, 3, 3, 3, 3, 3, 3, 3, 3, 3, 3, 3, 3, 3, 3, 3, 3, 3, 3, 3, 3, 3, 3, 3, 3, 3, 3, 3, 3, 3, 3, 3, 3, 3, 3, 3, 3, 3, 3, 3, 3, 3, 3, 3, 3, 3, 3, 3, 3, 3, 3, 3, 3, 3, 3, 3, 3, 3, 3, 3, 3, 3, 3, 3, 3, 3, 3, 3, 3, 3, 3, 3, 3, 3, 3, 3, 3, 3, 3, 3, 3, 3, 3, 3, 3, 3, 3, 3, 3, 3, 3, 3, 3, 3, 3, 3, 3, 3, 3, 3, 3, 3, 3, 3, 3, 3, 3, 3, 3, 3, 3, 3, 3, 3, 3, 3, 3, 3, 3, 3, 3, 3, 3, 3, 3, 3, 3, 3, 3, 3, 3, 3, 3, 3, 3, 3, 3, 3, 3, 3, 3, 3, 3, 3, 3, 3, 3, 3, 3, 3, 3, 3, 3, 3, 3, 3, 3, 3, 3, 3, 3, 3, 3, 3, 3, 3, 3, 3, 3, 3, 3, 3, 3, 3, 3, 3, 3, 3, 3, 3, 3, 3, 3, 3, 3, 3, 3, 3, 3, 3, 3, 3, 3, 3, 3, 3, 3, 3, 3, 3, 3, 3, 3, 3, 3, 3, 3, 3, 3, 3, 3, 3, 3, 3, 3, 3, 3, 3, 3, 3, 3, 3, 3, 3, 3, 3, 3, 3, 3, 3, 3, 3, 3, 3, 3, 3, 3, 3, 3, 3, 3, 3, 3, 3, 3, 3, 3, 3, 3, 3, 3, 3, 3, 3, 3, 3, 3, 3, 3, 3, 3, 3, 3, 3, 3, 3, 3, 3, 3, 3, 3, 3, 3, 3, 3, 3, 3, 3, 3, 3, 3, 3, 3, 3, 3, 3, 3, 3, 3, 3, 3, 3, 3, 3, 3, 3, 3, 3, 3, 3, 3, 3, 3, 3, 3, 3, 3, 3, 3, 3, 3, 3, 3, 3, 3, 3, 3, 3, 3, 3, 3, 3, 3, 3, 3, 3, 3, 3, 3, 3, 3, 3, 3, 3, 3, 3, 3, 3, 3, 3, 3, 3, 3, 3, 3, 3, 3, 3, 3, 3, 3, 3, 3, 3, 3, 3, 3, 3, 3, 3, 3, 3, 3, 3, 3, 3, 3, 3, 3, 3, 3, 3, 3, 3, 3, 3, 3, 3, 3, 3, 3, 3, 3, 3, 3, 3, 3, 3, 3, 3, 3, 3, 3, 3, 3, 3, 3, 3, 3, 3, 3, 3, 3, 3, 3, 3, 3, 3, 3, 3, 3, 3, 3, 3, 3, 3, 3, 3, 3, 3, 3, 3, 3, 3, 3, 3, 3, 3, 3, 3, 3, 3, 3, 3, 3, 3, 3, 3, 3, 3, 3, 3, 3, 3, 3, 3, 3, 3, 3, 3, 3, 3, 3, 3, 3, 3, 3, 3, 3, 3, 3, 3, 3, 3, 3, 3, 3, 3, 3, 3, 3, 3, 3, 3, 3, 3, 3, 3, 3, 3, 3, 3, 3, 3, 3, 3, 3, 3, 3, 3, 3, 3, 3, 3, 3, 3, 3, 3, 3, 3, 3, 3, 3, 3, 3, 3, 3, 3, 3, 3, 3, 3, 3, 3, 3, 3, 3, 3, 3, 3, 3, 3, 3, 3, 3, 3, 3, 3, 3, 3, 3, 3, 3, 3, 3, 3, 3, 3, 3, 3, 3, 3, 3, 3, 3, 3, 3, 3, 3, 3, 3, 3, 3, 3, 3, 3, 3, 3, 3, 3, 3, 3, 3, 3, 3, 3, 3, 3, 3, 3, 3, 3, 3, 3, 3, 3, 3, 3, 3, 3, 3, 3, 3, 3, 3, 3, 3, 3, 3, 3, 3, 3, 3, 3, 3, 3, 3, 3, 3, 3, 3, 3, 3, 3, 3, 3, 3, 3, 3, 3, 3, 3, 3, 3, 3, 3, 3, 3, 3, 3, 3, 3, 3, 3, 3, 3, 3, 3, 3, 3, 3, 3, 3, 3, 3, 3, 3, 3, 3, 3, 3, 3, 3, 3, 3, 3, 3, 3, 3, 3, 3, 3, 3, 3, 3, 3, 3, 3, 3, 3, 3, 3, 3, 3, 3, 3, 3, 3, 3, 3, 3, 3, 3, 3, 3, 3, 3, 3, 3, 3, 3, 3, 3, 3, 3, 3, 3, 3, 3, 3, 3, 3, 3, 3, 3, 3, 3, 3, 3, 3, 3, 3, 3, 3, 3, 3, 3, 3, 3, 3, 3, 3, 3, 3, 3, 3, 3, 3, 3, 3, 3, 3, 3, 3, 3, 3, 3, 3, 3, 3, 3, 3, 3, 3, 3, 3, 3, 3, 3, 3, 3, 3, 3, 3, 3, 3, 3, 3, 3, 3, 3, 3, 3, 3, 3, 3, 3, 3, 3, 3, 3, 3, 3, 3, 3, 3, 3, 3, 3, 3, 3, 3, 3, 3, 3, 3, 3, 3, 3, 3, 3, 3, 3, 3, 3, 3, 3, 3, 3, 3, 3, 3, 3, 3, 3, 3, 3, 3, 3, 3, 3, 3, 3, 3, 3, 3, 3, 3, 3, 3, 3, 3, 3, 3, 3, 3, 3, 3, 3, 3, 3, 3, 3, 3, 3, 3, 3, 3, 3, 3, 3, 3, 3, 3, 3, 3, 3, 3, 3, 3, 3, 3, 3, 3, 3, 3, 3, 3, 3, 3, 3, 3, 3, 3, 3, 3, 3, 3, 3, 3, 3, 3, 3, 3, 3, 3, 3, 3, 3, 3, 3, 3, 3, 3, 3, 3, 3, 3, 3, 3, 3, 3, 3, 3, 3, 3, 3, 3, 3, 3, 3, 3, 3, 3, 3, 3, 3, 3, 3, 3, 3, 3, 3, 3, 3, 3, 3, 3, 3, 3, 3, 3, 3, 3, 3, 3, 3, 3, 3, 3, 3, 3, 3, 3, 3, 3, 3, 3, 3, 3, 3, 3, 3, 3, 3, 3, 3, 3, 3, 3, 3, 3, 3, 3, 3, 3, 3, 3, 3, 3, 3, 3, 3, 3, 3, 3, 3, 3, 3, 3, 3, 3, 3, 3, 3, 3, 3, 3, 3, 3, 3, 3, 3, 3, 3, 3, 3, 3, 3, 3, 3, 3, 3, 3, 3, 3, 3, 3, 3, 3, 3, 3, 3, 3, 3, 3, 3, 3, 3, 3, 3, 3, 3, 3, 3, 3, 3, 3, 3, 3, 3, 3, 3, 3, 3, 3, 3, 3, 3, 3, 3, 3, 3, 3, 3, 3, 3, 3, 3, 3, 3, 3, 3, 3, 3, 3, 3, 3, 3, 3, 3, 3, 3, 3, 3, 3, 3, 3, 3, 3, 3, 3, 3, 3, 3, 3, 3, 3, 3, 3, 3, 3, 3, 3, 3, 3, 3, 3, 3, 3, 3, 3, 3, 3, 3, 3, 3, 3, 3, 3, 3, 3, 3, 3, 3, 3, 3, 3, 3, 3, 3, 3, 3, 3, 3, 3, 3, 3, 3, 3, 3, 3, 3, 3, 3, 3, 3, 3, 3, 3, 3, 3, 3, 3, 3, 3, 3, 3, 3, 3, 3, 3, 3, 3, 3, 3, 3, 3, 3, 3, 3, 3, 3, 3, 3, 3, 3, 3, 3, 3, 3, 3, 3, 3, 3, 3, 3, 3, 3, 3, 3, 3, 3, 3, 3, 3, 3, 3, 3, 3, 3, 3, 3, 3, 3, 3, 3, 3, 3, 3, 3, 3, 3, 3, 3, 3, 3, 3, 3, 3, 3, 3, 3, 3, 3, 3, 3, 3, 3, 3, 3, 3, 3, 3, 3, 3, 3, 3, 3, 3, 3, 3, 3, 3, 3, 3, 3, 3, 3, 3, 3, 3, 3, 3, 3, 3, 3, 3, 3, 3, 3, 3, 3, 3, 3, 3, 3, 3, 3, 3, 3, 3, 3, 3, 3, 3, 3, 3, 3, 3, 3, 3, 3, 3, 3, 3, 3, 3, 3, 3, 3, 3, 3, 3, 3, 3, 3, 3, 3, 3, 3, 3, 3, 3, 3, 3, 3, 3, 3, 3, 3, 3, 3, 3, 3, 3, 3, 3, 3, 3, 3, 3, 3, 3, 3, 3, 3, 3, 3, 3, 3, 3, 3, 3, 3, 3, 3, 3, 3, 3, 3, 3, 3, 3, 3, 3, 3, 3, 3, 3, 3, 3, 3, 3, 3, 3, 3, 3, 3, 3, 3, 3, 3, 3, 3, 3, 3, 3, 3, 3, 3, 3, 3, 3, 3, 3, 3, 3, 3, 3, 3, 3, 3, 3, 3, 3, 3, 3, 3, 3, 3, 3, 3, 3, 3, 3, 3, 3, 3, 3, 3, 3, 3, 3, 3, 3, 3, 3, 3, 3, 3, 3, 3, 3, 3, 3, 3, 3, 3, 3, 3, 3, 3, 3, 3, 3, 3, 3, 3, 3, 3, 3, 3, 3, 3, 3, 3, 3, 3, 3, 3, 3, 3, 3, 3, 3, 3, 3, 3, 3, 3, 3, 3, 3, 3, 3, 3, 3, 3, 3, 3, 3, 3, 3, 3, 3, 3, 3, 3, 3, 3, 3, 3, 3, 3, 3, 3, 3, 3, 3, 3, 3, 3, 3, 3, 3, 3, 3, 3, 3, 3, 3]
            int[] faceVertexIndices = [58, 0, 1, 1, 2, 58, 2, 3, 58, 3, 4, 58, 4, 5, 58, 5, 6, 58, 6, 7, 58, 7, 8, 58, 8, 9, 58, 9, 10, 58, 10, 11, 58, 11, 12, 58, 12, 13, 58, 13, 14, 58, 14, 15, 58, 15, 16, 58, 16, 17, 58, 17, 18, 58, 18, 19, 58, 19, 20, 58, 20, 21, 58, 21, 22, 58, 22, 23, 58, 23, 24, 58, 24, 25, 58, 25, 26, 58, 26, 27, 58, 27, 28, 58, 28, 29, 58, 29, 30, 58, 30, 31, 58, 31, 32, 58, 32, 33, 58, 33, 34, 58, 34, 35, 58, 35, 36, 58, 36, 37, 58, 37, 38, 58, 38, 39, 58, 39, 40, 58, 40, 41, 58, 41, 42, 58, 42, 43, 58, 43, 44, 58, 44, 45, 58, 45, 46, 58, 46, 47, 58, 47, 48, 58, 48, 49, 58, 49, 50, 58, 50, 51, 58, 51, 52, 58, 52, 53, 58, 53, 54, 58, 54, 55, 58, 55, 56, 58, 56, 57, 58, 57, 0, 58, 59, 28, 27, 60, 27, 26, 61, 26, 25, 62, 25, 24, 63, 24, 23, 64, 23, 22, 65, 22, 21, 66, 21, 20, 67, 20, 19, 68, 19, 18, 69, 18, 17, 70, 17, 16, 71, 16, 15, 72, 15, 14, 73, 14, 13, 74, 13, 12, 75, 12, 11, 76, 11, 10, 77, 10, 9, 78, 9, 8, 79, 8, 7, 80, 7, 6, 81, 6, 5, 82, 5, 4, 83, 4, 3, 84, 3, 2, 85, 2, 1, 86, 1, 0, 87, 0, 57, 88, 57, 56, 89, 56, 55, 90, 55, 54, 91, 54, 53, 92, 53, 52, 93, 52, 51, 94, 51, 50, 95, 50, 49, 96, 49, 48, 97, 48, 47, 98, 47, 46, 99, 46, 45, 100, 45, 44, 101, 44, 43, 102, 43, 42, 103, 42, 41, 104, 41, 40, 105, 40, 39, 106, 39, 38, 107, 38, 37, 108, 37, 36, 109, 36, 35, 110, 35, 34, 111, 34, 33, 112, 33, 32, 113, 32, 31, 114, 31, 30, 115, 30, 29, 116, 29, 28, 28, 59, 116, 29, 116, 115, 30, 115, 114, 31, 114, 113, 32, 113, 112, 33, 112, 111, 34, 111, 110, 35, 110, 109, 36, 109, 108, 37, 108, 107, 38, 107, 106, 39, 106, 105, 40, 105, 104, 41, 104, 103, 42, 103, 102, 43, 102, 101, 44, 101, 100, 45, 100, 99, 46, 99, 98, 47, 98, 97, 48, 97, 96, 49, 96, 95, 50, 95, 94, 51, 94, 93, 52, 93, 92, 53, 92, 91, 54, 91, 90, 55, 90, 89, 56, 89, 88, 57, 88, 87, 0, 87, 86, 1, 86, 85, 2, 85, 84, 3, 84, 83, 4, 83, 82, 5, 82, 81, 6, 81, 80, 7, 80, 79, 8, 79, 78, 9, 78, 77, 10, 77, 76, 11, 76, 75, 12, 75, 74, 13, 74, 73, 14, 73, 72, 15, 72, 71, 16, 71, 70, 17, 70, 69, 18, 69, 68, 19, 68, 67, 20, 67, 66, 21, 66, 65, 22, 65, 64, 23, 64, 63, 24, 63, 62, 25, 62, 61, 26, 61, 60, 27, 60, 59, 117, 59, 60, 118, 60, 61, 119, 61, 62, 120, 62, 63, 121, 63, 64, 122, 64, 65, 123, 65, 66, 124, 66, 67, 125, 67, 68, 126, 68, 69, 127, 69, 70, 128, 70, 71, 129, 71, 72, 130, 72, 73, 131, 73, 74, 132, 74, 75, 133, 75, 76, 134, 76, 77, 135, 77, 78, 136, 78, 79, 137, 79, 80, 138, 80, 81, 139, 81, 82, 140, 82, 83, 141, 83, 84, 142, 84, 85, 143, 85, 86, 144, 86, 87, 145, 87, 88, 146, 88, 89, 147, 89, 90, 148, 90, 91, 149, 91, 92, 150, 92, 93, 151, 93, 94, 152, 94, 95, 153, 95, 96, 154, 96, 97, 155, 97, 98, 156, 98, 99, 157, 99, 100, 158, 100, 101, 159, 101, 102, 160, 102, 103, 161, 103, 104, 162, 104, 105, 163, 105, 106, 164, 106, 107, 165, 107, 108, 166, 108, 109, 167, 109, 110, 168, 110, 111, 169, 111, 112, 170, 112, 113, 171, 113, 114, 172, 114, 115, 173, 115, 116, 174, 116, 59, 59, 117, 174, 116, 174, 173, 115, 173, 172, 114, 172, 171, 113, 171, 170, 112, 170, 169, 111, 169, 168, 110, 168, 167, 109, 167, 166, 108, 166, 165, 107, 165, 164, 106, 164, 163, 105, 163, 162, 104, 162, 161, 103, 161, 160, 102, 160, 159, 101, 159, 158, 100, 158, 157, 99, 157, 156, 98, 156, 155, 97, 155, 154, 96, 154, 153, 95, 153, 152, 94, 152, 151, 93, 151, 150, 92, 150, 149, 91, 149, 148, 90, 148, 147, 89, 147, 146, 88, 146, 145, 87, 145, 144, 86, 144, 143, 85, 143, 142, 84, 142, 141, 83, 141, 140, 82, 140, 139, 81, 139, 138, 80, 138, 137, 79, 137, 136, 78, 136, 135, 77, 135, 134, 76, 134, 133, 75, 133, 132, 74, 132, 131, 73, 131, 130, 72, 130, 129, 71, 129, 128, 70, 128, 127, 69, 127, 126, 68, 126, 125, 67, 125, 124, 66, 124, 123, 65, 123, 122, 64, 122, 121, 63, 121, 120, 62, 120, 119, 61, 119, 118, 60, 118, 117, 856, 131, 132, 856, 127, 128, 857, 134, 135, 857, 132, 133, 856, 130, 131, 128, 129, 856, 858, 162, 163, 858, 859, 160, 859, 157, 158, 857, 136, 137, 133, 134, 857, 129, 130, 856, 856, 125, 126, 858, 165, 166, 163, 164, 858, 160, 161, 858, 158, 159, 859, 859, 155, 156, 135, 136, 857, 126, 127, 856, 164, 165, 858, 159, 160, 859, 859, 154, 155, 859, 150, 151, 857, 138, 139, 132, 857, 856, 856, 118, 119, 858, 171, 172, 858, 167, 168, 161, 162, 858, 859, 153, 154, 151, 152, 859, 137, 138, 857, 856, 123, 124, 856, 121, 122, 119, 120, 856, 856, 858, 117, 858, 170, 171, 166, 167, 858, 152, 153, 859, 124, 125, 856, 120, 121, 856, 858, 174, 117, 858, 169, 170, 156, 157, 859, 857, 140, 141, 122, 123, 856, 858, 173, 174, 168, 169, 858, 139, 140, 857, 172, 173, 858, 859, 147, 148, 117, 118, 856, 148, 149, 859, 857, 144, 145, 857, 142, 143, 149, 150, 859, 859, 857, 146, 143, 144, 857, 146, 147, 859, 141, 142, 857, 857, 175, 176, 860, 177, 178, 176, 860, 857, 860, 179, 177, 176, 180, 860, 180, 179, 860, 857, 181, 182, 857, 183, 175, 857, 184, 181, 860, 185, 186, 182, 183, 857, 857, 187, 188, 857, 189, 190, 859, 861, 191, 178, 185, 860, 188, 192, 857, 857, 193, 194, 857, 195, 189, 859, 196, 197, 861, 198, 191, 192, 184, 857, 190, 193, 857, 857, 859, 199, 859, 200, 201, 859, 202, 203, 197, 204, 859, 861, 205, 198, 861, 206, 207, 861, 208, 209, 860, 210, 211, 194, 187, 857, 859, 212, 199, 201, 213, 859, 204, 202, 859, 207, 205, 861, 861, 214, 208, 861, 215, 216, 186, 210, 860, 213, 212, 859, 859, 217, 218, 191, 196, 859, 861, 219, 214, 216, 220, 861, 199, 195, 857, 859, 221, 222, 203, 217, 859, 220, 219, 861, 222, 200, 859, 209, 206, 861, 860, 223, 224, 218, 221, 859, 861, 225, 226, 211, 223, 860, 226, 227, 861, 860, 228, 229, 860, 230, 231, 227, 215, 861, 861, 860, 232, 231, 228, 860, 232, 225, 861, 224, 230, 860, 862, 233, 234, 862, 235, 236, 860, 237, 238, 862, 239, 233, 862, 238, 235, 860, 240, 237, 236, 239, 862, 860, 241, 240, 860, 242, 243, 862, 244, 245, 238, 862, 860, 860, 246, 242, 861, 863, 247, 245, 248, 862, 243, 241, 860, 861, 249, 250, 863, 251, 247, 862, 252, 253, 234, 244, 862, 861, 254, 249, 861, 255, 256, 863, 257, 251, 863, 258, 259, 862, 260, 252, 860, 261, 246, 860, 262, 263, 256, 254, 861, 259, 257, 863, 863, 264, 265, 863, 266, 267, 248, 260, 862, 860, 268, 262, 861, 269, 270, 247, 255, 861, 267, 264, 863, 263, 261, 860, 860, 861, 271, 270, 272, 861, 265, 258, 863, 863, 273, 274, 863, 275, 276, 860, 277, 268, 271, 278, 860, 861, 279, 280, 861, 281, 269, 274, 266, 863, 863, 282, 275, 863, 862, 283, 862, 284, 285, 278, 277, 860, 861, 286, 279, 250, 281, 861, 863, 287, 282, 283, 288, 863, 862, 289, 290, 253, 284, 862, 272, 286, 861, 288, 287, 863, 285, 289, 862, 276, 273, 863, 280, 271, 861, 861, 291, 292, 292, 293, 861, 861, 294, 291, 293, 295, 861, 859, 296, 294, 294, 861, 859, 861, 297, 298, 861, 299, 300, 298, 301, 861, 863, 302, 303, 863, 861, 304, 861, 305, 299, 861, 306, 307, 301, 308, 861, 303, 309, 863, 300, 304, 861, 861, 310, 306, 308, 311, 861, 863, 312, 313, 863, 314, 302, 863, 315, 316, 307, 305, 861, 311, 317, 861, 309, 312, 863, 863, 318, 315, 863, 319, 320, 317, 310, 861, 863, 321, 314, 316, 322, 863, 304, 319, 863, 863, 323, 321, 320, 318, 863, 863, 324, 323, 863, 325, 326, 863, 327, 328, 322, 329, 863, 326, 324, 863, 329, 327, 863, 328, 325, 863, 864, 313, 330, 331, 332, 333, 333, 334, 331, 331, 335, 336, 337, 338, 339, 336, 332, 331, 339, 340, 337, 337, 341, 342, 864, 343, 341, 340, 331, 337, 341, 337, 864, 342, 338, 337, 864, 344, 345, 864, 346, 347, 345, 348, 864, 864, 337, 349, 348, 346, 864, 349, 350, 864, 337, 351, 352, 353, 354, 355, 353, 356, 357, 864, 358, 344, 337, 359, 349, 337, 360, 351, 361, 362, 363, 362, 364, 365, 353, 366, 354, 357, 367, 353, 353, 863, 368, 863, 369, 370, 350, 358, 864, 352, 371, 337, 372, 360, 337, 373, 374, 375, 376, 361, 377, 365, 363, 362, 367, 366, 353, 368, 378, 353, 863, 379, 369, 371, 359, 337, 375, 372, 373, 374, 376, 380, 363, 377, 361, 381, 382, 383, 353, 384, 356, 863, 385, 368, 370, 386, 863, 863, 387, 388, 863, 864, 389, 337, 373, 372, 377, 380, 376, 382, 390, 383, 382, 355, 391, 378, 384, 353, 388, 379, 863, 863, 392, 393, 864, 394, 389, 864, 395, 396, 380, 375, 374, 397, 398, 399, 398, 381, 400, 391, 390, 382, 386, 385, 863, 863, 401, 402, 863, 403, 404, 389, 392, 863, 864, 405, 406, 864, 407, 408, 347, 395, 864, 364, 409, 410, 409, 411, 412, 413, 397, 414, 400, 399, 398, 355, 382, 353, 404, 401, 863, 406, 394, 864, 396, 407, 864, 412, 410, 409, 411, 413, 415, 399, 414, 397, 402, 387, 863, 408, 405, 864, 415, 412, 411, 383, 400, 381, 410, 365, 364, 393, 403, 863, 863, 416, 417, 863, 418, 419, 863, 420, 421, 419, 416, 863, 417, 420, 863, 863, 422, 418, 421, 423, 863, 862, 424, 425, 423, 426, 863, 863, 353, 427, 862, 428, 424, 863, 429, 422, 427, 430, 863, 862, 431, 428, 862, 432, 433, 862, 863, 434, 863, 435, 429, 863, 436, 437, 430, 438, 863, 433, 431, 862, 434, 439, 862, 863, 440, 435, 438, 436, 863, 439, 432, 862, 437, 440, 863, 426, 434, 863, 862, 441, 442, 862, 443, 444, 442, 445, 862, 446, 447, 448, 449, 450, 451, 452, 453, 450, 445, 443, 862, 448, 862, 446, 446, 454, 455, 456, 457, 458, 459, 460, 457, 461, 451, 460, 450, 449, 452, 462, 463, 464, 465, 466, 463, 862, 467, 441, 446, 468, 447, 446, 469, 454, 470, 471, 472, 457, 456, 459, 451, 461, 449, 473, 474, 475, 476, 477, 474, 463, 462, 465, 478, 479, 466, 448, 467, 862, 455, 480, 446, 446, 481, 482, 472, 481, 470, 460, 459, 461, 483, 475, 453, 474, 473, 476, 484, 485, 477, 486, 464, 485, 466, 465, 478, 480, 468, 446, 482, 487, 446, 472, 488, 481, 489, 490, 491, 492, 493, 490, 494, 495, 493, 496, 458, 495, 453, 452, 483, 477, 476, 484, 464, 486, 462, 478, 497, 498, 862, 499, 500, 487, 469, 446, 488, 501, 481, 490, 489, 492, 495, 494, 496, 475, 483, 473, 498, 479, 478, 478, 502, 503, 500, 478, 862, 862, 504, 505, 501, 482, 481, 506, 507, 508, 509, 491, 507, 493, 492, 494, 485, 484, 486, 478, 510, 511, 478, 512, 513, 500, 502, 478, 862, 514, 515, 862, 516, 517, 444, 504, 862, 518, 519, 471, 520, 521, 519, 522, 508, 523, 507, 506, 509, 458, 496, 456, 513, 510, 478, 515, 499, 862, 505, 516, 862, 519, 518, 520, 524, 523, 521, 508, 522, 506, 511, 497, 478, 517, 514, 862, 521, 520, 524, 491, 509, 489, 471, 470, 518, 503, 512, 478, 862, 525, 526, 862, 527, 528, 860, 529, 530, 862, 531, 532, 526, 533, 862, 528, 534, 862, 862, 478, 535, 530, 536, 860, 532, 860, 862, 862, 537, 525, 862, 538, 539, 535, 527, 862, 860, 540, 529, 860, 541, 542, 860, 543, 544, 862, 545, 531, 533, 546, 862, 862, 547, 538, 862, 548, 549, 534, 550, 862, 860, 551, 540, 860, 552, 541, 860, 553, 543, 546, 545, 862, 549, 547, 862, 550, 554, 862, 542, 551, 860, 532, 553, 860, 539, 555, 862, 554, 556, 862, 544, 552, 860, 556, 548, 862, 555, 537, 862, 860, 557, 558, 860, 559, 560, 560, 557, 860, 860, 561, 562, 860, 563, 564, 562, 559, 860, 860, 565, 566, 860, 567, 568, 857, 569, 570, 857, 571, 572, 860, 573, 574, 558, 563, 860, 568, 565, 860, 857, 575, 569, 857, 576, 577, 572, 578, 857, 857, 860, 579, 574, 580, 860, 566, 561, 860, 857, 581, 575, 857, 582, 583, 578, 576, 857, 580, 579, 860, 564, 584, 860, 583, 581, 857, 857, 585, 586, 579, 571, 857, 584, 587, 860, 586, 582, 857, 587, 573, 860, 577, 585, 857, 856, 588, 589, 856, 590, 588, 856, 591, 590, 856, 592, 591, 856, 593, 594, 594, 592, 856, 856, 595, 596, 856, 857, 597, 856, 598, 593, 856, 599, 600, 856, 601, 595, 597, 602, 856, 600, 598, 856, 602, 601, 856, 596, 599, 856, 603, 604, 605, 606, 603, 607, 605, 608, 603, 603, 609, 610, 603, 611, 612, 603, 606, 613, 614, 615, 616, 607, 617, 606, 610, 604, 603, 612, 618, 603, 613, 619, 603, 617, 614, 606, 618, 609, 603, 616, 606, 614, 619, 611, 603, 620, 621, 622, 623, 624, 625, 624, 623, 620, 621, 626, 627, 628, 629, 630, 629, 631, 632, 622, 624, 620, 627, 633, 621, 634, 628, 635, 632, 630, 629, 636, 637, 638, 637, 639, 640, 633, 622, 621, 641, 642, 626, 641, 643, 644, 641, 645, 646, 856, 647, 645, 634, 648, 649, 630, 635, 628, 650, 651, 652, 651, 653, 654, 640, 638, 637, 639, 655, 656, 626, 621, 641, 641, 657, 643, 645, 641, 856, 658, 659, 660, 661, 662, 663, 635, 648, 634, 631, 650, 664, 654, 652, 651, 653, 665, 666, 665, 636, 667, 656, 640, 639, 655, 603, 668, 623, 669, 670, 644, 642, 641, 646, 671, 641, 856, 672, 658, 661, 673, 674, 663, 675, 661, 674, 676, 677, 674, 634, 678, 664, 632, 631, 666, 654, 653, 638, 667, 636, 603, 679, 668, 603, 623, 680, 670, 681, 623, 671, 657, 641, 856, 682, 683, 856, 684, 672, 856, 685, 686, 661, 687, 673, 675, 688, 661, 678, 676, 674, 652, 664, 650, 668, 656, 655, 603, 689, 690, 623, 691, 680, 625, 669, 623, 856, 692, 693, 683, 694, 856, 686, 684, 856, 856, 695, 696, 688, 687, 661, 634, 697, 678, 667, 666, 665, 603, 698, 699, 603, 700, 701, 680, 689, 603, 623, 702, 703, 693, 647, 856, 694, 704, 856, 696, 685, 856, 705, 658, 662, 674, 706, 707, 649, 697, 634, 701, 698, 603, 703, 691, 623, 704, 692, 856, 660, 856, 658, 674, 707, 661, 699, 679, 603, 681, 702, 623, 658, 705, 659, 677, 706, 674, 660, 682, 856, 690, 700, 603, 856, 708, 709, 709, 858, 856, 856, 710, 711, 711, 708, 856, 709, 712, 858, 712, 713, 858, 858, 714, 715, 858, 716, 717, 856, 718, 710, 856, 719, 720, 856, 641, 721, 858, 722, 723, 858, 724, 714, 717, 725, 858, 856, 726, 718, 856, 727, 728, 720, 729, 856, 721, 730, 856, 858, 731, 722, 858, 732, 733, 725, 724, 858, 856, 734, 726, 728, 735, 856, 730, 719, 856, 858, 736, 731, 715, 732, 858, 856, 737, 734, 729, 727, 856, 733, 736, 858, 735, 737, 856, 713, 716, 858, 738, 739, 740, 738, 741, 742, 738, 743, 744, 738, 745, 746, 742, 739, 738, 738, 747, 743, 748, 749, 750, 748, 738, 751, 740, 745, 738, 738, 752, 753, 738, 748, 747, 751, 749, 748, 753, 741, 738, 750, 754, 748, 744, 752, 738, 755, 756, 757, 757, 758, 755, 759, 760, 761, 761, 755, 759, 759, 762, 760, 758, 759, 755, 759, 763, 762, 764, 765, 766, 766, 762, 764, 764, 767, 765, 763, 764, 762, 768, 767, 769, 769, 770, 768, 767, 771, 772, 767, 773, 769, 772, 774, 767, 767, 775, 776, 858, 777, 778, 777, 779, 780, 774, 773, 767, 776, 781, 767, 775, 782, 783, 858, 784, 785, 780, 778, 777, 786, 787, 788, 789, 790, 791, 767, 792, 771, 775, 793, 776, 775, 794, 782, 858, 795, 796, 778, 784, 858, 777, 797, 798, 777, 786, 799, 786, 791, 787, 791, 786, 789, 768, 800, 801, 781, 792, 767, 783, 802, 775, 803, 804, 805, 806, 807, 808, 858, 809, 795, 858, 810, 811, 812, 858, 813, 858, 814, 815, 777, 816, 779, 777, 817, 797, 788, 799, 786, 738, 818, 790, 768, 819, 820, 801, 821, 768, 802, 793, 775, 803, 822, 804, 808, 823, 806, 806, 824, 825, 811, 809, 858, 813, 826, 812, 858, 827, 814, 798, 816, 777, 789, 738, 790, 738, 828, 829, 820, 738, 768, 770, 800, 768, 775, 830, 831, 805, 775, 803, 825, 807, 806, 806, 832, 803, 812, 810, 858, 858, 833, 827, 799, 817, 777, 738, 834, 835, 738, 836, 837, 820, 828, 738, 768, 838, 839, 831, 794, 775, 805, 840, 775, 803, 824, 806, 858, 841, 813, 785, 833, 858, 837, 834, 738, 839, 819, 768, 840, 830, 775, 823, 842, 806, 843, 806, 842, 796, 844, 858, 835, 818, 738, 821, 838, 768, 842, 812, 843, 815, 841, 858, 832, 822, 803, 829, 836, 738, 859, 845, 846, 846, 847, 859, 859, 848, 845, 859, 858, 844, 844, 848, 859, 849, 850, 851, 852, 846, 853, 849, 854, 850, 853, 855, 852, 855, 849, 852, 851, 852, 849, 852, 847, 846, 847, 296, 859, 826, 843, 812, 764, 775, 767, 746, 768, 738, 723, 777, 858, 662, 661, 705, 608, 623, 603, 589, 695, 856, 570, 597, 857, 536, 567, 860, 523, 524, 522, 425, 446, 862, 414, 415, 413, 334, 337, 331, 330, 343, 864, 313, 864, 863, 295, 297, 861, 290, 283, 862, 229, 232, 860, 145, 146, 857, 294, 865, 866, 291, 866, 867, 292, 867, 868, 293, 868, 869, 870, 298, 297, 297, 869, 870, 298, 870, 871, 301, 871, 872, 872, 308, 301, 871, 301, 298, 297, 295, 869, 869, 295, 293, 868, 293, 292, 867, 292, 291, 866, 291, 294, 873, 874, 875, 876, 877, 878, 875, 879, 873, 880, 881, 882, 878, 883, 876, 884, 877, 876, 879, 885, 886, 873, 887, 874, 880, 888, 889, 882, 890, 880, 891, 892, 893, 894, 895, 896, 876, 879, 884, 879, 897, 885, 875, 898, 879, 873, 899, 900, 901, 902, 903, 904, 905, 902, 906, 907, 908, 909, 910, 907, 890, 888, 880, 911, 912, 881, 913, 914, 915, 916, 917, 914, 891, 918, 892, 891, 919, 920, 921, 922, 923, 922, 924, 925, 895, 926, 896, 876, 927, 928, 886, 884, 879, 900, 887, 873, 929, 903, 930, 902, 901, 904, 931, 932, 933, 934, 935, 932, 907, 906, 909, 936, 937, 910, 938, 939, 940, 939, 941, 942, 943, 944, 945, 944, 946, 947, 948, 949, 912, 881, 880, 911, 950, 951, 952, 953, 954, 951, 955, 915, 954, 914, 913, 916, 956, 957, 958, 959, 960, 957, 891, 961, 962, 891, 963, 964, 920, 918, 891, 923, 965, 921, 925, 966, 922, 967, 968, 969, 967, 970, 971, 972, 973, 974, 975, 976, 977, 978, 979, 980, 979, 981, 982, 895, 983, 926, 928, 895, 876, 898, 897, 879, 984, 985, 986, 903, 929, 901, 987, 933, 905, 932, 931, 934, 988, 989, 935, 990, 908, 989, 910, 909, 936, 991, 992, 937, 993, 994, 992, 995, 996, 997, 998, 938, 999, 942, 940, 939, 1000, 1001, 1002, 1001, 1003, 1004, 947, 945, 944, 946, 1005, 1006, 1007, 1008, 1009, 1008, 1010, 1011, 1012, 1013, 1014, 1012, 1015, 1016, 1012, 1017, 1018, 1012, 1019, 1020, 889, 1021, 880, 1022, 1023, 1024, 1025, 1026, 1027, 1028, 1029, 1026, 951, 950, 953, 915, 955, 913, 1030, 1031, 1032, 1033, 1034, 1031, 957, 956, 959, 1035, 1036, 960, 964, 961, 891, 893, 1037, 891, 965, 1038, 921, 922, 1039, 924, 969, 1040, 967, 971, 1041, 967, 975, 1042, 972, 977, 1043, 975, 975, 1044, 1045, 1044, 1046, 1047, 982, 980, 979, 981, 1048, 1049, 895, 1050, 983, 883, 927, 876, 984, 1051, 985, 1052, 1053, 1054, 1055, 1056, 1053, 905, 904, 987, 935, 934, 988, 908, 990, 906, 992, 991, 993, 997, 1057, 995, 1058, 1059, 1060, 1058, 1061, 1062, 1058, 1063, 1064, 940, 999, 938, 941, 1000, 1065, 1004, 1002, 1001, 1003, 1066, 1067, 1066, 943, 1068, 1006, 947, 946, 1005, 1007, 1069, 1011, 1009, 1008, 1016, 1013, 1012, 1020, 1017, 1012, 912, 911, 948, 1021, 1070, 1071, 1021, 1022, 1072, 1022, 1073, 1023, 1074, 1027, 1073, 1026, 1025, 1028, 954, 953, 955, 1075, 1032, 917, 1031, 1030, 1033, 1076, 1077, 1034, 1078, 958, 1077, 960, 959, 1035, 1037, 963, 891, 921, 1079, 1080, 966, 923, 922, 922, 1081, 1082, 967, 1083, 1084, 967, 1085, 1086, 1041, 968, 967, 1043, 1042, 975, 1047, 1045, 1044, 1046, 1087, 1088, 1087, 978, 1089, 1049, 982, 981, 1048, 1090, 1091, 1090, 1092, 1093, 1094, 1095, 1096, 1095, 1097, 1098, 1097, 1099, 1100, 1099, 894, 1101, 928, 1050, 895, 873, 1102, 1103, 1102, 873, 1104, 1105, 1106, 1107, 986, 1105, 984, 1108, 1109, 1110, 1053, 1052, 1055, 1111, 1112, 1056, 1113, 1114, 1115, 1116, 930, 1114, 933, 987, 931, 937, 936, 991, 1117, 1118, 1119, 1117, 1120, 1121, 1057, 1122, 995, 1062, 1059, 1058, 1064, 1123, 1058, 1065, 942, 941, 1067, 1004, 1003, 945, 1068, 943, 1009, 1069, 1007, 1010, 1124, 1125, 1124, 1126, 1127, 1128, 1129, 1130, 1129, 1131, 1132, 1131, 1133, 1134, 1018, 1015, 1012, 1021, 1135, 880, 1072, 1070, 1021, 1024, 1136, 1022, 1027, 1074, 1025, 1137, 1138, 1029, 1139, 1140, 1138, 917, 916, 1075, 1034, 1033, 1076, 958, 1078, 956, 1035, 1141, 1142, 1082, 1143, 1144, 1082, 1145, 1146, 921, 1147, 891, 1038, 1079, 921, 1082, 1148, 922, 970, 1149, 1150, 970, 922, 921, 967, 1151, 1083, 1040, 1085, 967, 1152, 1153, 1154, 1155, 1084, 1156, 975, 1157, 976, 1088, 1047, 1046, 980, 1089, 978, 1093, 1091, 1090, 1092, 1158, 1159, 1158, 1160, 1161, 1160, 1162, 1163, 1162, 1164, 1165, 1164, 1166, 1167, 1166, 1094, 1168, 1098, 1096, 1095, 1101, 1100, 1099, 1103, 899, 873, 1104, 1169, 1170, 1104, 1171, 1172, 986, 1106, 1105, 984, 1173, 1174, 1175, 984, 1108, 1108, 1176, 1109, 1108, 1177, 1178, 1056, 1055, 1111, 1179, 1115, 1112, 1114, 1113, 1116, 989, 988, 990, 1117, 1180, 1181, 1121, 1118, 1117, 1182, 1183, 1063, 995, 1184, 1183, 995, 1185, 1186, 1122, 1187, 995, 1123, 1061, 1058, 1002, 1065, 1000, 1069, 1006, 1005, 1127, 1125, 1124, 1126, 1188, 1189, 1132, 1130, 1129, 1134, 1190, 1131, 1020, 1191, 1192, 1193, 1194, 1012, 1195, 949, 1196, 1195, 1197, 1198, 1071, 1135, 1021, 1073, 1022, 1074, 1138, 1137, 1139, 1199, 1200, 1140, 1201, 1202, 1203, 1204, 1205, 1202, 1206, 1207, 1205, 1208, 952, 1207, 1032, 1075, 1030, 1142, 1036, 1035, 1146, 1143, 1082, 962, 921, 891, 1148, 1039, 922, 921, 1149, 970, 1086, 1151, 967, 1209, 1210, 1211, 1212, 1154, 1213, 1154, 1214, 1152, 1215, 1216, 1153, 1084, 1217, 1218, 1084, 1219, 1220, 1084, 1155, 1221, 1156, 1222, 1155, 1223, 1224, 1225, 975, 974, 1224, 1045, 1157, 975, 1091, 1049, 1048, 1161, 1159, 1158, 1165, 1163, 1162, 1168, 1167, 1166, 1100, 1098, 1097, 1104, 1170, 1102, 1104, 1226, 1171, 1227, 1228, 1229, 984, 1230, 1051, 984, 1175, 1173, 1110, 1231, 1108, 1177, 1232, 1178, 1112, 1111, 1179, 930, 1116, 929, 1233, 1234, 994, 1235, 1236, 1234, 868, 1237, 1238, 1119, 1180, 1117, 1183, 1182, 995, 1187, 1185, 995, 1060, 1239, 1240, 1060, 998, 1241, 1068, 1067, 1066, 1189, 1127, 1126, 1190, 1132, 1131, 1020, 1242, 1191, 1193, 1243, 1194, 1244, 1245, 1193, 1246, 1247, 1244, 1248, 1249, 1250, 1195, 1251, 949, 1198, 1252, 1195, 1136, 1072, 1022, 1140, 1139, 1199, 1253, 1254, 1255, 1256, 1203, 1254, 1202, 1201, 1204, 1207, 1206, 1208, 1077, 1076, 1078, 1144, 1035, 1082, 1080, 1147, 921, 1084, 1257, 967, 1211, 1257, 1209, 1154, 1212, 1214, 1153, 1258, 1215, 1259, 1260, 1216, 1261, 1262, 1263, 1264, 1156, 1262, 1084, 1265, 1217, 1221, 1219, 1084, 1156, 1266, 1222, 1225, 1267, 1223, 1224, 1268, 975, 1089, 1088, 1087, 1163, 1161, 1160, 1096, 1168, 1094, 1172, 1169, 1104, 1229, 1105, 1227, 1105, 1269, 1270, 1174, 1230, 984, 1178, 1176, 1108, 1271, 1272, 1273, 1274, 1275, 1276, 1277, 1278, 1275, 1279, 1280, 1278, 1281, 1054, 1280, 1115, 1179, 1113, 1234, 1233, 1235, 1282, 1283, 1236, 870, 1238, 872, 1238, 869, 868, 866, 1284, 1237, 1120, 1285, 1284, 996, 1286, 1117, 1186, 1184, 995, 1241, 1239, 1060, 998, 1287, 1288, 1125, 1011, 1010, 1188, 1289, 1290, 1289, 1291, 1292, 1131, 1192, 1133, 1020, 1293, 1242, 1014, 1193, 1012, 1193, 1294, 1244, 1246, 1295, 1296, 1244, 1294, 1246, 1250, 1297, 1248, 1195, 1298, 1299, 1252, 1251, 1195, 949, 1300, 1301, 1029, 1028, 1137, 1302, 1303, 1200, 1304, 1305, 1303, 1306, 1255, 1307, 1254, 1253, 1256, 1205, 1204, 1206, 1144, 1141, 1035, 891, 1308, 919, 1211, 967, 1257, 1153, 1152, 1258, 1216, 1309, 1259, 1263, 1310, 1261, 1262, 1311, 1264, 1218, 1257, 1084, 1156, 1264, 1266, 1312, 1225, 1313, 1225, 1314, 1267, 1224, 1315, 1268, 1159, 1093, 1092, 896, 1101, 894, 973, 1316, 1317, 879, 1318, 1319, 879, 1320, 1321, 1270, 1227, 1105, 1108, 1231, 1175, 1177, 1322, 1323, 1273, 1177, 1271, 1324, 1325, 1272, 1326, 1276, 1325, 1275, 1274, 1277, 1280, 1279, 1281, 994, 993, 1233, 1282, 1327, 1283, 1282, 1328, 1329, 1282, 1229, 1330, 1238, 870, 869, 1237, 867, 866, 1284, 865, 1120, 1181, 996, 1117, 995, 1331, 1332, 1333, 1334, 1335, 1063, 1336, 1182, 1063, 1058, 1337, 998, 1338, 1241, 999, 1287, 998, 1292, 1290, 1289, 1291, 1339, 1340, 1341, 1342, 1343, 1342, 1344, 1345, 1344, 1346, 1347, 1346, 1128, 1348, 1192, 1131, 1020, 1245, 1243, 1193, 1294, 1295, 1246, 1246, 1335, 1349, 1248, 1350, 1249, 1196, 1298, 1195, 948, 1300, 949, 1303, 1302, 1304, 1351, 1307, 1305, 1255, 1306, 1253, 952, 1208, 950, 1150, 971, 970, 1209, 1299, 1352, 1216, 1215, 1309, 1353, 1263, 1260, 1262, 1261, 1311, 1220, 1265, 1084, 1225, 1312, 1314, 1224, 1354, 1315, 1167, 1165, 1164, 1226, 1104, 973, 973, 1355, 1356, 973, 1357, 1358, 973, 972, 1316, 879, 1359, 1318, 879, 1360, 1361, 879, 1218, 1320, 1229, 1362, 1363, 1107, 1269, 1105, 1273, 1322, 1177, 1325, 1324, 1326, 1278, 1277, 1279, 1236, 1235, 1282, 1330, 1328, 1282, 1237, 868, 867, 1117, 1285, 1120, 1332, 996, 995, 995, 1364, 1365, 1335, 995, 1333, 1337, 1336, 1063, 1288, 1338, 998, 1340, 1292, 1291, 1366, 1367, 1368, 1367, 1341, 1369, 1345, 1343, 1342, 1348, 1347, 1346, 1019, 1293, 1020, 1349, 1247, 1246, 1370, 1371, 1372, 1373, 1249, 1374, 1297, 1375, 1248, 1350, 1376, 1197, 1301, 1196, 949, 1305, 1304, 1351, 1203, 1256, 1201, 1352, 1210, 1209, 1260, 1259, 1353, 1218, 879, 1257, 1224, 1223, 1354, 879, 1377, 873, 1356, 1378, 973, 1317, 1357, 973, 1319, 1379, 879, 1321, 1360, 879, 1363, 1380, 1229, 1323, 1232, 1177, 1276, 1326, 1274, 1329, 1327, 1282, 1284, 866, 865, 1365, 1331, 995, 1182, 1333, 995, 1290, 1189, 1188, 1339, 1366, 1381, 1369, 1368, 1367, 1347, 1345, 1344, 1296, 1382, 1246, 1370, 1383, 1371, 1384, 1374, 1385, 1374, 1386, 1373, 1375, 1387, 1248, 1350, 1248, 1376, 1200, 1199, 1302, 1081, 1145, 1082, 1263, 1353, 1310, 974, 975, 972, 1358, 1355, 973, 1361, 1359, 879, 984, 1388, 1389, 984, 1390, 1391, 1228, 1362, 1229, 1054, 1281, 1052, 1332, 1286, 996, 995, 984, 1392, 1335, 1393, 1394, 1060, 1240, 1058, 1368, 1381, 1366, 1130, 1348, 1128, 1370, 1395, 1383, 1370, 1246, 1382, 1374, 1384, 1386, 1249, 1396, 1250, 1299, 1209, 1195, 1213, 1397, 1212, 973, 1378, 1226, 1379, 1398, 879, 1389, 1399, 984, 1391, 1400, 984, 984, 1401, 1402, 1272, 1271, 1324, 1392, 1364, 995, 1334, 1393, 1335, 1343, 1369, 1341, 1382, 1395, 1370, 1248, 1387, 1403, 1249, 1373, 1396, 1307, 1351, 1306, 1398, 1377, 879, 984, 1404, 1388, 1402, 1390, 984, 1380, 1330, 1229, 1394, 1349, 1335, 1372, 1248, 1370, 1385, 1405, 1384, 1313, 1406, 1312, 1399, 1407, 984, 1105, 1401, 984, 1381, 1340, 1339, 1197, 1195, 1350, 1400, 1404, 984, 1403, 1370, 1248, 872, 871, 870, 1407, 1392, 984, 634, 1035, 959, 628, 959, 956, 629, 956, 1078, 631, 1078, 1076, 650, 1076, 1033, 651, 1033, 1030, 653, 1030, 1075, 665, 1075, 916, 636, 916, 913, 637, 913, 955, 639, 955, 953, 953, 950, 603, 950, 607, 603, 607, 950, 1208, 617, 1208, 1206, 614, 1206, 1204, 615, 1204, 1201, 616, 1201, 1256, 606, 1256, 1253, 613, 1253, 1306, 619, 1306, 1351, 611, 1351, 1304, 612, 1304, 1302, 618, 1302, 1199, 609, 1199, 1139, 610, 1139, 1137, 604, 1137, 1028, 605, 1028, 1025, 1074, 620, 623, 623, 1025, 1074, 620, 1074, 1022, 1022, 621, 620, 623, 608, 1025, 1025, 608, 605, 1028, 605, 604, 1137, 604, 610, 1139, 610, 609, 1199, 609, 618, 1302, 618, 612, 1304, 612, 611, 1351, 611, 619, 1306, 619, 613, 1253, 613, 606, 1256, 606, 616, 1201, 616, 615, 1204, 615, 614, 1206, 614, 617, 1208, 617, 607, 603, 655, 953, 953, 655, 639, 955, 639, 637, 913, 637, 636, 916, 636, 665, 1075, 665, 653, 1030, 653, 651, 1033, 651, 650, 1076, 650, 631, 1078, 631, 629, 956, 629, 628, 959, 628, 634, 634, 674, 1082, 1082, 1035, 634, 569, 1041, 971, 971, 1150, 597, 1150, 602, 597, 602, 1150, 1149, 601, 1149, 921, 595, 921, 962, 596, 962, 961, 599, 961, 964, 600, 964, 963, 598, 963, 1037, 593, 1037, 893, 594, 893, 892, 592, 892, 918, 591, 918, 920, 590, 920, 919, 588, 919, 1308, 891, 696, 695, 695, 1308, 891, 695, 589, 1308, 1308, 589, 588, 919, 588, 590, 920, 590, 591, 918, 591, 592, 892, 592, 594, 893, 594, 593, 1037, 593, 598, 963, 598, 600, 964, 600, 599, 961, 599, 596, 962, 596, 595, 921, 595, 601, 1149, 601, 602, 597, 570, 971, 971, 570, 569, 529, 1222, 1266, 530, 1266, 1264, 1264, 1311, 567, 1311, 568, 567, 568, 1311, 1261, 565, 1261, 1310, 566, 1310, 1353, 561, 1353, 1259, 562, 1259, 1309, 559, 1309, 1215, 560, 1215, 1258, 557, 1258, 1152, 558, 1152, 1214, 563, 1214, 1212, 564, 1212, 1397, 584, 1397, 1213, 1213, 587, 584, 1397, 584, 564, 1212, 564, 563, 1214, 563, 558, 1152, 558, 557, 1258, 557, 560, 1215, 560, 559, 1309, 559, 562, 1259, 562, 561, 1353, 561, 566, 1310, 566, 565, 1261, 565, 568, 567, 536, 1264, 1264, 536, 530, 1266, 530, 529, 525, 1379, 1319, 526, 1319, 1318, 1318, 533, 526, 1319, 526, 525, 1313, 1225, 556, 556, 554, 1313, 481, 895, 894, 470, 894, 1099, 518, 1099, 1097, 520, 1097, 1095, 524, 1095, 1094, 522, 1094, 1166, 506, 1166, 1164, 509, 1164, 1162, 489, 1162, 1160, 492, 1160, 1158, 494, 1158, 1092, 496, 1092, 1090, 456, 1090, 1048, 459, 1048, 981, 461, 981, 979, 449, 979, 978, 452, 978, 1087, 483, 1087, 1046, 473, 1046, 1044, 476, 1044, 975, 484, 975, 1268, 486, 1268, 1315, 462, 1315, 1354, 1354, 1223, 478, 1223, 535, 478, 535, 1223, 1267, 527, 1267, 1314, 528, 1314, 1312, 534, 1312, 1406, 550, 1406, 1313, 1313, 554, 550, 1406, 550, 534, 1312, 534, 528, 1314, 528, 527, 1267, 527, 535, 478, 465, 1354, 1354, 465, 462, 1315, 462, 486, 1268, 486, 484, 975, 484, 476, 1044, 476, 473, 1046, 473, 483, 1087, 483, 452, 978, 452, 449, 979, 449, 461, 981, 461, 459, 1048, 459, 456, 1090, 456, 496, 1092, 496, 494, 1158, 494, 492, 1160, 492, 489, 1162, 489, 509, 1164, 509, 506, 1166, 506, 522, 1094, 522, 524, 1095, 524, 520, 1097, 520, 518, 1099, 518, 470, 894, 470, 481, 895, 481, 446, 446, 876, 895, 446, 425, 876, 422, 1375, 1297, 418, 1297, 1250, 419, 1250, 1396, 416, 1396, 1373, 417, 1373, 1386, 420, 1386, 1384, 421, 1384, 1405, 423, 1405, 1385, 1385, 426, 423, 1405, 423, 421, 1384, 421, 420, 1386, 420, 417, 1373, 417, 416, 1396, 416, 419, 1250, 419, 418, 1297, 418, 422, 1177, 1108, 353, 1108, 427, 353, 353, 382, 1177, 314, 1282, 1235, 302, 1235, 1233, 303, 1233, 993, 309, 993, 991, 936, 330, 313, 313, 991, 936, 909, 341, 343, 343, 936, 909, 341, 909, 906, 342, 906, 990, 338, 990, 988, 339, 988, 934, 340, 934, 931, 331, 931, 987, 335, 987, 904, 336, 904, 901, 332, 901, 929, 333, 929, 1116, 1116, 1113, 337, 1113, 373, 337, 373, 1113, 1179, 374, 1179, 1111, 376, 1111, 1055, 361, 1055, 1052, 362, 1052, 1281, 364, 1281, 1279, 409, 1279, 1277, 411, 1277, 1274, 413, 1274, 1326, 397, 1326, 1324, 398, 1324, 1271, 381, 1271, 1177, 1177, 382, 381, 1271, 381, 398, 1324, 398, 397, 1326, 397, 413, 1274, 413, 411, 1277, 411, 409, 1279, 409, 364, 1281, 364, 362, 1052, 362, 361, 1055, 361, 376, 1111, 376, 374, 1179, 374, 373, 337, 334, 1116, 1116, 334, 333, 929, 333, 332, 901, 332, 336, 904, 336, 335, 987, 335, 331, 931, 331, 340, 934, 340, 339, 988, 339, 338, 990, 338, 342, 906, 342, 341, 343, 330, 936, 313, 312, 991, 991, 312, 309, 993, 309, 303, 1233, 303, 302, 1235, 302, 314, 1282, 314, 321, 321, 1229, 1282, 315, 1399, 1389, 316, 1389, 1388, 1388, 322, 316, 1389, 316, 315, 1122, 1057, 844, 1057, 848, 844, 848, 1057, 997, 996, 853, 846, 846, 997, 996, 853, 996, 1181, 855, 1181, 1180, 849, 1180, 1119, 854, 1119, 1118, 850, 1118, 1121, 851, 1121, 1120, 1120, 852, 851, 1121, 851, 850, 1118, 850, 854, 1119, 854, 849, 1180, 849, 855, 1181, 855, 853, 846, 845, 997, 997, 845, 848, 844, 796, 1122, 1060, 803, 775, 775, 998, 1060, 775, 764, 998, 786, 1131, 1129, 1129, 1128, 738, 1128, 751, 738, 751, 1128, 1346, 749, 1346, 1344, 750, 1344, 1342, 754, 1342, 1341, 748, 1341, 1367, 747, 1367, 1366, 743, 1366, 1339, 744, 1339, 1291, 752, 1291, 1289, 753, 1289, 1188, 741, 1188, 1126, 742, 1126, 1124, 739, 1124, 1010, 740, 1010, 1008, 745, 1008, 1007, 1007, 1005, 767, 767, 768, 1007, 1005, 765, 767, 765, 1005, 946, 766, 946, 944, 762, 944, 943, 760, 943, 1066, 761, 1066, 1003, 755, 1003, 1001, 756, 1001, 1000, 757, 1000, 941, 758, 941, 939, 759, 939, 938, 763, 938, 998, 998, 764, 763, 938, 763, 759, 939, 759, 758, 941, 758, 757, 1000, 757, 756, 1001, 756, 755, 1003, 755, 761, 1066, 761, 760, 943, 760, 762, 944, 762, 766, 946, 766, 765, 768, 746, 1007, 1007, 746, 745, 1008, 745, 740, 1010, 740, 739, 1124, 739, 742, 1126, 742, 741, 1188, 741, 753, 1289, 753, 752, 1291, 752, 744, 1339, 744, 743, 1366, 743, 747, 1367, 747, 748, 1341, 748, 754, 1342, 754, 750, 1344, 750, 749, 1346, 749, 751, 738, 789, 1129, 1129, 789, 786, 1131, 786, 777, 777, 1020, 1131, 777, 723, 1020, 710, 1376, 1248, 711, 1248, 1372, 708, 1372, 1371, 709, 1371, 1383, 712, 1383, 1395, 1395, 713, 712, 1383, 712, 709, 1371, 709, 708, 1372, 708, 711, 1248, 711, 710, 1022, 1021, 641, 1021, 721, 641, 641, 621, 1022, 730, 721, 1021, 719, 730, 889, 720, 719, 888, 729, 720, 890, 727, 729, 882, 728, 727, 881, 735, 728, 912, 737, 735, 949, 734, 737, 1251, 726, 734, 1252, 718, 726, 1198, 710, 718, 1197, 1197, 1376, 710, 1198, 1197, 718, 1252, 1198, 726, 1251, 1252, 734, 949, 1251, 737, 912, 949, 735, 881, 912, 728, 882, 881, 727, 890, 882, 729, 888, 890, 720, 889, 888, 719, 1021, 889, 730, 716, 713, 1395, 717, 716, 1382, 725, 717, 1296, 724, 725, 1295, 714, 724, 1294, 715, 714, 1193, 732, 715, 1014, 733, 732, 1013, 736, 733, 1016, 731, 736, 1015, 722, 731, 1018, 723, 722, 1017, 1017, 1020, 723, 1018, 1017, 722, 1015, 1018, 731, 1016, 1015, 736, 1013, 1016, 733, 1014, 1013, 732, 1193, 1014, 715, 1294, 1193, 714, 1295, 1294, 724, 1296, 1295, 725, 1382, 1296, 717, 1395, 1382, 716, 685, 696, 891, 686, 685, 1147, 684, 686, 1080, 672, 684, 1079, 658, 672, 1038, 662, 658, 965, 663, 662, 923, 675, 663, 966, 688, 675, 925, 687, 688, 924, 673, 687, 1039, 674, 673, 1148, 1148, 1082, 674, 1039, 1148, 673, 924, 1039, 687, 925, 924, 688, 966, 925, 675, 923, 966, 663, 965, 923, 662, 1038, 965, 658, 1079, 1038, 672, 1080, 1079, 684, 1147, 1080, 686, 891, 1147, 685, 824, 803, 1060, 825, 824, 1059, 807, 825, 1062, 808, 807, 1061, 823, 808, 1123, 842, 823, 1064, 812, 842, 1063, 810, 812, 1183, 811, 810, 1184, 809, 811, 1186, 795, 809, 1185, 796, 795, 1187, 1187, 1122, 796, 1185, 1187, 795, 1186, 1185, 809, 1184, 1186, 811, 1183, 1184, 810, 1063, 1183, 812, 1064, 1063, 842, 1123, 1064, 823, 1061, 1123, 808, 1062, 1061, 807, 1059, 1062, 825, 1060, 1059, 824, 430, 427, 1108, 438, 430, 984, 436, 438, 995, 437, 436, 1335, 440, 437, 1246, 435, 440, 1370, 429, 435, 1403, 422, 429, 1387, 1387, 1375, 422, 1403, 1387, 429, 1370, 1403, 435, 1246, 1370, 440, 1335, 1246, 437, 995, 1335, 436, 984, 995, 438, 1108, 984, 430, 434, 426, 1385, 439, 434, 1374, 432, 439, 1249, 433, 432, 1350, 431, 433, 1195, 428, 431, 1209, 424, 428, 1257, 425, 424, 879, 879, 876, 425, 1257, 879, 424, 1209, 1257, 428, 1195, 1209, 431, 1350, 1195, 433, 1249, 1350, 432, 1374, 1249, 439, 1385, 1374, 434, 548, 556, 1225, 549, 548, 1224, 547, 549, 974, 538, 547, 973, 539, 538, 1104, 555, 539, 873, 537, 555, 1377, 525, 537, 1398, 1398, 1379, 525, 1377, 1398, 537, 873, 1377, 555, 1104, 873, 539, 973, 1104, 538, 974, 973, 547, 1224, 974, 549, 1225, 1224, 548, 1155, 1222, 529, 1221, 1155, 540, 1219, 1221, 551, 1220, 1219, 542, 1265, 1220, 541, 1217, 1265, 552, 1218, 1217, 544, 1320, 1218, 543, 1321, 1320, 553, 1360, 1321, 532, 1361, 1360, 531, 1359, 1361, 545, 1318, 1359, 546, 546, 533, 1318, 545, 546, 1359, 531, 545, 1361, 532, 531, 1360, 553, 532, 1321, 543, 553, 1320, 544, 543, 1218, 552, 544, 1217, 541, 552, 1265, 542, 541, 1220, 551, 542, 1219, 540, 551, 1221, 529, 540, 1155, 329, 322, 1388, 327, 329, 1404, 328, 327, 1400, 325, 328, 1391, 326, 325, 1390, 324, 326, 1402, 323, 324, 1401, 321, 323, 1105, 1105, 1229, 321, 1401, 1105, 323, 1402, 1401, 324, 1390, 1402, 326, 1391, 1390, 325, 1400, 1391, 328, 1404, 1400, 327, 1388, 1404, 329, 1407, 1399, 315, 1392, 1407, 318, 1364, 1392, 320, 1365, 1364, 319, 1331, 1365, 304, 1332, 1331, 300, 1286, 1332, 299, 1117, 1286, 305, 1285, 1117, 307, 1284, 1285, 306, 1237, 1284, 310, 1238, 1237, 317, 872, 1238, 311, 311, 308, 872, 317, 311, 1238, 310, 317, 1237, 306, 310, 1284, 307, 306, 1285, 305, 307, 1117, 299, 305, 1286, 300, 299, 1332, 304, 300, 1331, 319, 304, 1365, 320, 319, 1364, 318, 320, 1392, 315, 318, 1407, 968, 1041, 569, 969, 968, 575, 1040, 969, 581, 1085, 1040, 583, 1086, 1085, 582, 1151, 1086, 586, 1083, 1151, 585, 1084, 1083, 577, 1156, 1084, 576, 1262, 1156, 578, 1263, 1262, 572, 1260, 1263, 571, 1216, 1260, 579, 1153, 1216, 580, 1154, 1153, 574, 1213, 1154, 573, 573, 587, 1213, 574, 573, 1154, 580, 574, 1153, 579, 580, 1216, 571, 579, 1260, 572, 571, 1263, 578, 572, 1262, 576, 578, 1156, 577, 576, 1084, 585, 577, 1083, 586, 585, 1151, 582, 586, 1086, 583, 582, 1085, 581, 583, 1040, 575, 581, 969, 569, 575, 968, 1120, 296, 847, 865, 294, 296, 296, 1120, 865, 847, 852, 1120, 412, 415, 1275, 410, 412, 1278, 365, 410, 1280, 363, 365, 1054, 377, 363, 1053, 380, 377, 1056, 375, 380, 1112, 372, 375, 1115, 360, 372, 1114, 351, 360, 930, 352, 351, 903, 371, 352, 902, 359, 371, 905, 349, 359, 933, 350, 349, 932, 358, 350, 935, 344, 358, 989, 345, 344, 908, 348, 345, 907, 346, 348, 910, 347, 346, 937, 395, 347, 992, 396, 395, 994, 407, 396, 1234, 408, 407, 1236, 405, 408, 1283, 406, 405, 1327, 394, 406, 1329, 389, 394, 1328, 392, 389, 1330, 393, 392, 1380, 403, 393, 1363, 404, 403, 1362, 401, 404, 1228, 402, 401, 1227, 387, 402, 1270, 388, 387, 1269, 379, 388, 1107, 369, 379, 1106, 370, 369, 986, 386, 370, 985, 385, 386, 1051, 368, 385, 1230, 378, 368, 1174, 384, 378, 1173, 356, 384, 1175, 357, 356, 1231, 367, 357, 1110, 366, 367, 1109, 354, 366, 1176, 355, 354, 1178, 391, 355, 1232, 390, 391, 1323, 383, 390, 1322, 400, 383, 1273, 399, 400, 1272, 414, 399, 1325, 415, 414, 1276, 1276, 1275, 415, 1325, 1276, 414, 1272, 1325, 399, 1273, 1272, 400, 1322, 1273, 383, 1323, 1322, 390, 1232, 1323, 391, 1178, 1232, 355, 1176, 1178, 354, 1109, 1176, 366, 1110, 1109, 367, 1231, 1110, 357, 1175, 1231, 356, 1173, 1175, 384, 1174, 1173, 378, 1230, 1174, 368, 1051, 1230, 385, 985, 1051, 386, 986, 985, 370, 1106, 986, 369, 1107, 1106, 379, 1269, 1107, 388, 1270, 1269, 387, 1227, 1270, 402, 1228, 1227, 401, 1362, 1228, 404, 1363, 1362, 403, 1380, 1363, 393, 1330, 1380, 392, 1328, 1330, 389, 1329, 1328, 394, 1327, 1329, 406, 1283, 1327, 405, 1236, 1283, 408, 1234, 1236, 407, 994, 1234, 396, 992, 994, 395, 937, 992, 347, 910, 937, 346, 907, 910, 348, 908, 907, 345, 989, 908, 344, 935, 989, 358, 932, 935, 350, 933, 932, 349, 905, 933, 359, 902, 905, 371, 903, 902, 352, 930, 903, 351, 1114, 930, 360, 1115, 1114, 372, 1112, 1115, 375, 1056, 1112, 380, 1053, 1056, 377, 1054, 1053, 363, 1280, 1054, 365, 1278, 1280, 410, 1275, 1278, 412, 521, 523, 1096, 519, 521, 1098, 471, 519, 1100, 472, 471, 1101, 488, 472, 896, 501, 488, 926, 482, 501, 983, 487, 482, 1050, 469, 487, 928, 454, 469, 927, 455, 454, 883, 480, 455, 878, 468, 480, 877, 447, 468, 884, 448, 447, 886, 467, 448, 885, 441, 467, 897, 442, 441, 898, 445, 442, 875, 443, 445, 874, 444, 443, 887, 504, 444, 900, 505, 504, 899, 516, 505, 1103, 517, 516, 1102, 514, 517, 1170, 515, 514, 1169, 499, 515, 1172, 500, 499, 1171, 502, 500, 1226, 503, 502, 1378, 512, 503, 1356, 513, 512, 1355, 510, 513, 1358, 511, 510, 1357, 497, 511, 1317, 498, 497, 1316, 479, 498, 972, 466, 479, 1042, 463, 466, 1043, 464, 463, 977, 485, 464, 976, 477, 485, 1157, 474, 477, 1045, 475, 474, 1047, 453, 475, 1088, 450, 453, 1089, 451, 450, 980, 460, 451, 982, 457, 460, 1049, 458, 457, 1091, 495, 458, 1093, 493, 495, 1159, 490, 493, 1161, 491, 490, 1163, 507, 491, 1165, 508, 507, 1167, 523, 508, 1168, 1168, 1096, 523, 1167, 1168, 508, 1165, 1167, 507, 1163, 1165, 491, 1161, 1163, 490, 1159, 1161, 493, 1093, 1159, 495, 1091, 1093, 458, 1049, 1091, 457, 982, 1049, 460, 980, 982, 451, 1089, 980, 450, 1088, 1089, 453, 1047, 1088, 475, 1045, 1047, 474, 1157, 1045, 477, 976, 1157, 485, 977, 976, 464, 1043, 977, 463, 1042, 1043, 466, 972, 1042, 479, 1316, 972, 498, 1317, 1316, 497, 1357, 1317, 511, 1358, 1357, 510, 1355, 1358, 513, 1356, 1355, 512, 1378, 1356, 503, 1226, 1378, 502, 1171, 1226, 500, 1172, 1171, 499, 1169, 1172, 515, 1170, 1169, 514, 1102, 1170, 517, 1103, 1102, 516, 899, 1103, 505, 900, 899, 504, 887, 900, 444, 874, 887, 443, 875, 874, 445, 898, 875, 442, 897, 898, 441, 885, 897, 467, 886, 885, 448, 884, 886, 447, 877, 884, 468, 878, 877, 480, 883, 878, 455, 927, 883, 454, 928, 927, 469, 1050, 928, 487, 983, 1050, 482, 926, 983, 501, 896, 926, 488, 1101, 896, 472, 1100, 1101, 471, 1098, 1100, 519, 1096, 1098, 521, 806, 843, 1182, 832, 806, 1336, 822, 832, 1337, 804, 822, 1058, 805, 804, 1240, 840, 805, 1239, 830, 840, 1241, 831, 830, 1338, 794, 831, 1288, 782, 794, 1287, 783, 782, 999, 802, 783, 940, 793, 802, 942, 776, 793, 1065, 781, 776, 1002, 792, 781, 1004, 771, 792, 1067, 772, 771, 1068, 774, 772, 945, 773, 774, 947, 769, 773, 1006, 770, 769, 1069, 800, 770, 1009, 801, 800, 1011, 821, 801, 1125, 838, 821, 1127, 839, 838, 1189, 819, 839, 1290, 820, 819, 1292, 828, 820, 1340, 829, 828, 1381, 836, 829, 1368, 837, 836, 1369, 834, 837, 1343, 835, 834, 1345, 818, 835, 1347, 790, 818, 1348, 791, 790, 1130, 787, 791, 1132, 788, 787, 1190, 799, 788, 1134, 817, 799, 1133, 797, 817, 1192, 798, 797, 1191, 816, 798, 1242, 779, 816, 1293, 780, 779, 1019, 778, 780, 1012, 784, 778, 1194, 785, 784, 1243, 833, 785, 1245, 827, 833, 1244, 814, 827, 1247, 815, 814, 1349, 841, 815, 1394, 813, 841, 1393, 826, 813, 1334, 843, 826, 1333, 1333, 1182, 843, 1334, 1333, 826, 1393, 1334, 813, 1394, 1393, 841, 1349, 1394, 815, 1247, 1349, 814, 1244, 1247, 827, 1245, 1244, 833, 1243, 1245, 785, 1194, 1243, 784, 1012, 1194, 778, 1019, 1012, 780, 1293, 1019, 779, 1242, 1293, 816, 1191, 1242, 798, 1192, 1191, 797, 1133, 1192, 817, 1134, 1133, 799, 1190, 1134, 788, 1132, 1190, 787, 1130, 1132, 791, 1348, 1130, 790, 1347, 1348, 818, 1345, 1347, 835, 1343, 1345, 834, 1369, 1343, 837, 1368, 1369, 836, 1381, 1368, 829, 1340, 1381, 828, 1292, 1340, 820, 1290, 1292, 819, 1189, 1290, 839, 1127, 1189, 838, 1125, 1127, 821, 1011, 1125, 801, 1009, 1011, 800, 1069, 1009, 770, 1006, 1069, 769, 947, 1006, 773, 945, 947, 774, 1068, 945, 772, 1067, 1068, 771, 1004, 1067, 792, 1002, 1004, 781, 1065, 1002, 776, 942, 1065, 793, 940, 942, 802, 999, 940, 783, 1287, 999, 782, 1288, 1287, 794, 1338, 1288, 831, 1241, 1338, 830, 1239, 1241, 840, 1240, 1239, 805, 1058, 1240, 804, 1337, 1058, 822, 1336, 1337, 832, 1182, 1336, 806, 659, 705, 970, 660, 659, 967, 682, 660, 1211, 683, 682, 1210, 694, 683, 1352, 704, 694, 1299, 692, 704, 1298, 693, 692, 1196, 647, 693, 1301, 645, 647, 1300, 646, 645, 948, 671, 646, 911, 657, 671, 880, 643, 657, 1135, 644, 643, 1071, 642, 644, 1070, 626, 642, 1072, 627, 626, 1136, 633, 627, 1024, 622, 633, 1023, 624, 622, 1073, 625, 624, 1027, 669, 625, 1026, 670, 669, 1029, 681, 670, 1138, 702, 681, 1140, 703, 702, 1200, 691, 703, 1303, 680, 691, 1305, 689, 680, 1307, 690, 689, 1255, 700, 690, 1254, 701, 700, 1203, 698, 701, 1202, 699, 698, 1205, 679, 699, 1207, 668, 679, 952, 656, 668, 951, 640, 656, 954, 638, 640, 915, 667, 638, 914, 666, 667, 917, 654, 666, 1032, 652, 654, 1031, 664, 652, 1034, 632, 664, 1077, 630, 632, 958, 635, 630, 957, 648, 635, 960, 649, 648, 1036, 697, 649, 1142, 678, 697, 1141, 676, 678, 1144, 677, 676, 1143, 706, 677, 1146, 707, 706, 1145, 661, 707, 1081, 705, 661, 922, 922, 970, 705, 1081, 922, 661, 1145, 1081, 707, 1146, 1145, 706, 1143, 1146, 677, 1144, 1143, 676, 1141, 1144, 678, 1142, 1141, 697, 1036, 1142, 649, 960, 1036, 648, 957, 960, 635, 958, 957, 630, 1077, 958, 632, 1034, 1077, 664, 1031, 1034, 652, 1032, 1031, 654, 917, 1032, 666, 914, 917, 667, 915, 914, 638, 954, 915, 640, 951, 954, 656, 952, 951, 668, 1207, 952, 679, 1205, 1207, 699, 1202, 1205, 698, 1203, 1202, 701, 1254, 1203, 700, 1255, 1254, 690, 1307, 1255, 689, 1305, 1307, 680, 1303, 1305, 691, 1200, 1303, 703, 1140, 1200, 702, 1138, 1140, 681, 1029, 1138, 670, 1026, 1029, 669, 1027, 1026, 625, 1073, 1027, 624, 1023, 1073, 622, 1024, 1023, 633, 1136, 1024, 627, 1072, 1136, 626, 1070, 1072, 642, 1071, 1070, 644, 1135, 1071, 643, 880, 1135, 657, 911, 880, 671, 948, 911, 646, 1300, 948, 645, 1301, 1300, 647, 1196, 1301, 693, 1298, 1196, 692, 1299, 1298, 704, 1352, 1299, 694, 1210, 1352, 683, 1211, 1210, 682, 967, 1211, 660, 970, 967, 659, 199, 1408, 1409, 195, 1409, 1410, 189, 1410, 1411, 190, 1411, 1412, 193, 1412, 1413, 194, 1413, 1414, 187, 1414, 1415, 188, 1415, 1416, 192, 1416, 1417, 184, 1417, 1418, 181, 1418, 1419, 182, 1419, 1420, 183, 1420, 1421, 175, 1421, 1422, 176, 1422, 1423, 180, 1423, 1424, 179, 1424, 1425, 177, 1425, 1426, 178, 1426, 1427, 185, 1427, 1428, 186, 1428, 1429, 210, 1429, 1430, 211, 1430, 1431, 223, 1431, 1432, 224, 1432, 1433, 230, 1433, 1434, 231, 1434, 1435, 228, 1435, 1436, 229, 1436, 1437, 232, 1437, 1438, 225, 1438, 1439, 226, 1439, 1440, 227, 1440, 1441, 215, 1441, 1442, 216, 1442, 1443, 220, 1443, 1444, 219, 1444, 1445, 214, 1445, 1446, 208, 1446, 1447, 209, 1447, 1448, 206, 1448, 1449, 207, 1449, 1450, 205, 1450, 1451, 198, 1451, 1452, 191, 1452, 1453, 196, 1453, 1454, 197, 1454, 1455, 204, 1455, 1456, 202, 1456, 1457, 203, 1457, 1458, 217, 1458, 1459, 218, 1459, 1460, 221, 1460, 1461, 222, 1461, 1462, 200, 1462, 1463, 201, 1463, 1464, 213, 1464, 1465, 212, 1465, 1408, 1408, 199, 212, 1465, 212, 213, 1464, 213, 201, 1463, 201, 200, 1462, 200, 222, 1461, 222, 221, 1460, 221, 218, 1459, 218, 217, 1458, 217, 203, 1457, 203, 202, 1456, 202, 204, 1455, 204, 197, 1454, 197, 196, 1453, 196, 191, 1452, 191, 198, 1451, 198, 205, 1450, 205, 207, 1449, 207, 206, 1448, 206, 209, 1447, 209, 208, 1446, 208, 214, 1445, 214, 219, 1444, 219, 220, 1443, 220, 216, 1442, 216, 215, 1441, 215, 227, 1440, 227, 226, 1439, 226, 225, 1438, 225, 232, 1437, 232, 229, 1436, 229, 228, 1435, 228, 231, 1434, 231, 230, 1433, 230, 224, 1432, 224, 223, 1431, 223, 211, 1430, 211, 210, 1429, 210, 186, 1428, 186, 185, 1427, 185, 178, 1426, 178, 177, 1425, 177, 179, 1424, 179, 180, 1423, 180, 176, 1422, 176, 175, 1421, 175, 183, 1420, 183, 182, 1419, 182, 181, 1418, 181, 184, 1417, 184, 192, 1416, 192, 188, 1415, 188, 187, 1414, 187, 194, 1413, 194, 193, 1412, 193, 190, 1411, 190, 189, 1410, 189, 195, 1409, 195, 199, 271, 1466, 1467, 278, 1467, 1468, 277, 1468, 1469, 268, 1469, 1470, 262, 1470, 1471, 263, 1471, 1472, 261, 1472, 1473, 246, 1473, 1474, 242, 1474, 1475, 243, 1475, 1476, 241, 1476, 1477, 240, 1477, 1478, 237, 1478, 1479, 238, 1479, 1480, 235, 1480, 1481, 236, 1481, 1482, 239, 1482, 1483, 233, 1483, 1484, 234, 1484, 1485, 244, 1485, 1486, 245, 1486, 1487, 248, 1487, 1488, 260, 1488, 1489, 252, 1489, 1490, 253, 1490, 1491, 284, 1491, 1492, 285, 1492, 1493, 289, 1493, 1494, 290, 1494, 1495, 283, 1495, 1496, 288, 1496, 1497, 287, 1497, 1498, 282, 1498, 1499, 275, 1499, 1500, 276, 1500, 1501, 273, 1501, 1502, 274, 1502, 1503, 266, 1503, 1504, 267, 1504, 1505, 264, 1505, 1506, 265, 1506, 1507, 258, 1507, 1508, 259, 1508, 1509, 257, 1509, 1510, 251, 1510, 1511, 247, 1511, 1512, 255, 1512, 1513, 256, 1513, 1514, 254, 1514, 1515, 249, 1515, 1516, 250, 1516, 1517, 281, 1517, 1518, 269, 1518, 1519, 270, 1519, 1520, 272, 1520, 1521, 286, 1521, 1522, 279, 1522, 1523, 280, 1523, 1466, 1466, 271, 280, 1523, 280, 279, 1522, 279, 286, 1521, 286, 272, 1520, 272, 270, 1519, 270, 269, 1518, 269, 281, 1517, 281, 250, 1516, 250, 249, 1515, 249, 254, 1514, 254, 256, 1513, 256, 255, 1512, 255, 247, 1511, 247, 251, 1510, 251, 257, 1509, 257, 259, 1508, 259, 258, 1507, 258, 265, 1506, 265, 264, 1505, 264, 267, 1504, 267, 266, 1503, 266, 274, 1502, 274, 273, 1501, 273, 276, 1500, 276, 275, 1499, 275, 282, 1498, 282, 287, 1497, 287, 288, 1496, 288, 283, 1495, 283, 290, 1494, 290, 289, 1493, 289, 285, 1492, 285, 284, 1491, 284, 253, 1490, 253, 252, 1489, 252, 260, 1488, 260, 248, 1487, 248, 245, 1486, 245, 244, 1485, 244, 234, 1484, 234, 233, 1483, 233, 239, 1482, 239, 236, 1481, 236, 235, 1480, 235, 238, 1479, 238, 237, 1478, 237, 240, 1477, 240, 241, 1476, 241, 243, 1475, 243, 242, 1474, 242, 246, 1473, 246, 261, 1472, 261, 263, 1471, 263, 262, 1470, 262, 268, 1469, 268, 277, 1468, 277, 278, 1467, 278, 271, 1466, 1524, 1525, 1467, 1525, 1526, 1468, 1526, 1527, 1469, 1527, 1528, 1470, 1528, 1529, 1471, 1529, 1530, 1472, 1530, 1531, 1473, 1531, 1532, 1474, 1532, 1533, 1475, 1533, 1534, 1476, 1534, 1535, 1477, 1535, 1536, 1478, 1536, 1537, 1479, 1537, 1538, 1480, 1538, 1539, 1481, 1539, 1540, 1482, 1540, 1541, 1483, 1541, 1542, 1484, 1542, 1543, 1485, 1543, 1544, 1486, 1544, 1545, 1487, 1545, 1546, 1488, 1546, 1547, 1489, 1547, 1548, 1490, 1548, 1549, 1491, 1549, 1550, 1492, 1550, 1551, 1493, 1551, 1552, 1494, 1552, 1553, 1495, 1553, 1554, 1496, 1554, 1555, 1497, 1555, 1556, 1498, 1556, 1557, 1499, 1557, 1558, 1500, 1558, 1559, 1501, 1559, 1560, 1502, 1560, 1561, 1503, 1561, 1562, 1504, 1562, 1563, 1505, 1563, 1564, 1506, 1564, 1565, 1507, 1565, 1566, 1508, 1566, 1567, 1509, 1567, 1568, 1510, 1568, 1569, 1511, 1569, 1570, 1512, 1570, 1571, 1513, 1571, 1572, 1514, 1572, 1573, 1515, 1573, 1574, 1516, 1574, 1575, 1517, 1575, 1576, 1518, 1576, 1577, 1519, 1577, 1578, 1520, 1578, 1579, 1521, 1579, 1580, 1522, 1580, 1581, 1523, 1581, 1524, 1524, 1466, 1523, 1581, 1523, 1522, 1580, 1522, 1521, 1579, 1521, 1520, 1578, 1520, 1519, 1577, 1519, 1518, 1576, 1518, 1517, 1575, 1517, 1516, 1574, 1516, 1515, 1573, 1515, 1514, 1572, 1514, 1513, 1571, 1513, 1512, 1570, 1512, 1511, 1569, 1511, 1510, 1568, 1510, 1509, 1567, 1509, 1508, 1566, 1508, 1507, 1565, 1507, 1506, 1564, 1506, 1505, 1563, 1505, 1504, 1562, 1504, 1503, 1561, 1503, 1502, 1560, 1502, 1501, 1559, 1501, 1500, 1558, 1500, 1499, 1557, 1499, 1498, 1556, 1498, 1497, 1555, 1497, 1496, 1554, 1496, 1495, 1553, 1495, 1494, 1552, 1494, 1493, 1551, 1493, 1492, 1550, 1492, 1491, 1549, 1491, 1490, 1548, 1490, 1489, 1547, 1489, 1488, 1546, 1488, 1487, 1545, 1487, 1486, 1544, 1486, 1485, 1543, 1485, 1484, 1542, 1484, 1483, 1541, 1483, 1482, 1540, 1482, 1481, 1539, 1481, 1480, 1538, 1480, 1479, 1537, 1479, 1478, 1536, 1478, 1477, 1535, 1477, 1476, 1534, 1476, 1475, 1533, 1475, 1474, 1532, 1474, 1473, 1531, 1473, 1472, 1530, 1472, 1471, 1529, 1471, 1470, 1528, 1470, 1469, 1527, 1469, 1468, 1526, 1468, 1467, 1525, 1467, 1466, 1582, 1552, 1551, 1551, 1550, 1582, 1550, 1549, 1582, 1549, 1548, 1582, 1548, 1547, 1582, 1547, 1546, 1582, 1546, 1545, 1582, 1545, 1544, 1582, 1544, 1543, 1582, 1543, 1542, 1582, 1542, 1541, 1582, 1541, 1540, 1582, 1540, 1539, 1582, 1539, 1538, 1582, 1538, 1537, 1582, 1537, 1536, 1582, 1536, 1535, 1582, 1535, 1534, 1582, 1534, 1533, 1582, 1533, 1532, 1582, 1532, 1531, 1582, 1531, 1530, 1582, 1530, 1529, 1582, 1529, 1528, 1582, 1528, 1527, 1582, 1527, 1526, 1582, 1526, 1525, 1582, 1525, 1524, 1582, 1524, 1581, 1582, 1581, 1580, 1582, 1580, 1579, 1582, 1579, 1578, 1582, 1578, 1577, 1582, 1577, 1576, 1582, 1576, 1575, 1582, 1575, 1574, 1582, 1574, 1573, 1582, 1573, 1572, 1582, 1572, 1571, 1582, 1571, 1570, 1582, 1570, 1569, 1582, 1569, 1568, 1582, 1568, 1567, 1582, 1567, 1566, 1582, 1566, 1565, 1582, 1565, 1564, 1582, 1564, 1563, 1582, 1563, 1562, 1582, 1562, 1561, 1582, 1561, 1560, 1582, 1560, 1559, 1582, 1559, 1558, 1582, 1558, 1557, 1582, 1557, 1556, 1582, 1556, 1555, 1582, 1555, 1554, 1582, 1554, 1553, 1582, 1553, 1552, 1582, 1408, 1583, 1584, 1409, 1584, 1585, 1410, 1585, 1586, 1411, 1586, 1587, 1412, 1587, 1588, 1413, 1588, 1589, 1414, 1589, 1590, 1415, 1590, 1591, 1416, 1591, 1592, 1417, 1592, 1593, 1418, 1593, 1594, 1419, 1594, 1595, 1420, 1595, 1596, 1421, 1596, 1597, 1422, 1597, 1598, 1423, 1598, 1599, 1424, 1599, 1600, 1425, 1600, 1601, 1426, 1601, 1602, 1427, 1602, 1603, 1428, 1603, 1604, 1429, 1604, 1605, 1430, 1605, 1606, 1431, 1606, 1607, 1432, 1607, 1608, 1433, 1608, 1609, 1434, 1609, 1610, 1435, 1610, 1611, 1436, 1611, 1612, 1437, 1612, 1613, 1438, 1613, 1614, 1439, 1614, 1615, 1440, 1615, 1616, 1441, 1616, 1617, 1442, 1617, 1618, 1443, 1618, 1619, 1444, 1619, 1620, 1445, 1620, 1621, 1446, 1621, 1622, 1447, 1622, 1623, 1448, 1623, 1624, 1449, 1624, 1625, 1450, 1625, 1626, 1451, 1626, 1627, 1452, 1627, 1628, 1453, 1628, 1629, 1454, 1629, 1630, 1455, 1630, 1631, 1456, 1631, 1632, 1457, 1632, 1633, 1458, 1633, 1634, 1459, 1634, 1635, 1460, 1635, 1636, 1461, 1636, 1637, 1462, 1637, 1638, 1463, 1638, 1639, 1464, 1639, 1640, 1465, 1640, 1583, 1583, 1408, 1465, 1640, 1465, 1464, 1639, 1464, 1463, 1638, 1463, 1462, 1637, 1462, 1461, 1636, 1461, 1460, 1635, 1460, 1459, 1634, 1459, 1458, 1633, 1458, 1457, 1632, 1457, 1456, 1631, 1456, 1455, 1630, 1455, 1454, 1629, 1454, 1453, 1628, 1453, 1452, 1627, 1452, 1451, 1626, 1451, 1450, 1625, 1450, 1449, 1624, 1449, 1448, 1623, 1448, 1447, 1622, 1447, 1446, 1621, 1446, 1445, 1620, 1445, 1444, 1619, 1444, 1443, 1618, 1443, 1442, 1617, 1442, 1441, 1616, 1441, 1440, 1615, 1440, 1439, 1614, 1439, 1438, 1613, 1438, 1437, 1612, 1437, 1436, 1611, 1436, 1435, 1610, 1435, 1434, 1609, 1434, 1433, 1608, 1433, 1432, 1607, 1432, 1431, 1606, 1431, 1430, 1605, 1430, 1429, 1604, 1429, 1428, 1603, 1428, 1427, 1602, 1427, 1426, 1601, 1426, 1425, 1600, 1425, 1424, 1599, 1424, 1423, 1598, 1423, 1422, 1597, 1422, 1421, 1596, 1421, 1420, 1595, 1420, 1419, 1594, 1419, 1418, 1593, 1418, 1417, 1592, 1417, 1416, 1591, 1416, 1415, 1590, 1415, 1414, 1589, 1414, 1413, 1588, 1413, 1412, 1587, 1412, 1411, 1586, 1411, 1410, 1585, 1410, 1409, 1584, 1409, 1408, 1641, 1611, 1610, 1610, 1609, 1641, 1609, 1608, 1641, 1608, 1607, 1641, 1607, 1606, 1641, 1606, 1605, 1641, 1605, 1604, 1641, 1604, 1603, 1641, 1603, 1602, 1641, 1602, 1601, 1641, 1601, 1600, 1641, 1600, 1599, 1641, 1599, 1598, 1641, 1598, 1597, 1641, 1597, 1596, 1641, 1596, 1595, 1641, 1595, 1594, 1641, 1594, 1593, 1641, 1593, 1592, 1641, 1592, 1591, 1641, 1591, 1590, 1641, 1590, 1589, 1641, 1589, 1588, 1641, 1588, 1587, 1641, 1587, 1586, 1641, 1586, 1585, 1641, 1585, 1584, 1641, 1584, 1583, 1641, 1583, 1640, 1641, 1640, 1639, 1641, 1639, 1638, 1641, 1638, 1637, 1641, 1637, 1636, 1641, 1636, 1635, 1641, 1635, 1634, 1641, 1634, 1633, 1641, 1633, 1632, 1641, 1632, 1631, 1641, 1631, 1630, 1641, 1630, 1629, 1641, 1629, 1628, 1641, 1628, 1627, 1641, 1627, 1626, 1641, 1626, 1625, 1641, 1625, 1624, 1641, 1624, 1623, 1641, 1623, 1622, 1641, 1622, 1621, 1641, 1621, 1620, 1641, 1620, 1619, 1641, 1619, 1618, 1641, 1618, 1617, 1641, 1617, 1616, 1641, 1616, 1615, 1641, 1615, 1614, 1641, 1614, 1613, 1641, 1613, 1612, 1641, 1612, 1611, 1641]
            custom float newton:contactGap = 0.0001
            custom float newton:contactMargin = 0
            custom bool newton:hydroelasticEnabled = 1
            custom float newton:hydroelasticStiffness = 100000000
            custom int newton:sdfMaxResolution = 256
            custom float newton:sdfNarrowBandInner = -0.005
            custom float newton:sdfNarrowBandOuter = 0.005
            custom float newton:sdfPadding = 0.005
            custom token newton:sdfTextureFormat = "uint16"
            uniform token physics:approximation = "sdf"
            bool physics:collisionEnabled = 1
            custom float physxCollision:contactOffset = 0.0001
            custom float physxCollision:restOffset = 0
            point3f[] points = [(-0.0349375, 0.000463275, 0.01875), (-0.035011373, 0.0009141, 0.01875), (-0.035133626, 0.0013542001, 0.01875), (-0.035302676, 0.00177855, 0.01875), (-0.03551665, 0.0021821249, 0.01875), (-0.035773, 0.0025602, 0.01875), (-0.036068723, 0.002908425, 0.01875), (-0.036400374, 0.0032225251, 0.01875), (-0.036763974, 0.0034989747, 0.01875), (-0.037155397, 0.003734475, 0.01875), (-0.03757, 0.00392625, 0.01875), (-0.0380029, 0.004072125, 0.01875), (-0.038449, 0.0041703, 0.01875), (-0.038903125, 0.004219725, 0.01875), (-0.039359875, 0.004219725, 0.01875), (-0.039814, 0.0041703, 0.01875), (-0.0402601, 0.004072125, 0.01875), (-0.040693, 0.00392625, 0.01875), (-0.041107602, 0.003734475, 0.01875), (-0.041499026, 0.0034989747, 0.01875), (-0.041862626, 0.0032225251, 0.01875), (-0.042194277, 0.002908425, 0.01875), (-0.042489998, 0.0025602, 0.01875), (-0.04274635, 0.0021821249, 0.01875), (-0.042960323, 0.00177855, 0.01875), (-0.043129373, 0.0013542001, 0.01875), (-0.043251626, 0.0009141, 0.01875), (-0.0433255, 0.000463275, 0.01875), (-0.04335025, 0.0000071249997, 0.01875), (-0.0433255, -0.00044895, 0.01875), (-0.043251626, -0.00089977507, 0.01875), (-0.043129373, -0.0013398749, 0.01875), (-0.042960323, -0.0017642251, 0.01875), (-0.04274635, -0.0021678, 0.01875), (-0.042489998, -0.00254595, 0.01875), (-0.042194277, -0.0028941, 0.01875), (-0.041862626, -0.0032082, 0.01875), (-0.041499026, -0.00348465, 0.01875), (-0.041107602, -0.0037201499, 0.01875), (-0.040693, -0.003911925, 0.01875), (-0.0402601, -0.0040578004, 0.01875), (-0.039814, -0.0041560503, 0.01875), (-0.039359875, -0.0042054, 0.01875), (-0.038903125, -0.0042054, 0.01875), (-0.038449, -0.0041560503, 0.01875), (-0.0380029, -0.0040578004, 0.01875), (-0.03757, -0.003911925, 0.01875), (-0.037155397, -0.0037201499, 0.01875), (-0.036763974, -0.00348465, 0.01875), (-0.036400374, -0.0032082, 0.01875), (-0.036068723, -0.0028941, 0.01875), (-0.035773, -0.00254595, 0.01875), (-0.03551665, -0.0021678, 0.01875), (-0.035302676, -0.0017642251, 0.01875), (-0.035133626, -0.0013398749, 0.01875), (-0.035011373, -0.00089977507, 0.01875), (-0.0349375, -0.00044895, 0.01875), (-0.03491275, 0.0000071249997, 0.01875), (-0.0391315, 0.0000071249997, 0.01875), (-0.04447525, 0.0000071249997, 0.01725), (-0.044443898, 0.000584925, 0.01725), (-0.0443503, 0.0011559, 0.01725), (-0.0441955, 0.00171345, 0.01725), (-0.043981373, 0.002250975, 0.01725), (-0.043710325, 0.002762175, 0.01725), (-0.04338565, 0.00324105, 0.01725), (-0.043011025, 0.00368205, 0.01725), (-0.04259095, 0.004079925, 0.01725), (-0.042130373, 0.0044301, 0.01725), (-0.041634552, 0.00472845, 0.01725), (-0.041109398, 0.0049713748, 0.01725), (-0.040561076, 0.0051561003, 0.01725), (-0.039996028, 0.005280525, 0.01725), (-0.039420776, 0.005343075, 0.01725), (-0.038842224, 0.005343075, 0.01725), (-0.03826697, 0.005280525, 0.01725), (-0.037701923, 0.0051561003, 0.01725), (-0.0371536, 0.0049713748, 0.01725), (-0.03662845, 0.00472845, 0.01725), (-0.036132626, 0.0044301, 0.01725), (-0.03567205, 0.004079925, 0.01725), (-0.035251975, 0.00368205, 0.01725), (-0.03487735, 0.00324105, 0.01725), (-0.034552675, 0.002762175, 0.01725), (-0.034281626, 0.002250975, 0.01725), (-0.0340675, 0.00171345, 0.01725), (-0.0339127, 0.0011559, 0.01725), (-0.0338191, 0.000584925, 0.01725), (-0.03378775, 0.0000071249997, 0.01725), (-0.0338191, -0.0005706, 0.01725), (-0.0339127, -0.0011415749, 0.01725), (-0.0340675, -0.0016991249, 0.01725), (-0.034281626, -0.0022366499, 0.01725), (-0.034552675, -0.00274785, 0.01725), (-0.03487735, -0.003226725, 0.01725), (-0.035251975, -0.0036677248, 0.01725), (-0.03567205, -0.0040656747, 0.01725), (-0.036132626, -0.0044157747, 0.01725), (-0.03662845, -0.004714125, 0.01725), (-0.0371536, -0.00495705, 0.01725), (-0.037701923, -0.005141775, 0.01725), (-0.03826697, -0.0052662, 0.01725), (-0.038842224, -0.00532875, 0.01725), (-0.039420776, -0.00532875, 0.01725), (-0.039996028, -0.0052662, 0.01725), (-0.040561076, -0.005141775, 0.01725), (-0.041109398, -0.00495705, 0.01725), (-0.041634552, -0.004714125, 0.01725), (-0.042130373, -0.0044157747, 0.01725), (-0.04259095, -0.0040656747, 0.01725), (-0.043011025, -0.0036677248, 0.01725), (-0.04338565, -0.003226725, 0.01725), (-0.043710325, -0.00274785, 0.01725), (-0.043981373, -0.0022366499, 0.01725), (-0.0441955, -0.0016991249, 0.01725), (-0.0443503, -0.0011415749, 0.01725), (-0.044443898, -0.0005706, 0.01725), (-0.04447525, 0.0000071249997, -0.01125), (-0.044443898, 0.000584925, -0.01125), (-0.0443503, 0.0011559, -0.01125), (-0.0441955, 0.00171345, -0.01125), (-0.043981373, 0.002250975, -0.01125), (-0.043710325, 0.002762175, -0.01125), (-0.04338565, 0.00324105, -0.01125), (-0.043011025, 0.00368205, -0.01125), (-0.04259095, 0.004079925, -0.01125), (-0.042130373, 0.0044301, -0.01125), (-0.041634552, 0.00472845, -0.01125), (-0.041109398, 0.0049713748, -0.01125), (-0.040561076, 0.0051561003, -0.01125), (-0.039996028, 0.005280525, -0.01125), (-0.039420776, 0.005343075, -0.01125), (-0.038842224, 0.005343075, -0.01125), (-0.03826697, 0.005280525, -0.01125), (-0.037701923, 0.0051561003, -0.01125), (-0.0371536, 0.0049713748, -0.01125), (-0.03662845, 0.00472845, -0.01125), (-0.036132626, 0.0044301, -0.01125), (-0.03567205, 0.004079925, -0.01125), (-0.035251975, 0.00368205, -0.01125), (-0.03487735, 0.00324105, -0.01125), (-0.034552675, 0.002762175, -0.01125), (-0.034281626, 0.002250975, -0.01125), (-0.0340675, 0.00171345, -0.01125), (-0.0339127, 0.0011559, -0.01125), (-0.0338191, 0.000584925, -0.01125), (-0.03378775, 0.0000071249997, -0.01125), (-0.0338191, -0.0005706, -0.01125), (-0.0339127, -0.0011415749, -0.01125), (-0.0340675, -0.0016991249, -0.01125), (-0.034281626, -0.0022366499, -0.01125), (-0.034552675, -0.00274785, -0.01125), (-0.03487735, -0.003226725, -0.01125), (-0.035251975, -0.0036677248, -0.01125), (-0.03567205, -0.0040656747, -0.01125), (-0.036132626, -0.0044157747, -0.01125), (-0.03662845, -0.004714125, -0.01125), (-0.0371536, -0.00495705, -0.01125), (-0.037701923, -0.005141775, -0.01125), (-0.03826697, -0.0052662, -0.01125), (-0.038842224, -0.00532875, -0.01125), (-0.039420776, -0.00532875, -0.01125), (-0.039996028, -0.0052662, -0.01125), (-0.040561076, -0.005141775, -0.01125), (-0.041109398, -0.00495705, -0.01125), (-0.041634552, -0.004714125, -0.01125), (-0.042130373, -0.0044157747, -0.01125), (-0.04259095, -0.0040656747, -0.01125), (-0.043011025, -0.0036677248, -0.01125), (-0.04338565, -0.003226725, -0.01125), (-0.043710325, -0.00274785, -0.01125), (-0.043981373, -0.0022366499, -0.01125), (-0.0441955, -0.0016991249, -0.01125), (-0.0443503, -0.0011415749, -0.01125), (-0.044443898, -0.0005706, -0.01125), (0.035753973, 0.005280525, -0.01125), (0.036329225, 0.005343075, -0.01125), (0.038048077, 0.0051561003, -0.01125), (0.0385964, 0.0049713748, -0.01125), (0.037483025, 0.005280525, -0.01125), (0.036907773, 0.005343075, -0.01125), (0.03411545, 0.00472845, -0.01125), (0.034640603, 0.0049713748, -0.01125), (0.035188925, 0.0051561003, -0.01125), (0.033619627, 0.0044301, -0.01125), (0.03912155, 0.00472845, -0.01125), (0.039617375, 0.0044301, -0.01125), (0.03236435, 0.00324105, -0.01125), (0.032738976, 0.00368205, -0.01125), (0.0313997, 0.0011559, -0.01125), (0.0315545, 0.00171345, -0.01125), (0.036329225, -0.00532875, -0.01125), (0.033159047, 0.004079925, -0.01125), (0.031768627, 0.002250975, -0.01125), (0.032039676, 0.002762175, -0.01125), (0.0313061, 0.000584925, -0.01125), (0.035753973, -0.0052662, -0.01125), (0.035188925, -0.005141775, -0.01125), (0.036907773, -0.00532875, -0.01125), (0.03127475, 0.0000071249997, -0.01125), (0.031768627, -0.0022366499, -0.01125), (0.0315545, -0.0016991249, -0.01125), (0.03411545, -0.004714125, -0.01125), (0.033619627, -0.0044157747, -0.01125), (0.034640603, -0.00495705, -0.01125), (0.037483025, -0.0052662, -0.01125), (0.0385964, -0.00495705, -0.01125), (0.038048077, -0.005141775, -0.01125), (0.039617375, -0.0044157747, -0.01125), (0.03912155, -0.004714125, -0.01125), (0.04007795, 0.004079925, -0.01125), (0.040498026, 0.00368205, -0.01125), (0.0313061, -0.0005706, -0.01125), (0.0313997, -0.0011415749, -0.01125), (0.04007795, -0.0040656747, -0.01125), (0.041468374, -0.0022366499, -0.01125), (0.041197326, -0.00274785, -0.01125), (0.033159047, -0.0040656747, -0.01125), (0.032738976, -0.0036677248, -0.01125), (0.040498026, -0.0036677248, -0.01125), (0.04087265, -0.003226725, -0.01125), (0.03236435, -0.003226725, -0.01125), (0.032039676, -0.00274785, -0.01125), (0.04087265, 0.00324105, -0.01125), (0.041197326, 0.002762175, -0.01125), (0.0419309, -0.0005706, -0.01125), (0.0418373, -0.0011415749, -0.01125), (0.0416825, -0.0016991249, -0.01125), (0.0418373, 0.0011559, -0.01125), (0.0419309, 0.000584925, -0.01125), (0.041468374, 0.002250975, -0.01125), (0.0416825, 0.00171345, -0.01125), (0.04196225, 0.0000071249997, -0.01125), (0.08379807, 0.0051561003, -0.01125), (0.0843464, 0.0049713748, -0.01125), (0.082079224, 0.005343075, -0.01125), (0.08265778, 0.005343075, -0.01125), (0.08093893, 0.0051561003, -0.01125), (0.08150397, 0.005280525, -0.01125), (0.08323303, 0.005280525, -0.01125), (0.0803906, 0.0049713748, -0.01125), (0.079865456, 0.00472845, -0.01125), (0.07890905, 0.004079925, -0.01125), (0.07936962, 0.0044301, -0.01125), (0.084871545, 0.00472845, -0.01125), (0.08536738, 0.0044301, -0.01125), (0.078488976, 0.00368205, -0.01125), (0.08150397, -0.0052662, -0.01125), (0.085827954, 0.004079925, -0.01125), (0.07936962, -0.0044157747, -0.01125), (0.07890905, -0.0040656747, -0.01125), (0.082079224, -0.00532875, -0.01125), (0.086622655, 0.00324105, -0.01125), (0.08694733, 0.002762175, -0.01125), (0.079865456, -0.004714125, -0.01125), (0.08093893, -0.005141775, -0.01125), (0.0803906, -0.00495705, -0.01125), (0.08265778, -0.00532875, -0.01125), (0.08379807, -0.005141775, -0.01125), (0.08323303, -0.0052662, -0.01125), (0.086248025, 0.00368205, -0.01125), (0.078114346, 0.00324105, -0.01125), (0.07751863, 0.002250975, -0.01125), (0.07778967, 0.002762175, -0.01125), (0.084871545, -0.004714125, -0.01125), (0.0843464, -0.00495705, -0.01125), (0.085827954, -0.0040656747, -0.01125), (0.08536738, -0.0044157747, -0.01125), (0.0773045, 0.00171345, -0.01125), (0.078114346, -0.003226725, -0.01125), (0.07778967, -0.00274785, -0.01125), (0.07702475, 0.0000071249997, -0.01125), (0.07751863, -0.0022366499, -0.01125), (0.086622655, -0.003226725, -0.01125), (0.086248025, -0.0036677248, -0.01125), (0.087218374, -0.0022366499, -0.01125), (0.08694733, -0.00274785, -0.01125), (0.0771497, 0.0011559, -0.01125), (0.0770561, 0.000584925, -0.01125), (0.0771497, -0.0011415749, -0.01125), (0.0770561, -0.0005706, -0.01125), (0.078488976, -0.0036677248, -0.01125), (0.0874325, -0.0016991249, -0.01125), (0.08771225, 0.0000071249997, -0.01125), (0.087218374, 0.002250975, -0.01125), (0.0874325, 0.00171345, -0.01125), (0.0773045, -0.0016991249, -0.01125), (0.087587304, -0.0011415749, -0.01125), (0.0876809, -0.0005706, -0.01125), (0.087587304, 0.0011559, -0.01125), (0.0876809, 0.000584925, -0.01125), (0.0481971, -0.0374425, -0.01125), (0.051994, -0.0360503, -0.01125), (0.0556272, -0.0342743, -0.01125), (0.0442771, -0.038436, -0.01125), (0.0590581, -0.0321335, -0.01125), (-0.0012565, -0.0475065, -0.01125), (0.0594935, -0.031795, -0.01125), (0.0622502, -0.0296507, -0.01125), (0.0704146, -0.0220983, -0.01125), (0.0708628, -0.0220252, -0.01125), (0.0651695, -0.0268523, -0.01125), (0.088084, -0.0447545, -0.01125), (0.0889392, -0.0459995, -0.01125), (0.0713161, -0.0219977, -0.01125), (0.069976, -0.0222163, -0.01125), (0.0691455, -0.0225815, -0.01125), (0.0695515, -0.022378, -0.01125), (0.067785, -0.0237678, -0.01125), (0.089924, -0.0471449, -0.01125), (0.0687621, -0.022825, -0.01125), (0.0680783, -0.0234211, -0.01125), (0.0910268, -0.048177, -0.01125), (0.0910781, -0.0482154, -0.01125), (0.0873684, -0.0434242, -0.01125), (0.0730883, -0.0223414, -0.01125), (0.0746136, -0.0229152, -0.01125), (0.0684051, -0.0231057, -0.01125), (0.0726606, -0.0221887, -0.01125), (0.07177, -0.0220159, -0.01125), (0.0722196, -0.0220798, -0.01125), (0.079095, -0.0258212, -0.01125), (0.0761742, -0.0233853, -0.01125), (0.0788624, -0.0253893, -0.01125), (0.0785842, -0.0249851, -0.01125), (0.0779046, -0.0242795, -0.01125), (0.0782637, -0.0246138, -0.01125), (0.0770884, -0.0237377, -0.01125), (0.0775113, -0.0239863, -0.01125), (0.0766409, -0.0235364, -0.01125), (0.0922348, -0.0490837, -0.01125), (0.1008328, -0.0514152, -0.01125), (0.1052351, -0.0504183, -0.01125), (0.1066025, -0.0497757, -0.01125), (0.1078915, -0.0489893, -0.01125), (0.1023334, -0.0512429, -0.01125), (0.1038066, -0.0509091, -0.01125), (0.1088965, -0.0482154, -0.01125), (0.0963427, -0.0509543, -0.01125), (0.0978198, -0.0512701, -0.01125), (0.0993224, -0.0514243, -0.01125), (0.0935337, -0.0498547, -0.01125), (0.0949084, -0.0504806, -0.01125), (0.0922685, -0.0491038, -0.01125), (0.0986692, -0.0422601, -0.01125), (0.0981613, -0.0420889, -0.01125), (0.0972156, -0.0415876, -0.01125), (0.0967889, -0.0412631, -0.01125), (0.0976749, -0.0418639, -0.01125), (0.1002615, -0.0424332, -0.01125), (0.0997255, -0.0424332, -0.01125), (0.1023121, -0.0418639, -0.01125), (0.1018257, -0.0420889, -0.01125), (0.1071065, -0.019828, -0.01125), (0.1031981, -0.0337178, -0.01125), (0.1035872, -0.0340863, -0.01125), (0.1013178, -0.0327208, -0.01125), (0.1018257, -0.032892, -0.01125), (0.0991927, -0.0423753, -0.01125), (0.1007943, -0.0423753, -0.01125), (0.1027714, -0.0415876, -0.01125), (0.1119895, -0.0446102, -0.01125), (0.1126895, -0.0432713, -0.01125), (0.104486, -0.039569, -0.01125), (0.1132395, -0.0418648, -0.01125), (0.1046844, -0.0390709, -0.01125), (0.1027714, -0.0333934, -0.01125), (0.1023121, -0.033117, -0.01125), (0.0997255, -0.0325477, -0.01125), (0.0976749, -0.033117, -0.01125), (0.0981613, -0.032892, -0.01125), (0.1013178, -0.0422601, -0.01125), (0.1031981, -0.0412631, -0.01125), (0.1090885, -0.0480679, -0.01125), (0.1101785, -0.0470226, -0.01125), (0.1035872, -0.0408946, -0.01125), (0.1111495, -0.0458655, -0.01125), (0.1042349, -0.0400425, -0.01125), (0.1002615, -0.0325477, -0.01125), (0.0972156, -0.0333934, -0.01125), (0.1039342, -0.0404861, -0.01125), (0.1131865, -0.0329565, -0.01125), (0.1126185, -0.0315567, -0.01125), (0.104486, -0.035412, -0.01125), (0.1007943, -0.0326056, -0.01125), (0.0991927, -0.0326056, -0.01125), (0.0986692, -0.0327208, -0.01125), (0.0963998, -0.0340863, -0.01125), (0.0967889, -0.0337178, -0.01125), (0.0950435, -0.0374904, -0.01125), (0.1042349, -0.0349384, -0.01125), (0.1039342, -0.0344948, -0.01125), (0.0950725, -0.0369553, -0.01125), (0.0951592, -0.0364264, -0.01125), (0.0950725, -0.0380256, -0.01125), (0.0963998, -0.0408946, -0.01125), (0.0960528, -0.0404861, -0.01125), (0.1138525, -0.0358984, -0.01125), (0.1135995, -0.0344094, -0.01125), (0.1048278, -0.0364264, -0.01125), (0.1046844, -0.03591, -0.01125), (0.0957521, -0.0349384, -0.01125), (0.0960528, -0.0344948, -0.01125), (0.0953026, -0.03591, -0.01125), (0.095501, -0.035412, -0.01125), (0.0953026, -0.0390709, -0.01125), (0.0951592, -0.0385545, -0.01125), (0.0957521, -0.0400425, -0.01125), (0.095501, -0.039569, -0.01125), (0.1136355, -0.0404069, -0.01125), (0.1048278, -0.0385545, -0.01125), (0.1138705, -0.0389149, -0.01125), (0.1049145, -0.0380256, -0.01125), (0.1139435, -0.0374063, -0.01125), (0.1049145, -0.0369553, -0.01125), (0.1049435, -0.0374904, -0.01125), (0.1064275, -0.0026065, -0.01125), (0.1065695, 0.0000095, -0.01125), (0.1053031, -0.0077164, -0.01125), (0.1060039, -0.005192, -0.01125), (0.1064275, 0.0026256, -0.01125), (0.1060039, 0.0052111, -0.01125), (0.1043335, -0.0101504, -0.01125), (0.1053031, 0.0077355, -0.01125), (0.104161, 0.013518, -0.01125), (0.1043452, 0.0139727, -0.01125), (0.1043335, 0.0101695, -0.01125), (0.1043452, -0.0139537, -0.01125), (0.1040274, 0.0130459, -0.01125), (0.1041522, -0.0106062, -0.01125), (0.104161, -0.0134989, -0.01125), (0.103946, 0.0125622, -0.01125), (0.103943, 0.0115825, -0.01125), (0.1039178, 0.0120724, -0.01125), (0.1041522, 0.0106253, -0.01125), (0.1040215, -0.0110791, -0.01125), (0.103946, -0.0125431, -0.01125), (0.1039178, -0.0120533, -0.01125), (0.1040274, -0.0130269, -0.01125), (0.1040215, 0.0110982, -0.01125), (0.103943, -0.0115634, -0.01125), (0.0986692, 0.03274, -0.01125), (0.0981613, 0.0329112, -0.01125), (0.0972156, 0.0334124, -0.01125), (0.0967889, 0.0337368, -0.01125), (0.0976749, 0.0331362, -0.01125), (0.1071065, 0.0198471, -0.01125), (0.1002615, 0.0325669, -0.01125), (0.0997255, 0.0325669, -0.01125), (0.1052351, 0.0504373, -0.01125), (0.1018257, 0.0421079, -0.01125), (0.1023121, 0.0418829, -0.01125), (0.1038066, 0.0509282, -0.01125), (0.1013178, 0.0422791, -0.01125), (0.1023121, 0.0331362, -0.01125), (0.1018257, 0.0329112, -0.01125), (0.1090885, 0.0480869, -0.01125), (0.1031981, 0.0412823, -0.01125), (0.1035872, 0.0409136, -0.01125), (0.1078915, 0.0490083, -0.01125), (0.1027714, 0.0416066, -0.01125), (0.1066025, 0.0497949, -0.01125), (0.0949084, 0.0504998, -0.01125), (0.0981613, 0.0421079, -0.01125), (0.0986692, 0.0422791, -0.01125), (0.0935337, 0.0498737, -0.01125), (0.0976749, 0.0418829, -0.01125), (0.0991927, 0.0326248, -0.01125), (0.1007943, 0.0326248, -0.01125), (0.1027714, 0.0334124, -0.01125), (0.1131865, 0.0329755, -0.01125), (0.1046844, 0.035929, -0.01125), (0.104486, 0.035431, -0.01125), (0.1008328, 0.0514342, -0.01125), (0.1002615, 0.0424523, -0.01125), (0.1007943, 0.0423943, -0.01125), (0.0993224, 0.0514434, -0.01125), (0.0997255, 0.0424523, -0.01125), (0.0922685, 0.0491228, -0.01125), (0.0972156, 0.0416066, -0.01125), (0.1013178, 0.03274, -0.01125), (0.1126185, 0.0315757, -0.01125), (0.1035872, 0.0341054, -0.01125), (0.1023334, 0.0512619, -0.01125), (0.0978198, 0.0512891, -0.01125), (0.0991927, 0.0423943, -0.01125), (0.0963427, 0.0509733, -0.01125), (0.1031981, 0.0337368, -0.01125), (0.1042349, 0.0349576, -0.01125), (0.1126895, 0.0432905, -0.01125), (0.104486, 0.039588, -0.01125), (0.1046844, 0.0390901, -0.01125), (0.1119895, 0.0446293, -0.01125), (0.1042349, 0.0400615, -0.01125), (0.1111495, 0.0458845, -0.01125), (0.1039342, 0.0405051, -0.01125), (0.1101785, 0.0470416, -0.01125), (0.0963998, 0.0409136, -0.01125), (0.0967889, 0.0412823, -0.01125), (0.0950725, 0.0369743, -0.01125), (0.0950435, 0.0375096, -0.01125), (0.1039342, 0.034514, -0.01125), (0.0950725, 0.0380448, -0.01125), (0.0951592, 0.0385737, -0.01125), (0.0963998, 0.0341054, -0.01125), (0.0960528, 0.034514, -0.01125), (0.1136355, 0.0404261, -0.01125), (0.1048278, 0.0385737, -0.01125), (0.1049145, 0.0380448, -0.01125), (0.1132395, 0.041884, -0.01125), (0.0957521, 0.0400615, -0.01125), (0.0960528, 0.0405051, -0.01125), (0.0953026, 0.0390901, -0.01125), (0.095501, 0.039588, -0.01125), (0.0953026, 0.035929, -0.01125), (0.0951592, 0.0364454, -0.01125), (0.0957521, 0.0349576, -0.01125), (0.095501, 0.035431, -0.01125), (0.1135995, 0.0344286, -0.01125), (0.1048278, 0.0364454, -0.01125), (0.1138525, 0.0359176, -0.01125), (0.1049145, 0.0369743, -0.01125), (0.1138705, 0.0389341, -0.01125), (0.1049435, 0.0375096, -0.01125), (0.1139435, 0.0374253, -0.01125), (0.0761742, 0.0234044, -0.01125), (0.0746136, 0.0229343, -0.01125), (0.0910268, 0.048196, -0.01125), (0.089924, 0.0471639, -0.01125), (0.067785, 0.0237869, -0.01125), (0.0650561, 0.0269914, -0.01125), (0.07177, 0.022035, -0.01125), (0.0713161, 0.0220168, -0.01125), (0.0730883, 0.0223604, -0.01125), (0.0889392, 0.0460187, -0.01125), (0.0922348, 0.0491029, -0.01125), (0.0619994, 0.0298848, -0.01125), (0.0766409, 0.0235555, -0.01125), (0.0779046, 0.0242986, -0.01125), (0.0775113, 0.0240053, -0.01125), (0.0680783, 0.0234402, -0.01125), (0.0691455, 0.0226006, -0.01125), (0.0687621, 0.0228441, -0.01125), (0.0704146, 0.0221174, -0.01125), (0.069976, 0.0222354, -0.01125), (0.0722196, 0.0220989, -0.01125), (0.0726606, 0.0222078, -0.01125), (0.0782637, 0.0246329, -0.01125), (0.0788624, 0.0254083, -0.01125), (0.0785842, 0.0250042, -0.01125), (0.088084, 0.0447735, -0.01125), (0.0684051, 0.0231248, -0.01125), (0.0695515, 0.0223971, -0.01125), (0.0708628, 0.0220443, -0.01125), (0.0873684, 0.0434434, -0.01125), (0.0770884, 0.0237567, -0.01125), (0.079095, 0.0258403, -0.01125), (0.0305623, 0.0387399, -0.01125), (0.0264448, 0.0378674, -0.01125), (0.0389584, 0.0391406, -0.01125), (0.0347496, 0.039166, -0.01125), (0.047247, 0.0377422, -0.01125), (0.0431403, 0.0386641, -0.01125), (0.0224446, 0.0365584, -0.01125), (0.0186078, 0.0348281, -0.01125), (0.0550468, 0.0346088, -0.01125), (0.0512311, 0.0363851, -0.01125), (0.0594935, 0.0317919, -0.01125), (0.0586501, 0.0324337, -0.01125), (0.0050454, 0.0310644, -0.01125), (0.0016008, 0.0354621, -0.01125), (0.0095169, 0.0292221, -0.01125), (0.0090566, 0.0291643, -0.01125), (0.011227, 0.0299107, -0.01125), (0.0108285, 0.0296731, -0.01125), (0.0053314, 0.0306991, -0.01125), (0.0081304, 0.029192, -0.01125), (0.0076743, 0.029277, -0.01125), (0.0085928, 0.0291543, -0.01125), (0.0099689, 0.029327, -0.01125), (0.0104076, 0.0294778, -0.01125), (0.0056536, 0.0303652, -0.01125), (0.006392, 0.0298053, -0.01125), (0.0060083, 0.0300661, -0.01125), (0.0149786, 0.0326964, -0.01125), (0.0072294, 0.0294087, -0.01125), (0.0068005, 0.0295854, -0.01125), (0.0115989, 0.0301879, -0.01125), (-0.064585, 0.0476343, -0.01125), (-0.0693689, 0.04475, -0.01125), (-0.0595287, 0.050009, -0.01125), (-0.0542541, 0.0518487, -0.01125), (-0.0488177, 0.0531337, -0.01125), (-0.0376933, 0.0539903, -0.01125), (-0.0432777, 0.0538502, -0.01125), (-0.0111781, 0.0462113, -0.01125), (-0.0161008, 0.048852, -0.01125), (-0.0012565, 0.0384208, -0.01125), (-0.0321242, 0.0535529, -0.01125), (-0.0212699, 0.05097, -0.01125), (-0.0266302, 0.0525426, -0.01125), (-0.0065546, 0.0430764, -0.01125), (-0.0022797, 0.0394804, -0.01125), (-0.1094565, 0.0477678, -0.01125), (-0.1116345, 0.0298021, -0.01125), (-0.1107325, 0.0285902, -0.01125), (-0.1134085, 0.0413819, -0.01125), (-0.1094935, 0.047737, -0.01125), (-0.1097055, 0.0274829, -0.01125), (-0.1130195, 0.032482, -0.01125), (-0.1123995, 0.0311045, -0.01125), (-0.1139435, 0.0369001, -0.01125), (-0.1137955, 0.0353967, -0.01125), (-0.1137485, 0.0399102, -0.01125), (-0.1114705, 0.0454585, -0.01125), (-0.1122625, 0.0441723, -0.01125), (-0.1129115, 0.0428082, -0.01125), (-0.1105435, 0.0466513, -0.01125), (-0.1134865, 0.0339184, -0.01125), (-0.1139275, 0.0384104, -0.01125), (-0.1085645, 0.0264929, -0.01125), (-0.1073235, 0.0256322, -0.01125), (-0.1027845, 0.0334124, -0.01125), (-0.1094565, 0.0272669, -0.01125), (-0.1032115, 0.0337368, -0.01125), (-0.1036005, 0.0341054, -0.01125), (-0.1013305, 0.03274, -0.01125), (-0.1018385, 0.0329112, -0.01125), (-0.0940165, 0.0501082, -0.01125), (-0.0954145, 0.0506821, -0.01125), (-0.0981745, 0.0421079, -0.01125), (-0.0968655, 0.0511013, -0.01125), (-0.0986825, 0.0422791, -0.01125), (-0.1023255, 0.0331362, -0.01125), (-0.0926899, 0.0493869, -0.01125), (-0.0976875, 0.0418829, -0.01125), (-0.1043225, 0.0507751, -0.01125), (-0.1057315, 0.0502307, -0.01125), (-0.1018385, 0.0421079, -0.01125), (-0.1070735, 0.0495372, -0.01125), (-0.1023255, 0.0418829, -0.01125), (-0.0979315, 0.0198471, -0.01125), (-0.1008075, 0.0326248, -0.01125), (-0.0997385, 0.0325669, -0.01125), (-0.1002745, 0.0325669, -0.01125), (-0.0976875, 0.0331362, -0.01125), (-0.0981745, 0.0329112, -0.01125), (-0.0972285, 0.0334124, -0.01125), (-0.0972285, 0.0416066, -0.01125), (-0.0968015, 0.0412823, -0.01125), (-0.0983535, 0.0513612, -0.01125), (-0.0998605, 0.0514587, -0.01125), (-0.0997385, 0.0424523, -0.01125), (-0.1013695, 0.0513927, -0.01125), (-0.1002745, 0.0424523, -0.01125), (-0.1083325, 0.0487027, -0.01125), (-0.1027845, 0.0416066, -0.01125), (-0.0992055, 0.0326248, -0.01125), (-0.0759282, 0.0404051, -0.01125), (-0.0950855, 0.0369743, -0.01125), (-0.0951725, 0.0364454, -0.01125), (-0.0950855, 0.0380448, -0.01125), (-0.0763931, 0.0403467, -0.01125), (-0.0768615, 0.040337, -0.01125), (-0.0992055, 0.0423943, -0.01125), (-0.1028625, 0.0511641, -0.01125), (-0.1008075, 0.0423943, -0.01125), (-0.1013305, 0.0422791, -0.01125), (-0.1032115, 0.0412823, -0.01125), (-0.1039475, 0.034514, -0.01125), (-0.1042475, 0.0349576, -0.01125), (-0.0986825, 0.03274, -0.01125), (-0.075472, 0.0405115, -0.01125), (-0.0786697, 0.0407789, -0.01125), (-0.0790809, 0.0410035, -0.01125), (-0.0773284, 0.0403761, -0.01125), (-0.0957655, 0.0400615, -0.01125), (-0.0955145, 0.039588, -0.01125), (-0.0960655, 0.0405051, -0.01125), (-0.1036005, 0.0409136, -0.01125), (-0.1049565, 0.0375096, -0.01125), (-0.1044985, 0.035431, -0.01125), (-0.0953155, 0.035929, -0.01125), (-0.0955145, 0.035431, -0.01125), (-0.0750292, 0.0406647, -0.01125), (-0.0742034, 0.0411047, -0.01125), (-0.0746048, 0.0408633, -0.01125), (-0.0782374, 0.0405981, -0.01125), (-0.0777887, 0.0404634, -0.01125), (-0.1049275, 0.0380448, -0.01125), (-0.1048405, 0.0385737, -0.01125), (-0.1049275, 0.0369743, -0.01125), (-0.0964125, 0.0341054, -0.01125), (-0.0968015, 0.0337368, -0.01125), (-0.0957655, 0.0349576, -0.01125), (-0.0706565, 0.0437791, -0.01125), (-0.0738292, 0.0413868, -0.01125), (-0.0964125, 0.0409136, -0.01125), (-0.1042475, 0.0400615, -0.01125), (-0.1039475, 0.0405051, -0.01125), (-0.1046975, 0.0390901, -0.01125), (-0.1044985, 0.039588, -0.01125), (-0.1046975, 0.035929, -0.01125), (-0.1048405, 0.0364454, -0.01125), (-0.0960655, 0.034514, -0.01125), (-0.0950565, 0.0375096, -0.01125), (-0.0953155, 0.0390901, -0.01125), (-0.0951725, 0.0385737, -0.01125), (-0.0930738, 0.0025062, -0.01125), (-0.0930738, -0.0024871, -0.01125), (-0.091694, 0.0123861, -0.01125), (-0.0926125, 0.0074781, -0.01125), (-0.0926125, -0.007459, -0.01125), (-0.091694, -0.0123671, -0.01125), (-0.0917616, -0.0146833, -0.01125), (-0.0919185, -0.0151247, -0.01125), (-0.0916105, -0.0128281, -0.01125), (-0.0915754, -0.0132953, -0.01125), (-0.0916105, 0.0128471, -0.01125), (-0.0929727, 0.0166779, -0.01125), (-0.0926505, 0.0163378, -0.01125), (-0.0937141, 0.0172489, -0.01125), (-0.0933285, -0.0169636, -0.01125), (-0.0937141, -0.0172298, -0.01125), (-0.0916514, -0.0142279, -0.01125), (-0.0915891, -0.0137636, -0.01125), (-0.0915754, 0.0133143, -0.01125), (-0.0921206, 0.0155666, -0.01125), (-0.0919185, 0.0151438, -0.01125), (-0.0923654, 0.0159659, -0.01125), (-0.0933285, 0.0169827, -0.01125), (-0.0929727, -0.0166589, -0.01125), (-0.0921206, -0.0155475, -0.01125), (-0.0923654, -0.0159469, -0.01125), (-0.0915891, 0.0137827, -0.01125), (-0.0917616, 0.0147023, -0.01125), (-0.0926505, -0.0163187, -0.01125), (-0.0916514, 0.0142469, -0.01125), (-0.1094565, -0.0272478, -0.01125), (-0.1122625, -0.0441533, -0.01125), (-0.1114705, -0.0454393, -0.01125), (-0.1134085, -0.0413629, -0.01125), (-0.1129115, -0.0427892, -0.01125), (-0.1137955, -0.0353777, -0.01125), (-0.1139435, -0.0368809, -0.01125), (-0.1105435, -0.0466321, -0.01125), (-0.1094935, -0.0477178, -0.01125), (-0.1134865, -0.0338992, -0.01125), (-0.1130195, -0.0324629, -0.01125), (-0.1107325, -0.0285711, -0.01125), (-0.1116345, -0.029783, -0.01125), (-0.1097055, -0.0274638, -0.01125), (-0.1139275, -0.0383914, -0.01125), (-0.1137485, -0.0398912, -0.01125), (-0.1123995, -0.0310855, -0.01125), (-0.1013695, -0.0513737, -0.01125), (-0.0998605, -0.0514397, -0.01125), (-0.0983535, -0.0513422, -0.01125), (-0.0968655, -0.0510821, -0.01125), (-0.0954145, -0.0506629, -0.01125), (-0.1043225, -0.0507561, -0.01125), (-0.1028625, -0.051145, -0.01125), (-0.1057315, -0.0502117, -0.01125), (-0.0940165, -0.0500892, -0.01125), (-0.0926899, -0.0493677, -0.01125), (-0.1083325, -0.0486837, -0.01125), (-0.1070735, -0.0495182, -0.01125), (-0.1088955, -0.0482154, -0.01125), (-0.1094565, -0.0477486, -0.01125), (-0.1032115, -0.0412631, -0.01125), (-0.1036005, -0.0408946, -0.01125), (-0.1013305, -0.0422601, -0.01125), (-0.1018385, -0.0420889, -0.01125), (-0.1027845, -0.0415876, -0.01125), (-0.1023255, -0.0418639, -0.01125), (-0.0908194, -0.0482154, -0.01125), (-0.0997385, -0.0424332, -0.01125), (-0.0979315, -0.019828, -0.01125), (-0.0976875, -0.033117, -0.01125), (-0.0986825, -0.0327208, -0.01125), (-0.0981745, -0.032892, -0.01125), (-0.1002745, -0.0424332, -0.01125), (-0.0976875, -0.0418639, -0.01125), (-0.0981745, -0.0420889, -0.01125), (-0.0972285, -0.0333934, -0.01125), (-0.0968015, -0.0337178, -0.01125), (-0.1073235, -0.0256131, -0.01125), (-0.1023255, -0.033117, -0.01125), (-0.1018385, -0.032892, -0.01125), (-0.1085645, -0.0264739, -0.01125), (-0.1032115, -0.0337178, -0.01125), (-0.1027845, -0.0333934, -0.01125), (-0.1008075, -0.0423753, -0.01125), (-0.0992055, -0.0423753, -0.01125), (-0.0972285, -0.0415876, -0.01125), (-0.0742034, -0.0410857, -0.01125), (-0.0738292, -0.0413677, -0.01125), (-0.1002745, -0.0325477, -0.01125), (-0.0997385, -0.0325477, -0.01125), (-0.1013305, -0.0327208, -0.01125), (-0.1039475, -0.0404861, -0.01125), (-0.1042475, -0.0400425, -0.01125), (-0.0986825, -0.0422601, -0.01125), (-0.0790809, -0.0409843, -0.01125), (-0.0955145, -0.039569, -0.01125), (-0.0957655, -0.0400425, -0.01125), (-0.0950855, -0.0380256, -0.01125), (-0.0777887, -0.0404444, -0.01125), (-0.0773284, -0.0403569, -0.01125), (-0.0746048, -0.0408441, -0.01125), (-0.075472, -0.0404925, -0.01125), (-0.0750292, -0.0406457, -0.01125), (-0.0759282, -0.0403861, -0.01125), (-0.0951725, -0.0364264, -0.01125), (-0.0957655, -0.0349384, -0.01125), (-0.0955145, -0.035412, -0.01125), (-0.0992055, -0.0326056, -0.01125), (-0.1008075, -0.0326056, -0.01125), (-0.1036005, -0.0340863, -0.01125), (-0.1049275, -0.0380256, -0.01125), (-0.1049565, -0.0374904, -0.01125), (-0.1044985, -0.039569, -0.01125), (-0.0953155, -0.0390709, -0.01125), (-0.0768615, -0.040318, -0.01125), (-0.0786697, -0.0407597, -0.01125), (-0.0782374, -0.0405791, -0.01125), (-0.0950855, -0.0369553, -0.01125), (-0.0960655, -0.0344948, -0.01125), (-0.1049275, -0.0369553, -0.01125), (-0.1048405, -0.0364264, -0.01125), (-0.0964125, -0.0408946, -0.01125), (-0.0968015, -0.0412631, -0.01125), (-0.0951725, -0.0385545, -0.01125), (-0.0964125, -0.0340863, -0.01125), (-0.1042475, -0.0349384, -0.01125), (-0.1039475, -0.0344948, -0.01125), (-0.1046975, -0.03591, -0.01125), (-0.1044985, -0.035412, -0.01125), (-0.1046975, -0.0390709, -0.01125), (-0.1048405, -0.0385545, -0.01125), (-0.0960655, -0.0404861, -0.01125), (-0.0953155, -0.03591, -0.01125), (-0.0763931, -0.0403277, -0.01125), (-0.0950565, -0.0374904, -0.01125), (-0.0706565, -0.0437701, -0.01125), (-0.0649756, -0.0474043, -0.01125), (-0.0632939, -0.0482154, -0.01125), (-0.0048151, -0.0482154, -0.01125), (-0.0695525, -0.0446061, -0.01125), (-0.0499074, -0.0529044, -0.01125), (-0.0392468, -0.0539903, -0.01125), (-0.0338884, -0.0537354, -0.01125), (-0.0285817, -0.0529499, -0.01125), (-0.0601437, -0.0497347, -0.01125), (-0.0446041, -0.0537124, -0.01125), (-0.0551044, -0.0515741, -0.01125), (-0.0706565, 0.0198471, -0.01125), (-0.0012565, 0.0198471, -0.01125), (-0.0706565, -0.019828, -0.01125), (-0.0012565, -0.019828, -0.01125), (0.0594935, 0.0198471, -0.01125), (0.0594935, -0.019828, -0.01125), (0.0922685, 0.0198471, -0.01125), (0.0922685, -0.019828, -0.01125), (0.0922685, -0.0482154, -0.01125), (0.0442771, -0.038436, -0.01875), (0.0481971, -0.0374425, -0.01875), (0.051994, -0.0360503, -0.01875), (0.0556272, -0.0342743, -0.01875), (0.0590581, -0.0321335, -0.01875), (0.0622502, -0.0296507, -0.01875), (0.0651695, -0.0268523, -0.01875), (0.067785, -0.0237678, -0.01875), (0.0775113, 0.0240053, -0.01875), (0.0976749, 0.0331362, -0.01875), (0.0981613, 0.0329112, -0.01875), (0.1043452, 0.0139727, -0.01875), (0.1013178, 0.03274, -0.01875), (0.1018257, 0.0329112, -0.01875), (0.104161, 0.013518, -0.01875), (-0.0986825, 0.03274, -0.01875), (-0.0921206, 0.0155666, -0.01875), (-0.0923654, 0.0159659, -0.01875), (0.1023121, 0.0331362, -0.01875), (0.1007943, 0.0326248, -0.01875), (0.0997255, 0.0325669, -0.01875), (0.1002615, 0.0325669, -0.01875), (0.0972156, 0.0334124, -0.01875), (-0.0929727, 0.0166779, -0.01875), (-0.0933285, 0.0169827, -0.01875), (-0.0926505, 0.0163378, -0.01875), (-0.0738292, 0.0413868, -0.01875), (-0.0488177, 0.0531337, -0.01875), (-0.0432777, 0.0538502, -0.01875), (0.1131865, 0.0329755, -0.01875), (0.1126185, 0.0315757, -0.01875), (0.104486, 0.035431, -0.01875), (0.0991927, 0.0326248, -0.01875), (0.0986692, 0.03274, -0.01875), (0.0963998, 0.0341054, -0.01875), (0.0967889, 0.0337368, -0.01875), (0.1052351, -0.0504183, -0.01875), (0.1018257, -0.0420889, -0.01875), (0.1023121, -0.0418639, -0.01875), (0.1038066, -0.0509091, -0.01875), (0.1013178, -0.0422601, -0.01875), (0.0949084, -0.0504806, -0.01875), (0.0981613, -0.0420889, -0.01875), (0.0986692, -0.0422601, -0.01875), (0.0935337, -0.0498547, -0.01875), (0.0976749, -0.0418639, -0.01875), (-0.0981745, 0.0329112, -0.01875), (-0.0919185, 0.0151438, -0.01875), (-0.1057315, 0.0502307, -0.01875), (-0.1018385, 0.0421079, -0.01875), (-0.1023255, 0.0418829, -0.01875), (-0.1043225, 0.0507751, -0.01875), (-0.1013305, 0.0422791, -0.01875), (-0.0542541, 0.0518487, -0.01875), (-0.064585, 0.0476343, -0.01875), (-0.0595287, 0.050009, -0.01875), (-0.0111781, 0.0462113, -0.01875), (-0.0950855, 0.0380448, -0.01875), (-0.0763931, 0.0403467, -0.01875), (-0.0777887, 0.0404634, -0.01875), (-0.0773284, 0.0403761, -0.01875), (0.1042349, 0.0349576, -0.01875), (0.1027714, 0.0334124, -0.01875), (0.1031981, 0.0337368, -0.01875), (0.1066025, -0.0497757, -0.01875), (0.1027714, -0.0415876, -0.01875), (0.1008328, -0.0514152, -0.01875), (0.1002615, -0.0424332, -0.01875), (0.1007943, -0.0423753, -0.01875), (0.0993224, -0.0514243, -0.01875), (0.0997255, -0.0424332, -0.01875), (0.0922348, -0.0490837, -0.01875), (0.0972156, -0.0415876, -0.01875), (-0.0940165, -0.0500892, -0.01875), (-0.0954145, -0.0506629, -0.01875), (-0.0981745, -0.0420889, -0.01875), (-0.0968655, -0.0510821, -0.01875), (-0.0986825, -0.0422601, -0.01875), (-0.1043225, -0.0507561, -0.01875), (-0.1057315, -0.0502117, -0.01875), (-0.1018385, -0.0420889, -0.01875), (-0.1070735, -0.0495182, -0.01875), (-0.1023255, -0.0418639, -0.01875), (-0.0976875, 0.0331362, -0.01875), (-0.0917616, 0.0147023, -0.01875), (-0.1094935, 0.047737, -0.01875), (-0.1032115, 0.0412823, -0.01875), (-0.1036005, 0.0409136, -0.01875), (-0.1083325, 0.0487027, -0.01875), (-0.1027845, 0.0416066, -0.01875), (-0.1070735, 0.0495372, -0.01875), (-0.0954145, 0.0506821, -0.01875), (-0.0981745, 0.0421079, -0.01875), (-0.0986825, 0.0422791, -0.01875), (-0.0940165, 0.0501082, -0.01875), (-0.0976875, 0.0418829, -0.01875), (-0.0212699, 0.05097, -0.01875), (-0.0161008, 0.048852, -0.01875), (-0.0321242, 0.0535529, -0.01875), (-0.0266302, 0.0525426, -0.01875), (-0.0759282, 0.0404051, -0.01875), (-0.0768615, 0.040337, -0.01875), (-0.0950855, 0.0369743, -0.01875), (0.0053314, 0.0306991, -0.01875), (0.0056536, 0.0303652, -0.01875), (-0.0950565, 0.0375096, -0.01875), (0.0016008, 0.0354621, -0.01875), (0.0967889, 0.0412823, -0.01875), (0.0782637, 0.0246329, -0.01875), (0.0785842, 0.0250042, -0.01875), (0.0978198, 0.0512891, -0.01875), (0.0986692, 0.0422791, -0.01875), (0.0981613, 0.0421079, -0.01875), (0.1038066, 0.0509282, -0.01875), (0.1052351, 0.0504373, -0.01875), (0.1018257, 0.0421079, -0.01875), (0.1066025, 0.0497949, -0.01875), (0.1023121, 0.0418829, -0.01875), (0.1039342, 0.034514, -0.01875), (0.104161, -0.0134989, -0.01875), (0.0981613, -0.032892, -0.01875), (0.0976749, -0.033117, -0.01875), (0.1023334, -0.0512429, -0.01875), (0.0978198, -0.0512701, -0.01875), (0.0991927, -0.0423753, -0.01875), (0.0963427, -0.0509543, -0.01875), (0.0910268, -0.048177, -0.01875), (0.0967889, -0.0412631, -0.01875), (0.089924, -0.0471449, -0.01875), (0.0963998, -0.0408946, -0.01875), (0.1040274, -0.0130269, -0.01875), (-0.0601437, -0.0497347, -0.01875), (-0.0649756, -0.0474043, -0.01875), (-0.0926899, -0.0493677, -0.01875), (-0.0976875, -0.0418639, -0.01875), (-0.0983535, -0.0513422, -0.01875), (-0.0998605, -0.0514397, -0.01875), (-0.0997385, -0.0424332, -0.01875), (-0.1013695, -0.0513737, -0.01875), (-0.1002745, -0.0424332, -0.01875), (-0.1083325, -0.0486837, -0.01875), (-0.1027845, -0.0415876, -0.01875), (-0.1094935, -0.0477178, -0.01875), (-0.1105435, -0.0466321, -0.01875), (-0.1036005, -0.0408946, -0.01875), (-0.1114705, -0.0454393, -0.01875), (-0.1039475, -0.0404861, -0.01875), (-0.0981745, -0.032892, -0.01875), (-0.0921206, -0.0155475, -0.01875), (-0.0919185, -0.0151247, -0.01875), (-0.0926505, -0.0163187, -0.01875), (-0.0923654, -0.0159469, -0.01875), (-0.0933285, -0.0169636, -0.01875), (-0.0929727, -0.0166589, -0.01875), (-0.0986825, -0.0327208, -0.01875), (-0.0937141, -0.0172298, -0.01875), (-0.0937141, 0.0172489, -0.01875), (-0.1073235, 0.0256322, -0.01875), (-0.1023255, 0.0331362, -0.01875), (-0.1018385, 0.0329112, -0.01875), (-0.1097055, 0.0274829, -0.01875), (-0.1036005, 0.0341054, -0.01875), (-0.1032115, 0.0337368, -0.01875), (-0.1107325, 0.0285902, -0.01875), (-0.1039475, 0.034514, -0.01875), (-0.1013695, 0.0513927, -0.01875), (-0.1002745, 0.0424523, -0.01875), (-0.1008075, 0.0423943, -0.01875), (-0.0998605, 0.0514587, -0.01875), (-0.0997385, 0.0424523, -0.01875), (-0.0926899, 0.0493869, -0.01875), (-0.0972285, 0.0416066, -0.01875), (-0.0376933, 0.0539903, -0.01875), (-0.075472, 0.0405115, -0.01875), (-0.0782374, 0.0405981, -0.01875), (0.0060083, 0.0300661, -0.01875), (0.0050454, 0.0310644, -0.01875), (0.0972156, 0.0416066, -0.01875), (0.0976749, 0.0418829, -0.01875), (0.0993224, 0.0514434, -0.01875), (0.0997255, 0.0424523, -0.01875), (0.1008328, 0.0514342, -0.01875), (0.1002615, 0.0424523, -0.01875), (0.1078915, 0.0490083, -0.01875), (0.1027714, 0.0416066, -0.01875), (0.1035872, 0.0341054, -0.01875), (0.0986692, -0.0327208, -0.01875), (0.1126895, -0.0432713, -0.01875), (0.104486, -0.039569, -0.01875), (0.1046844, -0.0390709, -0.01875), (0.1119895, -0.0446102, -0.01875), (0.1042349, -0.0400425, -0.01875), (-0.0695525, -0.0446061, -0.01875), (-0.0953155, -0.0390709, -0.01875), (-0.0786697, -0.0407597, -0.01875), (-0.0790809, -0.0409843, -0.01875), (-0.0777887, -0.0404444, -0.01875), (-0.0782374, -0.0405791, -0.01875), (-0.0763931, -0.0403277, -0.01875), (-0.0768615, -0.040318, -0.01875), (-0.0992055, -0.0423753, -0.01875), (-0.1028625, -0.051145, -0.01875), (-0.1008075, -0.0423753, -0.01875), (-0.1013305, -0.0422601, -0.01875), (-0.1032115, -0.0412631, -0.01875), (-0.1002745, 0.0325669, -0.01875), (-0.0997385, 0.0325669, -0.01875), (-0.1008075, 0.0326248, -0.01875), (-0.1027845, 0.0334124, -0.01875), (-0.1085645, 0.0264929, -0.01875), (-0.1028625, 0.0511641, -0.01875), (-0.0983535, 0.0513612, -0.01875), (-0.0992055, 0.0423943, -0.01875), (-0.0968655, 0.0511013, -0.01875), (-0.0750292, 0.0406647, -0.01875), (-0.0746048, 0.0408633, -0.01875), (-0.0951725, 0.0385737, -0.01875), (-0.0790809, 0.0410035, -0.01875), (0.0076743, 0.029277, -0.01875), (0.0081304, 0.029192, -0.01875), (0.006392, 0.0298053, -0.01875), (0.0068005, 0.0295854, -0.01875), (0.1023334, 0.0512619, -0.01875), (0.1007943, 0.0423943, -0.01875), (0.1013178, 0.0422791, -0.01875), (0.1090885, 0.0480869, -0.01875), (0.1031981, 0.0412823, -0.01875), (0.1101785, 0.0470416, -0.01875), (0.1035872, 0.0409136, -0.01875), (0.1138705, 0.0389341, -0.01875), (0.1139435, 0.0374253, -0.01875), (0.1049435, 0.0375096, -0.01875), (0.1138525, 0.0359176, -0.01875), (0.1049145, 0.0369743, -0.01875), (0.1135995, 0.0344286, -0.01875), (0.1048278, 0.0364454, -0.01875), (0.1046844, 0.035929, -0.01875), (0.0957521, 0.0349576, -0.01875), (0.0960528, 0.034514, -0.01875), (0.0779046, 0.0242986, -0.01875), (0.0788624, -0.0253893, -0.01875), (0.0972156, -0.0333934, -0.01875), (0.0967889, -0.0337178, -0.01875), (0.1043452, -0.0139537, -0.01875), (0.1023121, -0.033117, -0.01875), (0.1018257, -0.032892, -0.01875), (0.1111495, -0.0458655, -0.01875), (0.1039342, -0.0404861, -0.01875), (0.1090885, -0.0480679, -0.01875), (0.1031981, -0.0412631, -0.01875), (0.1035872, -0.0408946, -0.01875), (0.1078915, -0.0489893, -0.01875), (0.0695515, -0.022378, -0.01875), (-0.0392468, -0.0539903, -0.01875), (-0.0446041, -0.0537124, -0.01875), (-0.0285817, -0.0529499, -0.01875), (-0.0338884, -0.0537354, -0.01875), (-0.0738292, -0.0413677, -0.01875), (-0.0773284, -0.0403569, -0.01875), (-0.1122625, -0.0441533, -0.01875), (-0.1042475, -0.0400425, -0.01875), (-0.1129115, -0.0427892, -0.01875), (-0.1044985, -0.039569, -0.01875), (-0.1097055, -0.0274638, -0.01875), (-0.1085645, -0.0264739, -0.01875), (-0.1032115, -0.0337178, -0.01875), (-0.1073235, -0.0256131, -0.01875), (-0.1027845, -0.0333934, -0.01875), (-0.1013305, -0.0327208, -0.01875), (-0.1018385, -0.032892, -0.01875), (-0.0992055, 0.0326248, -0.01875), (-0.1013305, 0.03274, -0.01875), (-0.1116345, 0.0298021, -0.01875), (-0.1042475, 0.0349576, -0.01875), (-0.1123995, 0.0311045, -0.01875), (-0.1044985, 0.035431, -0.01875), (-0.0964125, 0.0409136, -0.01875), (-0.0968015, 0.0412823, -0.01875), (-0.0957655, 0.0400615, -0.01875), (-0.0960655, 0.0405051, -0.01875), (-0.0953155, 0.0390901, -0.01875), (-0.0955145, 0.039588, -0.01875), (-0.0742034, 0.0411047, -0.01875), (-0.0786697, 0.0407789, -0.01875), (-0.0065546, 0.0430764, -0.01875), (-0.0022797, 0.0394804, -0.01875), (0.0072294, 0.0294087, -0.01875), (0.0264448, 0.0378674, -0.01875), (0.0108285, 0.0296731, -0.01875), (0.011227, 0.0299107, -0.01875), (0.0680783, 0.0234402, -0.01875), (0.0085928, 0.0291543, -0.01875), (0.0991927, 0.0423943, -0.01875), (0.1111495, 0.0458845, -0.01875), (0.1039342, 0.0405051, -0.01875), (0.1119895, 0.0446293, -0.01875), (0.1042349, 0.0400615, -0.01875), (0.1126895, 0.0432905, -0.01875), (0.104486, 0.039588, -0.01875), (0.1132395, 0.041884, -0.01875), (0.1046844, 0.0390901, -0.01875), (0.1136355, 0.0404261, -0.01875), (0.1048278, 0.0385737, -0.01875), (0.1049145, 0.0380448, -0.01875), (0.0953026, 0.035929, -0.01875), (0.095501, 0.035431, -0.01875), (0.0950725, 0.0369743, -0.01875), (0.0951592, 0.0364454, -0.01875), (0.1002615, -0.0325477, -0.01875), (0.0997255, -0.0325477, -0.01875), (0.1007943, -0.0326056, -0.01875), (0.1027714, -0.0333934, -0.01875), (0.1126185, -0.0315567, -0.01875), (0.1031981, -0.0337178, -0.01875), (0.1101785, -0.0470226, -0.01875), (-0.0499074, -0.0529044, -0.01875), (-0.0551044, -0.0515741, -0.01875), (-0.0950565, -0.0374904, -0.01875), (-0.0759282, -0.0403861, -0.01875), (-0.075472, -0.0404925, -0.01875), (-0.0746048, -0.0408441, -0.01875), (-0.0750292, -0.0406457, -0.01875), (-0.0742034, -0.0410857, -0.01875), (-0.1134085, -0.0413629, -0.01875), (-0.1046975, -0.0390709, -0.01875), (-0.1023255, -0.033117, -0.01875), (-0.1002745, -0.0325477, -0.01875), (-0.1008075, -0.0326056, -0.01875), (-0.0917616, -0.0146833, -0.01875), (-0.0976875, -0.033117, -0.01875), (0.1039178, 0.0120724, -0.01875), (-0.0964125, 0.0341054, -0.01875), (-0.0916105, 0.0128471, -0.01875), (-0.0915754, 0.0133143, -0.01875), (-0.1130195, 0.032482, -0.01875), (-0.1046975, 0.035929, -0.01875), (-0.1129115, 0.0428082, -0.01875), (-0.1044985, 0.039588, -0.01875), (-0.1046975, 0.0390901, -0.01875), (-0.1122625, 0.0441723, -0.01875), (-0.1042475, 0.0400615, -0.01875), (-0.1114705, 0.0454585, -0.01875), (-0.1039475, 0.0405051, -0.01875), (-0.1105435, 0.0466513, -0.01875), (0.103946, 0.0125622, -0.01875), (-0.0953155, 0.035929, -0.01875), (-0.0951725, 0.0364454, -0.01875), (0.0186078, 0.0348281, -0.01875), (0.0115989, 0.0301879, -0.01875), (0.0224446, 0.0365584, -0.01875), (0.0347496, 0.039166, -0.01875), (0.0104076, 0.0294778, -0.01875), (0.069976, 0.0222354, -0.01875), (0.0704146, 0.0221174, -0.01875), (0.0687621, 0.0228441, -0.01875), (0.0691455, 0.0226006, -0.01875), (0.0684051, 0.0231248, -0.01875), (0.067785, 0.0237869, -0.01875), (0.0922348, 0.0491029, -0.01875), (0.0788624, 0.0254083, -0.01875), (0.079095, 0.0258403, -0.01875), (0.0950435, 0.0375096, -0.01875), (0.0957521, -0.0349384, -0.01875), (0.095501, -0.035412, -0.01875), (0.079095, -0.0258212, -0.01875), (0.0991927, -0.0326056, -0.01875), (0.1013178, -0.0327208, -0.01875), (0.1035872, -0.0340863, -0.01875), (0.0889392, -0.0459995, -0.01875), (0.0960528, -0.0404861, -0.01875), (0.088084, -0.0447545, -0.01875), (0.0957521, -0.0400425, -0.01875), (0.0684051, -0.0231057, -0.01875), (0.0680783, -0.0234211, -0.01875), (-0.0957655, -0.0400425, -0.01875), (-0.0955145, -0.039569, -0.01875), (-0.0960655, -0.0404861, -0.01875), (-0.0997385, -0.0325477, -0.01875), (-0.0972285, -0.0333934, -0.01875), (-0.0964125, -0.0340863, -0.01875), (-0.0968015, -0.0337178, -0.01875), (0.1039178, -0.0120533, -0.01875), (-0.0960655, -0.0344948, -0.01875), (-0.0926125, 0.0074781, -0.01875), (0.1040215, 0.0110982, -0.01875), (0.1060039, -0.005192, -0.01875), (-0.0916514, 0.0142469, -0.01875), (-0.0915891, 0.0137827, -0.01875), (-0.1137485, 0.0399102, -0.01875), (-0.1048405, 0.0385737, -0.01875), (-0.1049275, 0.0380448, -0.01875), (-0.1134085, 0.0413819, -0.01875), (0.1040274, 0.0130459, -0.01875), (0.0305623, 0.0387399, -0.01875), (0.0431403, 0.0386641, -0.01875), (0.0099689, 0.029327, -0.01875), (0.0550468, 0.0346088, -0.01875), (0.0090566, 0.0291643, -0.01875), (0.0095169, 0.0292221, -0.01875), (0.0619994, 0.0298848, -0.01875), (0.0695515, 0.0223971, -0.01875), (0.0650561, 0.0269914, -0.01875), (0.0910268, 0.048196, -0.01875), (0.0963427, 0.0509733, -0.01875), (0.0963998, -0.0340863, -0.01875), (0.0960528, -0.0344948, -0.01875), (0.1131865, -0.0329565, -0.01875), (0.1046844, -0.03591, -0.01875), (0.104486, -0.035412, -0.01875), (0.1139435, -0.0374063, -0.01875), (0.1049435, -0.0374904, -0.01875), (0.1049145, -0.0369553, -0.01875), (0.1138705, -0.0389149, -0.01875), (0.1049145, -0.0380256, -0.01875), (0.1136355, -0.0404069, -0.01875), (0.1048278, -0.0385545, -0.01875), (0.1132395, -0.0418648, -0.01875), (0.0873684, -0.0434242, -0.01875), (0.095501, -0.039569, -0.01875), (0.0687621, -0.022825, -0.01875), (0.0691455, -0.0225815, -0.01875), (0.069976, -0.0222163, -0.01875), (-0.0972285, -0.0415876, -0.01875), (-0.0968015, -0.0412631, -0.01875), (-0.1137485, -0.0398912, -0.01875), (-0.1048405, -0.0385545, -0.01875), (-0.1139275, -0.0383914, -0.01875), (-0.1049275, -0.0380256, -0.01875), (-0.0992055, -0.0326056, -0.01875), (-0.0916514, -0.0142279, -0.01875), (-0.0915891, -0.0137636, -0.01875), (-0.0915754, -0.0132953, -0.01875), (0.1053031, -0.0077164, -0.01875), (-0.0960655, 0.034514, -0.01875), (-0.0957655, 0.0349576, -0.01875), (-0.0972285, 0.0334124, -0.01875), (-0.0968015, 0.0337368, -0.01875), (-0.1134865, 0.0339184, -0.01875), (-0.1048405, 0.0364454, -0.01875), (-0.1137955, 0.0353967, -0.01875), (-0.1049275, 0.0369743, -0.01875), (-0.1139275, 0.0384104, -0.01875), (-0.1049565, 0.0375096, -0.01875), (-0.0693689, 0.04475, -0.01875), (0.0389584, 0.0391406, -0.01875), (0.0512311, 0.0363851, -0.01875), (0.0586501, 0.0324337, -0.01875), (0.0889392, 0.0460187, -0.01875), (0.0873684, 0.0434434, -0.01875), (0.089924, 0.0471639, -0.01875), (0.0949084, 0.0504998, -0.01875), (0.0963998, 0.0409136, -0.01875), (0.0960528, 0.0405051, -0.01875), (0.0730883, 0.0223604, -0.01875), (0.0746136, 0.0229343, -0.01875), (0.0708628, 0.0220443, -0.01875), (0.0713161, 0.0220168, -0.01875), (0.1042349, -0.0349384, -0.01875), (0.1039342, -0.0344948, -0.01875), (0.1135995, -0.0344094, -0.01875), (0.1048278, -0.0364264, -0.01875), (0.1138525, -0.0358984, -0.01875), (0.0953026, -0.0390709, -0.01875), (0.0950725, -0.0380256, -0.01875), (0.0951592, -0.0385545, -0.01875), (0.0950435, -0.0374904, -0.01875), (0.0708628, -0.0220252, -0.01875), (0.0704146, -0.0220983, -0.01875), (-0.0950855, -0.0369553, -0.01875), (-0.0951725, -0.0364264, -0.01875), (0.103946, -0.0125431, -0.01875), (-0.0950855, -0.0380256, -0.01875), (-0.0951725, -0.0385545, -0.01875), (-0.0964125, -0.0408946, -0.01875), (-0.1139435, -0.0368809, -0.01875), (-0.1049565, -0.0374904, -0.01875), (-0.1130195, -0.0324629, -0.01875), (-0.1123995, -0.0310855, -0.01875), (-0.1044985, -0.035412, -0.01875), (-0.1116345, -0.029783, -0.01875), (-0.1042475, -0.0349384, -0.01875), (-0.1107325, -0.0285711, -0.01875), (-0.1039475, -0.0344948, -0.01875), (-0.1036005, -0.0340863, -0.01875), (-0.0957655, -0.0349384, -0.01875), (0.103943, 0.0115825, -0.01875), (-0.1139435, 0.0369001, -0.01875), (-0.0955145, 0.035431, -0.01875), (0.047247, 0.0377422, -0.01875), (0.0935337, 0.0498737, -0.01875), (0.0953026, 0.0390901, -0.01875), (0.0951592, 0.0385737, -0.01875), (0.0957521, 0.0400615, -0.01875), (0.095501, 0.039588, -0.01875), (0.0726606, 0.0222078, -0.01875), (0.07177, 0.022035, -0.01875), (0.0722196, 0.0220989, -0.01875), (0.0953026, -0.03591, -0.01875), (0.0951592, -0.0364264, -0.01875), (0.07177, -0.0220159, -0.01875), (0.0713161, -0.0219977, -0.01875), (-0.1137955, -0.0353777, -0.01875), (-0.1134865, -0.0338992, -0.01875), (-0.1048405, -0.0364264, -0.01875), (-0.1046975, -0.03591, -0.01875), (0.103943, -0.0115634, -0.01875), (-0.0930738, -0.0024871, -0.01875), (-0.0930738, 0.0025062, -0.01875), (0.1065695, 0.0000095, -0.01875), (0.1041522, 0.0106253, -0.01875), (0.1043335, -0.0101504, -0.01875), (-0.091694, 0.0123861, -0.01875), (0.0770884, 0.0237567, -0.01875), (0.0950725, 0.0380448, -0.01875), (0.0761742, 0.0234044, -0.01875), (0.0950725, -0.0369553, -0.01875), (-0.1049275, -0.0369553, -0.01875), (-0.0916105, -0.0128281, -0.01875), (-0.0926125, -0.007459, -0.01875), (0.1060039, 0.0052111, -0.01875), (0.1043335, 0.0101695, -0.01875), (0.1064275, 0.0026256, -0.01875), (0.1041522, -0.0106062, -0.01875), (0.0761742, -0.0233853, -0.01875), (0.0746136, -0.0229152, -0.01875), (0.0779046, -0.0242795, -0.01875), (0.0775113, -0.0239863, -0.01875), (0.0722196, -0.0220798, -0.01875), (-0.0953155, -0.03591, -0.01875), (-0.0955145, -0.035412, -0.01875), (-0.091694, -0.0123671, -0.01875), (0.1064275, -0.0026065, -0.01875), (0.0149786, 0.0326964, -0.01875), (0.0766409, 0.0235555, -0.01875), (0.0730883, -0.0223414, -0.01875), (0.0770884, -0.0237377, -0.01875), (0.0785842, -0.0249851, -0.01875), (0.0782637, -0.0246138, -0.01875), (0.1040215, -0.0110791, -0.01875), (0.0766409, -0.0235364, -0.01875), (0.1053031, 0.0077355, -0.01875), (0.088084, 0.0447735, -0.01875), (0.0726606, -0.0221887, -0.01875), (0.03127475, 0.0000071249997, 0.01725), (0.0313061, 0.000584925, 0.01725), (0.0313997, 0.0011559, 0.01725), (0.0315545, 0.00171345, 0.01725), (0.031768627, 0.002250975, 0.01725), (0.032039676, 0.002762175, 0.01725), (0.03236435, 0.00324105, 0.01725), (0.032738976, 0.00368205, 0.01725), (0.033159047, 0.004079925, 0.01725), (0.033619627, 0.0044301, 0.01725), (0.03411545, 0.00472845, 0.01725), (0.034640603, 0.0049713748, 0.01725), (0.035188925, 0.0051561003, 0.01725), (0.035753973, 0.005280525, 0.01725), (0.036329225, 0.005343075, 0.01725), (0.036907773, 0.005343075, 0.01725), (0.037483025, 0.005280525, 0.01725), (0.038048077, 0.0051561003, 0.01725), (0.0385964, 0.0049713748, 0.01725), (0.03912155, 0.00472845, 0.01725), (0.039617375, 0.0044301, 0.01725), (0.04007795, 0.004079925, 0.01725), (0.040498026, 0.00368205, 0.01725), (0.04087265, 0.00324105, 0.01725), (0.041197326, 0.002762175, 0.01725), (0.041468374, 0.002250975, 0.01725), (0.0416825, 0.00171345, 0.01725), (0.0418373, 0.0011559, 0.01725), (0.0419309, 0.000584925, 0.01725), (0.04196225, 0.0000071249997, 0.01725), (0.0419309, -0.0005706, 0.01725), (0.0418373, -0.0011415749, 0.01725), (0.0416825, -0.0016991249, 0.01725), (0.041468374, -0.0022366499, 0.01725), (0.041197326, -0.00274785, 0.01725), (0.04087265, -0.003226725, 0.01725), (0.040498026, -0.0036677248, 0.01725), (0.04007795, -0.0040656747, 0.01725), (0.039617375, -0.0044157747, 0.01725), (0.03912155, -0.004714125, 0.01725), (0.0385964, -0.00495705, 0.01725), (0.038048077, -0.005141775, 0.01725), (0.037483025, -0.0052662, 0.01725), (0.036907773, -0.00532875, 0.01725), (0.036329225, -0.00532875, 0.01725), (0.035753973, -0.0052662, 0.01725), (0.035188925, -0.005141775, 0.01725), (0.034640603, -0.00495705, 0.01725), (0.03411545, -0.004714125, 0.01725), (0.033619627, -0.0044157747, 0.01725), (0.033159047, -0.0040656747, 0.01725), (0.032738976, -0.0036677248, 0.01725), (0.03236435, -0.003226725, 0.01725), (0.032039676, -0.00274785, 0.01725), (0.031768627, -0.0022366499, 0.01725), (0.0315545, -0.0016991249, 0.01725), (0.0313997, -0.0011415749, 0.01725), (0.0313061, -0.0005706, 0.01725), (0.07702475, 0.0000071249997, 0.01725), (0.0770561, 0.000584925, 0.01725), (0.0771497, 0.0011559, 0.01725), (0.0773045, 0.00171345, 0.01725), (0.07751863, 0.002250975, 0.01725), (0.07778967, 0.002762175, 0.01725), (0.078114346, 0.00324105, 0.01725), (0.078488976, 0.00368205, 0.01725), (0.07890905, 0.004079925, 0.01725), (0.07936962, 0.0044301, 0.01725), (0.079865456, 0.00472845, 0.01725), (0.0803906, 0.0049713748, 0.01725), (0.08093893, 0.0051561003, 0.01725), (0.08150397, 0.005280525, 0.01725), (0.082079224, 0.005343075, 0.01725), (0.08265778, 0.005343075, 0.01725), (0.08323303, 0.005280525, 0.01725), (0.08379807, 0.0051561003, 0.01725), (0.0843464, 0.0049713748, 0.01725), (0.084871545, 0.00472845, 0.01725), (0.08536738, 0.0044301, 0.01725), (0.085827954, 0.004079925, 0.01725), (0.086248025, 0.00368205, 0.01725), (0.086622655, 0.00324105, 0.01725), (0.08694733, 0.002762175, 0.01725), (0.087218374, 0.002250975, 0.01725), (0.0874325, 0.00171345, 0.01725), (0.087587304, 0.0011559, 0.01725), (0.0876809, 0.000584925, 0.01725), (0.08771225, 0.0000071249997, 0.01725), (0.0876809, -0.0005706, 0.01725), (0.087587304, -0.0011415749, 0.01725), (0.0874325, -0.0016991249, 0.01725), (0.087218374, -0.0022366499, 0.01725), (0.08694733, -0.00274785, 0.01725), (0.086622655, -0.003226725, 0.01725), (0.086248025, -0.0036677248, 0.01725), (0.085827954, -0.0040656747, 0.01725), (0.08536738, -0.0044157747, 0.01725), (0.084871545, -0.004714125, 0.01725), (0.0843464, -0.00495705, 0.01725), (0.08379807, -0.005141775, 0.01725), (0.08323303, -0.0052662, 0.01725), (0.08265778, -0.00532875, 0.01725), (0.082079224, -0.00532875, 0.01725), (0.08150397, -0.0052662, 0.01725), (0.08093893, -0.005141775, 0.01725), (0.0803906, -0.00495705, 0.01725), (0.079865456, -0.004714125, 0.01725), (0.07936962, -0.0044157747, 0.01725), (0.07890905, -0.0040656747, 0.01725), (0.078488976, -0.0036677248, 0.01725), (0.078114346, -0.003226725, 0.01725), (0.07778967, -0.00274785, 0.01725), (0.07751863, -0.0022366499, 0.01725), (0.0773045, -0.0016991249, 0.01725), (0.0771497, -0.0011415749, 0.01725), (0.0770561, -0.0005706, 0.01725), (0.07814975, 0.0000071249997, 0.01875), (0.0781745, 0.000463275, 0.01875), (0.078248374, 0.0009141, 0.01875), (0.07837062, 0.0013542001, 0.01875), (0.07853968, 0.00177855, 0.01875), (0.07875365, 0.0021821249, 0.01875), (0.07901, 0.0025602, 0.01875), (0.07930572, 0.002908425, 0.01875), (0.07963738, 0.0032225251, 0.01875), (0.080000974, 0.0034989747, 0.01875), (0.0803924, 0.003734475, 0.01875), (0.080807, 0.00392625, 0.01875), (0.0812399, 0.004072125, 0.01875), (0.081686005, 0.0041703, 0.01875), (0.082140125, 0.004219725, 0.01875), (0.082596876, 0.004219725, 0.01875), (0.083050996, 0.0041703, 0.01875), (0.0834971, 0.004072125, 0.01875), (0.08393, 0.00392625, 0.01875), (0.0843446, 0.003734475, 0.01875), (0.08473603, 0.0034989747, 0.01875), (0.08509962, 0.0032225251, 0.01875), (0.08543128, 0.002908425, 0.01875), (0.085727, 0.0025602, 0.01875), (0.08598335, 0.0021821249, 0.01875), (0.086197324, 0.00177855, 0.01875), (0.08636638, 0.0013542001, 0.01875), (0.08648863, 0.0009141, 0.01875), (0.0865625, 0.000463275, 0.01875), (0.08658725, 0.0000071249997, 0.01875), (0.0865625, -0.00044895, 0.01875), (0.08648863, -0.00089977507, 0.01875), (0.08636638, -0.0013398749, 0.01875), (0.086197324, -0.0017642251, 0.01875), (0.08598335, -0.0021678, 0.01875), (0.085727, -0.00254595, 0.01875), (0.08543128, -0.0028941, 0.01875), (0.08509962, -0.0032082, 0.01875), (0.08473603, -0.00348465, 0.01875), (0.0843446, -0.0037201499, 0.01875), (0.08393, -0.003911925, 0.01875), (0.0834971, -0.0040578004, 0.01875), (0.083050996, -0.0041560503, 0.01875), (0.082596876, -0.0042054, 0.01875), (0.082140125, -0.0042054, 0.01875), (0.081686005, -0.0041560503, 0.01875), (0.0812399, -0.0040578004, 0.01875), (0.080807, -0.003911925, 0.01875), (0.0803924, -0.0037201499, 0.01875), (0.080000974, -0.00348465, 0.01875), (0.07963738, -0.0032082, 0.01875), (0.07930572, -0.0028941, 0.01875), (0.07901, -0.00254595, 0.01875), (0.07875365, -0.0021678, 0.01875), (0.07853968, -0.0017642251, 0.01875), (0.07837062, -0.0013398749, 0.01875), (0.078248374, -0.00089977507, 0.01875), (0.0781745, -0.00044895, 0.01875), (0.0823685, 0.0000071249997, 0.01875), (0.03239975, 0.0000071249997, 0.01875), (0.0324245, 0.000463275, 0.01875), (0.032498375, 0.0009141, 0.01875), (0.032620627, 0.0013542001, 0.01875), (0.032789677, 0.00177855, 0.01875), (0.03300365, 0.0021821249, 0.01875), (0.033260003, 0.0025602, 0.01875), (0.033555724, 0.002908425, 0.01875), (0.033887375, 0.0032225251, 0.01875), (0.034250975, 0.0034989747, 0.01875), (0.0346424, 0.003734475, 0.01875), (0.035057, 0.00392625, 0.01875), (0.035489902, 0.004072125, 0.01875), (0.035935998, 0.0041703, 0.01875), (0.036390126, 0.004219725, 0.01875), (0.036846876, 0.004219725, 0.01875), (0.037301, 0.0041703, 0.01875), (0.0377471, 0.004072125, 0.01875), (0.03818, 0.00392625, 0.01875), (0.0385946, 0.003734475, 0.01875), (0.038986027, 0.0034989747, 0.01875), (0.039349623, 0.0032225251, 0.01875), (0.03968128, 0.002908425, 0.01875), (0.039977, 0.0025602, 0.01875), (0.04023335, 0.0021821249, 0.01875), (0.040447325, 0.00177855, 0.01875), (0.040616374, 0.0013542001, 0.01875), (0.040738627, 0.0009141, 0.01875), (0.0408125, 0.000463275, 0.01875), (0.04083725, 0.0000071249997, 0.01875), (0.0408125, -0.00044895, 0.01875), (0.040738627, -0.00089977507, 0.01875), (0.040616374, -0.0013398749, 0.01875), (0.040447325, -0.0017642251, 0.01875), (0.04023335, -0.0021678, 0.01875), (0.039977, -0.00254595, 0.01875), (0.03968128, -0.0028941, 0.01875), (0.039349623, -0.0032082, 0.01875), (0.038986027, -0.00348465, 0.01875), (0.0385946, -0.0037201499, 0.01875), (0.03818, -0.003911925, 0.01875), (0.0377471, -0.0040578004, 0.01875), (0.037301, -0.0041560503, 0.01875), (0.036846876, -0.0042054, 0.01875), (0.036390126, -0.0042054, 0.01875), (0.035935998, -0.0041560503, 0.01875), (0.035489902, -0.0040578004, 0.01875), (0.035057, -0.003911925, 0.01875), (0.0346424, -0.0037201499, 0.01875), (0.034250975, -0.00348465, 0.01875), (0.033887375, -0.0032082, 0.01875), (0.033555724, -0.0028941, 0.01875), (0.033260003, -0.00254595, 0.01875), (0.03300365, -0.0021678, 0.01875), (0.032789677, -0.0017642251, 0.01875), (0.032620627, -0.0013398749, 0.01875), (0.032498375, -0.00089977507, 0.01875), (0.0324245, -0.00044895, 0.01875), (0.0366185, 0.0000071249997, 0.01875)]
            color3f[] primvars:displayColor = [(0, 0.682353, 0.984314)]
            uniform token purpose = "guide"
            uniform token subdivisionScheme = "none"
        }
    }
}
