#usda 1.0
(
    defaultPrim = "factory_gear_medium"
    metersPerUnit = 1
    upAxis = "Z"
)

def Xform "factory_gear_medium" (
    prepend apiSchemas = ["PhysicsRigidBodyAPI", "PhysicsMassAPI"]
    kind = "component"
)
{
    bool physics:kinematicEnabled = 0
    bool physics:rigidBodyEnabled = 1

    def "visuals"
    {
        def Mesh "factory_gear_medium_visual"
        {
            float3[] extent = [(-0.0314948, -0.0314948, -0.01875), (0.0314948, 0.0314948, 0.01875)]
            int[] faceVertexCounts = [3, 3, 3, 3, 3, 3, 3, 3, 3, 3, 3, 3, 3, 3, 3, 3, 3, 3, 3, 3, 3, 3, 3, 3, 3, 3, 3, 3, 3, 3, 3, 3, 3, 3, 3, 3, 3, 3, 3, 3, 3, 3, 3, 3, 3, 3, 3, 3, 3, 3, 3, 3, 3, 3, 3, 3, 3, 3, 3, 3, 3, 3, 3, 3, 3, 3, 3, 3, 3, 3, 3, 3, 3, 3, 3, 3, 3, 3, 3, 3, 3, 3, 3, 3, 3, 3, 3, 3, 3, 3, 3, 3, 3, 3, 3, 3, 3, 3, 3, 3, 3, 3, 3, 3, 3, 3, 3, 3, 3, 3, 3, 3, 3, 3, 3, 3, 3, 3, 3, 3, 3, 3, 3, 3, 3, 3, 3, 3, 3, 3, 3, 3, 3, 3, 3, 3, 3, 3, 3, 3, 3, 3, 3, 3, 3, 3, 3, 3, 3, 3, 3, 3, 3, 3, 3, 3, 3, 3, 3, 3, 3, 3, 3, 3, 3, 3, 3, 3, 3, 3, 3, 3, 3, 3, 3, 3, 3, 3, 3, 3, 3, 3, 3, 3, 3, 3, 3, 3, 3, 3, 3, 3, 3, 3, 3, 3, 3, 3, 3, 3, 3, 3, 3, 3, 3, 3, 3, 3, 3, 3, 3, 3, 3, 3, 3, 3, 3, 3, 3, 3, 3, 3, 3, 3, 3, 3, 3, 3, 3, 3, 3, 3, 3, 3, 3, 3, 3, 3, 3, 3, 3, 3, 3, 3, 3, 3, 3, 3, 3, 3, 3, 3, 3, 3, 3, 3, 3, 3, 3, 3, 3, 3, 3, 3, 3, 3, 3, 3, 3, 3, 3, 3, 3, 3, 3, 3, 3, 3, 3, 3, 3, 3, 3, 3, 3, 3, 3, 3, 3, 3, 3, 3, 3, 3, 3, 3, 3, 3, 3, 3, 3, 3, 3, 3, 3, 3, 3, 3, 3, 3, 3, 3, 3, 3, 3, 3, 3, 3, 3, 3, 3, 3, 3, 3, 3, 3, 3, 3, 3, 3, 3, 3, 3, 3, 3, 3, 3, 3, 3, 3, 3, 3, 3, 3, 3, 3, 3, 3, 3, 3, 3, 3, 3, 3, 3, 3, 3, 3, 3, 3, 3, 3, 3, 3, 3, 3, 3, 3, 3, 3, 3, 3, 3, 3, 3, 3, 3, 3, 3, 3, 3, 3, 3, 3, 3, 3, 3, 3, 3, 3, 3, 3, 3, 3, 3, 3, 3, 3, 3, 3, 3, 3, 3, 3, 3, 3, 3, 3, 3, 3, 3, 3, 3, 3, 3, 3, 3, 3, 3, 3, 3, 3, 3, 3, 3, 3, 3, 3, 3, 3, 3, 3, 3, 3, 3, 3, 3, 3, 3, 3, 3, 3, 3, 3, 3, 3, 3, 3, 3, 3, 3, 3, 3, 3, 3, 3, 3, 3, 3, 3, 3, 3, 3, 3, 3, 3, 3, 3, 3, 3, 3, 3, 3, 3, 3, 3, 3, 3, 3, 3, 3, 3, 3, 3, 3, 3, 3, 3, 3, 3, 3, 3, 3, 3, 3, 3, 3, 3, 3, 3, 3, 3, 3, 3, 3, 3, 3, 3, 3, 3, 3, 3, 3, 3, 3, 3, 3, 3, 3, 3, 3, 3, 3, 3, 3, 3, 3, 3, 3, 3, 3, 3, 3, 3, 3, 3, 3, 3, 3, 3, 3, 3, 3, 3, 3, 3, 3, 3, 3, 3, 3, 3, 3, 3, 3, 3, 3, 3, 3, 3, 3, 3, 3, 3, 3, 3, 3, 3, 3, 3, 3, 3, 3, 3, 3, 3, 3, 3, 3, 3, 3, 3, 3, 3, 3, 3, 3, 3, 3, 3, 3, 3, 3, 3, 3, 3, 3, 3, 3, 3, 3, 3, 3, 3, 3, 3, 3, 3, 3, 3, 3, 3, 3, 3, 3, 3, 3, 3, 3, 3, 3, 3, 3, 3, 3, 3, 3, 3, 3, 3, 3, 3, 3, 3, 3, 3, 3, 3, 3, 3, 3, 3, 3, 3, 3, 3, 3, 3, 3, 3, 3, 3, 3, 3, 3, 3, 3, 3, 3, 3, 3, 3, 3, 3, 3, 3, 3, 3, 3, 3, 3, 3, 3, 3, 3, 3, 3, 3, 3, 3, 3, 3, 3, 3, 3, 3, 3, 3, 3, 3, 3, 3, 3, 3, 3, 3, 3, 3, 3, 3, 3, 3, 3, 3, 3, 3, 3, 3, 3, 3, 3, 3, 3, 3, 3, 3, 3, 3, 3, 3, 3, 3, 3, 3, 3, 3, 3, 3, 3, 3, 3, 3, 3, 3, 3, 3, 3, 3, 3, 3, 3, 3, 3, 3, 3, 3, 3, 3, 3, 3, 3, 3, 3, 3, 3, 3, 3, 3, 3, 3, 3, 3, 3, 3, 3, 3, 3, 3, 3, 3, 3, 3, 3, 3, 3, 3, 3, 3, 3, 3, 3, 3, 3, 3, 3, 3, 3, 3, 3, 3, 3, 3, 3, 3, 3, 3, 3, 3, 3, 3, 3, 3, 3, 3, 3, 3, 3, 3, 3, 3, 3, 3, 3, 3, 3, 3, 3, 3, 3, 3, 3, 3, 3, 3, 3, 3, 3, 3, 3, 3, 3, 3, 3, 3, 3, 3, 3, 3, 3, 3, 3, 3, 3, 3, 3, 3, 3, 3, 3, 3, 3, 3, 3, 3, 3, 3, 3, 3, 3, 3, 3, 3, 3, 3, 3, 3, 3, 3, 3, 3, 3, 3, 3, 3, 3, 3, 3, 3, 3, 3, 3, 3, 3, 3, 3, 3, 3, 3, 3, 3, 3, 3, 3, 3, 3, 3, 3, 3, 3, 3, 3, 3, 3, 3, 3, 3, 3, 3, 3, 3, 3, 3, 3, 3, 3, 3, 3, 3, 3, 3, 3, 3, 3, 3, 3, 3, 3, 3, 3, 3, 3, 3, 3, 3, 3, 3, 3, 3, 3, 3, 3, 3, 3, 3, 3, 3, 3, 3, 3, 3, 3, 3, 3, 3, 3, 3, 3, 3, 3, 3, 3, 3, 3, 3, 3, 3, 3, 3, 3, 3, 3, 3, 3, 3, 3, 3, 3, 3, 3, 3, 3, 3, 3, 3, 3, 3, 3, 3, 3, 3, 3, 3, 3, 3, 3, 3, 3, 3, 3, 3, 3, 3, 3, 3, 3, 3, 3, 3, 3, 3, 3, 3, 3, 3, 3, 3, 3, 3, 3, 3, 3, 3, 3, 3, 3, 3, 3, 3, 3, 3, 3, 3, 3, 3, 3, 3, 3, 3, 3, 3, 3, 3, 3, 3, 3, 3, 3, 3, 3, 3, 3, 3, 3, 3, 3, 3, 3, 3, 3, 3, 3, 3, 3, 3, 3, 3, 3, 3, 3, 3, 3, 3, 3, 3, 3, 3, 3, 3, 3, 3, 3, 3, 3, 3, 3, 3, 3, 3, 3, 3, 3, 3, 3, 3, 3, 3, 3, 3, 3, 3, 3, 3, 3, 3, 3, 3, 3, 3, 3, 3, 3, 3, 3, 3, 3, 3, 3, 3, 3, 3, 3, 3, 3, 3, 3, 3, 3, 3, 3, 3, 3, 3, 3, 3, 3, 3, 3, 3, 3, 3, 3, 3, 3, 3, 3, 3, 3, 3, 3, 3, 3, 3, 3, 3, 3, 3, 3, 3, 3, 3, 3, 3, 3, 3, 3, 3, 3, 3, 3, 3, 3, 3, 3, 3, 3, 3, 3, 3, 3, 3, 3, 3, 3, 3, 3, 3, 3, 3, 3, 3, 3, 3, 3, 3, 3, 3, 3, 3, 3, 3, 3, 3, 3, 3, 3, 3, 3, 3, 3, 3, 3, 3, 3, 3, 3, 3, 3, 3, 3, 3, 3, 3, 3, 3, 3, 3, 3, 3, 3, 3, 3, 3, 3, 3, 3, 3, 3, 3, 3, 3, 3, 3, 3, 3, 3, 3, 3, 3, 3, 3, 3, 3, 3, 3, 3, 3, 3, 3, 3, 3, 3, 3, 3, 3, 3, 3, 3, 3, 3, 3, 3, 3, 3, 3, 3, 3, 3, 3, 3, 3, 3, 3, 3, 3, 3, 3, 3, 3, 3, 3, 3, 3, 3, 3, 3, 3, 3, 3, 3, 3, 3, 3, 3, 3, 3, 3, 3, 3, 3, 3, 3, 3, 3, 3, 3, 3, 3, 3, 3, 3, 3, 3, 3, 3, 3, 3, 3, 3, 3, 3, 3, 3, 3, 3, 3, 3, 3, 3, 3, 3, 3, 3, 3, 3, 3, 3, 3, 3, 3, 3, 3, 3, 3, 3, 3, 3, 3, 3, 3, 3, 3, 3, 3, 3, 3, 3, 3, 3, 3, 3, 3, 3, 3, 3, 3, 3, 3, 3, 3, 3, 3, 3, 3, 3, 3, 3, 3, 3, 3, 3, 3, 3, 3, 3, 3, 3, 3, 3, 3, 3, 3, 3, 3, 3, 3, 3, 3, 3, 3, 3, 3, 3, 3, 3, 3, 3, 3, 3, 3, 3, 3, 3, 3, 3, 3, 3, 3, 3, 3, 3, 3, 3, 3, 3, 3, 3, 3, 3, 3, 3, 3, 3, 3, 3, 3, 3, 3, 3, 3, 3, 3, 3, 3, 3, 3, 3, 3, 3, 3, 3, 3, 3, 3, 3, 3, 3, 3, 3, 3, 3, 3, 3, 3, 3, 3, 3, 3, 3, 3, 3, 3, 3, 3, 3, 3, 3, 3, 3, 3, 3, 3, 3, 3, 3, 3, 3, 3, 3, 3, 3, 3, 3, 3, 3, 3, 3, 3, 3, 3, 3, 3, 3, 3, 3, 3, 3, 3, 3, 3, 3, 3, 3, 3, 3, 3, 3, 3, 3, 3, 3, 3, 3, 3, 3, 3, 3, 3, 3, 3, 3, 3, 3, 3, 3, 3, 3, 3, 3, 3, 3, 3, 3, 3, 3, 3, 3, 3, 3, 3, 3, 3, 3, 3, 3, 3, 3, 3, 3, 3, 3, 3, 3, 3, 3, 3, 3, 3, 3, 3, 3, 3, 3, 3, 3, 3, 3, 3, 3, 3, 3, 3, 3, 3, 3, 3, 3, 3, 3, 3, 3, 3, 3, 3, 3, 3, 3, 3, 3, 3, 3, 3, 3, 3, 3, 3, 3, 3, 3, 3, 3, 3, 3, 3, 3, 3, 3, 3, 3, 3, 3, 3, 3, 3, 3, 3, 3, 3, 3, 3, 3, 3, 3, 3, 3, 3, 3, 3, 3, 3, 3, 3, 3, 3, 3, 3, 3, 3, 3, 3, 3, 3, 3, 3, 3, 3, 3, 3, 3, 3, 3, 3, 3, 3, 3, 3, 3, 3, 3, 3, 3, 3, 3, 3, 3, 3, 3, 3, 3, 3, 3, 3, 3, 3, 3, 3, 3, 3, 3, 3, 3, 3, 3, 3, 3, 3, 3, 3, 3, 3, 3, 3, 3, 3, 3, 3, 3, 3, 3, 3, 3, 3, 3, 3, 3, 3, 3, 3, 3, 3, 3, 3, 3, 3, 3, 3, 3, 3, 3, 3, 3, 3, 3, 3, 3, 3, 3, 3, 3, 3, 3, 3, 3, 3, 3, 3, 3, 3, 3, 3, 3, 3, 3, 3, 3, 3, 3, 3, 3, 3, 3, 3, 3, 3, 3, 3, 3, 3, 3, 3, 3, 3, 3, 3, 3, 3, 3, 3, 3, 3, 3, 3, 3, 3, 3, 3, 3, 3, 3, 3, 3, 3, 3, 3, 3, 3, 3, 3, 3, 3, 3, 3, 3, 3, 3, 3, 3, 3, 3, 3, 3, 3, 3, 3, 3, 3, 3, 3, 3, 3, 3, 3, 3, 3, 3, 3, 3, 3, 3, 3, 3, 3, 3, 3, 3, 3, 3, 3, 3, 3, 3, 3, 3, 3, 3, 3, 3, 3, 3, 3, 3, 3, 3, 3, 3, 3, 3, 3, 3, 3, 3, 3, 3, 3, 3, 3, 3, 3, 3, 3, 3, 3, 3, 3, 3, 3, 3, 3, 3, 3, 3, 3, 3, 3, 3, 3, 3, 3, 3, 3, 3, 3, 3, 3, 3, 3, 3, 3, 3, 3, 3, 3, 3, 3, 3, 3, 3, 3, 3, 3, 3, 3, 3, 3, 3, 3, 3, 3, 3, 3, 3, 3, 3, 3, 3, 3, 3, 3, 3, 3, 3, 3, 3, 3, 3, 3, 3, 3, 3, 3, 3, 3, 3, 3, 3, 3, 3, 3, 3, 3, 3, 3, 3, 3, 3, 3, 3, 3, 3, 3, 3, 3, 3, 3, 3, 3, 3, 3, 3, 3, 3, 3, 3, 3, 3, 3, 3, 3, 3, 3, 3, 3, 3, 3, 3, 3, 3, 3, 3, 3, 3, 3, 3, 3, 3, 3, 3, 3, 3, 3, 3, 3, 3, 3, 3, 3, 3, 3, 3, 3, 3, 3, 3, 3, 3, 3, 3, 3, 3, 3, 3, 3, 3, 3, 3, 3, 3, 3, 3, 3, 3, 3, 3, 3, 3, 3, 3, 3, 3, 3, 3, 3, 3, 3, 3, 3, 3, 3, 3, 3, 3, 3, 3, 3, 3, 3, 3, 3, 3, 3, 3, 3, 3, 3, 3, 3, 3, 3, 3, 3, 3, 3, 3, 3, 3, 3, 3, 3, 3, 3, 3, 3, 3, 3, 3, 3, 3, 3, 3, 3, 3, 3, 3, 3, 3, 3, 3, 3, 3, 3, 3, 3, 3, 3, 3, 3, 3, 3, 3, 3, 3, 3, 3, 3, 3, 3, 3, 3, 3, 3, 3, 3, 3, 3, 3, 3, 3, 3, 3, 3, 3, 3, 3, 3, 3, 3, 3, 3, 3, 3, 3, 3, 3, 3, 3, 3, 3, 3, 3, 3, 3, 3, 3, 3, 3, 3, 3, 3, 3, 3, 3, 3, 3, 3, 3, 3, 3, 3, 3, 3, 3, 3, 3, 3, 3, 3, 3, 3, 3, 3, 3, 3, 3, 3, 3, 3, 3, 3, 3, 3, 3, 3, 3, 3, 3, 3, 3, 3, 3, 3, 3, 3, 3, 3, 3, 3, 3, 3, 3, 3, 3, 3, 3, 3, 3, 3, 3, 3, 3, 3, 3, 3, 3, 3, 3, 3, 3, 3, 3, 3, 3, 3, 3, 3, 3, 3, 3, 3, 3, 3, 3, 3, 3, 3, 3, 3, 3, 3, 3, 3, 3, 3, 3, 3, 3, 3, 3, 3, 3, 3, 3, 3, 3, 3, 3, 3, 3, 3, 3, 3, 3, 3, 3, 3, 3, 3, 3, 3, 3, 3, 3, 3, 3, 3, 3, 3, 3, 3, 3, 3, 3, 3, 3, 3, 3, 3, 3, 3, 3, 3, 3, 3, 3, 3, 3, 3, 3, 3, 3, 3, 3, 3, 3, 3, 3, 3, 3, 3, 3, 3, 3, 3, 3, 3, 3, 3, 3, 3, 3, 3, 3, 3, 3, 3, 3, 3, 3, 3, 3, 3, 3, 3, 3, 3, 3, 3, 3, 3, 3, 3, 3, 3, 3, 3, 3, 3, 3, 3, 3, 3, 3, 3, 3, 3, 3, 3, 3, 3, 3, 3, 3, 3, 3, 3, 3, 3, 3, 3, 3, 3, 3, 3, 3, 3, 3, 3, 3, 3, 3, 3, 3, 3, 3, 3, 3, 3, 3, 3, 3, 3, 3, 3, 3, 3, 3, 3, 3, 3, 3, 3, 3, 3, 3, 3, 3, 3, 3, 3, 3, 3, 3, 3, 3, 3, 3, 3, 3, 3, 3, 3, 3, 3, 3, 3, 3, 3, 3, 3, 3, 3, 3, 3, 3, 3, 3, 3, 3, 3, 3, 3, 3, 3, 3, 3, 3, 3, 3, 3, 3, 3, 3, 3, 3, 3, 3, 3, 3, 3, 3, 3, 3, 3, 3, 3, 3, 3, 3, 3, 3, 3, 3, 3, 3, 3, 3, 3, 3, 3, 3, 3, 3, 3, 3, 3, 3, 3, 3, 3, 3, 3, 3, 3, 3, 3, 3, 3, 3, 3, 3, 3, 3, 3, 3, 3, 3, 3, 3, 3, 3, 3, 3, 3, 3, 3, 3, 3, 3, 3, 3, 3, 3, 3, 3, 3, 3, 3, 3, 3, 3, 3, 3, 3, 3, 3, 3, 3, 3, 3, 3, 3, 3, 3, 3, 3, 3, 3, 3, 3, 3, 3, 3, 3, 3, 3, 3, 3, 3, 3, 3, 3, 3, 3, 3, 3, 3, 3, 3, 3, 3, 3, 3, 3, 3, 3, 3, 3, 3, 3, 3, 3, 3, 3, 3, 3, 3, 3, 3, 3, 3, 3, 3, 3, 3, 3, 3, 3, 3, 3, 3, 3, 3, 3, 3, 3, 3, 3, 3, 3, 3, 3, 3, 3, 3, 3, 3, 3, 3, 3, 3, 3, 3, 3, 3, 3, 3, 3, 3, 3, 3, 3, 3, 3, 3, 3, 3, 3, 3, 3, 3, 3, 3, 3, 3, 3, 3, 3, 3, 3, 3, 3, 3, 3, 3, 3, 3, 3, 3, 3, 3, 3, 3, 3, 3, 3, 3, 3, 3, 3, 3, 3, 3, 3, 3, 3, 3, 3, 3, 3, 3, 3, 3, 3, 3, 3, 3, 3, 3, 3, 3, 3, 3, 3, 3, 3, 3, 3, 3, 3, 3, 3, 3, 3, 3, 3, 3, 3, 3, 3, 3, 3, 3, 3, 3, 3, 3, 3, 3, 3, 3, 3, 3, 3, 3, 3, 3, 3, 3, 3, 3, 3, 3, 3, 3, 3, 3, 3, 3, 3, 3, 3, 3, 3, 3, 3, 3, 3, 3, 3, 3, 3, 3, 3, 3, 3, 3, 3, 3, 3, 3, 3, 3, 3, 3, 3, 3, 3, 3, 3, 3, 3, 3, 3, 3, 3, 3, 3, 3, 3, 3, 3, 3, 3, 3, 3, 3, 3, 3, 3, 3, 3, 3, 3, 3, 3, 3, 3, 3, 3, 3, 3, 3, 3, 3, 3, 3, 3, 3, 3, 3, 3, 3, 3, 3, 3, 3, 3, 3, 3, 3, 3, 3, 3, 3, 3, 3, 3, 3, 3, 3, 3, 3, 3, 3, 3, 3, 3, 3, 3, 3, 3, 3, 3, 3, 3, 3, 3, 3, 3, 3, 3, 3, 3, 3, 3, 3, 3, 3, 3, 3, 3, 3, 3, 3, 3, 3, 3, 3, 3, 3, 3, 3, 3, 3, 3, 3, 3, 3, 3, 3, 3, 3, 3, 3, 3, 3, 3, 3, 3, 3, 3, 3, 3, 3, 3, 3, 3, 3, 3, 3, 3, 3, 3, 3, 3, 3, 3, 3, 3, 3, 3, 3, 3, 3, 3, 3, 3, 3, 3, 3, 3, 3, 3, 3, 3, 3, 3, 3, 3, 3, 3, 3, 3, 3, 3, 3, 3, 3, 3, 3, 3, 3, 3, 3, 3, 3, 3, 3, 3, 3, 3, 3, 3, 3, 3, 3, 3, 3, 3, 3, 3, 3, 3, 3, 3, 3, 3, 3, 3, 3, 3, 3, 3, 3, 3, 3, 3, 3, 3, 3, 3, 3, 3, 3, 3, 3, 3, 3, 3, 3, 3, 3, 3, 3, 3, 3, 3, 3, 3, 3, 3, 3, 3, 3, 3, 3, 3, 3, 3, 3, 3, 3, 3, 3, 3, 3, 3, 3, 3, 3, 3, 3, 3, 3, 3, 3, 3, 3, 3, 3, 3, 3, 3, 3, 3, 3, 3, 3, 3, 3, 3, 3, 3, 3, 3, 3, 3, 3, 3, 3, 3, 3, 3, 3, 3, 3, 3, 3, 3, 3, 3, 3, 3, 3, 3, 3, 3, 3, 3, 3, 3, 3, 3, 3, 3, 3, 3, 3, 3, 3, 3, 3, 3, 3, 3, 3, 3, 3, 3, 3, 3, 3, 3, 3, 3, 3, 3, 3, 3, 3, 3, 3, 3, 3, 3, 3, 3, 3, 3, 3, 3, 3, 3, 3, 3, 3, 3, 3, 3, 3, 3, 3, 3, 3, 3, 3, 3, 3, 3, 3, 3, 3, 3, 3, 3, 3, 3, 3, 3, 3, 3, 3, 3, 3, 3, 3, 3, 3, 3, 3, 3, 3, 3, 3, 3, 3, 3, 3, 3, 3, 3, 3, 3, 3, 3, 3, 3, 3, 3, 3, 3, 3, 3, 3, 3, 3, 3, 3, 3, 3, 3, 3, 3, 3, 3, 3, 3, 3, 3, 3, 3, 3, 3, 3, 3, 3, 3, 3, 3, 3, 3, 3, 3, 3, 3, 3, 3, 3, 3, 3, 3, 3, 3, 3, 3, 3, 3, 3, 3, 3, 3, 3, 3, 3, 3, 3, 3, 3, 3, 3, 3, 3, 3, 3, 3, 3, 3, 3, 3, 3, 3, 3, 3, 3, 3, 3, 3, 3, 3, 3, 3, 3, 3, 3, 3, 3, 3, 3, 3, 3, 3, 3, 3, 3, 3, 3, 3, 3, 3, 3, 3, 3, 3, 3, 3, 3, 3, 3, 3, 3, 3, 3, 3, 3, 3, 3, 3, 3, 3, 3, 3, 3, 3, 3, 3, 3, 3, 3, 3, 3, 3, 3, 3, 3, 3, 3, 3, 3, 3, 3, 3, 3, 3, 3, 3, 3, 3, 3, 3, 3, 3, 3, 3, 3, 3, 3, 3, 3, 3, 3, 3, 3, 3, 3, 3, 3, 3, 3, 3, 3, 3, 3, 3, 3, 3, 3, 3, 3, 3, 3, 3, 3, 3, 3, 3, 3, 3, 3, 3, 3, 3, 3, 3, 3, 3, 3, 3, 3, 3, 3, 3, 3, 3, 3, 3, 3, 3, 3, 3, 3, 3, 3, 3, 3, 3, 3, 3, 3, 3, 3, 3, 3, 3, 3, 3, 3, 3, 3, 3, 3, 3, 3, 3, 3, 3, 3, 3, 3, 3, 3, 3, 3, 3, 3, 3, 3, 3, 3, 3, 3, 3, 3, 3, 3, 3, 3, 3, 3, 3, 3, 3, 3, 3, 3, 3, 3, 3, 3, 3, 3, 3, 3, 3, 3, 3, 3, 3, 3, 3, 3, 3, 3, 3, 3, 3, 3, 3, 3, 3, 3, 3, 3, 3, 3, 3, 3, 3, 3, 3, 3, 3, 3, 3, 3, 3, 3, 3, 3, 3, 3, 3, 3, 3, 3, 3, 3, 3, 3, 3, 3, 3, 3, 3, 3, 3, 3, 3, 3, 3, 3, 3, 3, 3, 3, 3, 3, 3, 3, 3, 3, 3, 3, 3, 3, 3, 3, 3, 3, 3, 3, 3, 3, 3, 3, 3, 3, 3, 3, 3, 3, 3, 3, 3, 3, 3, 3, 3, 3, 3, 3, 3, 3, 3, 3, 3, 3, 3, 3, 3, 3, 3, 3, 3, 3, 3, 3, 3, 3, 3, 3, 3, 3, 3, 3, 3, 3, 3, 3, 3, 3, 3, 3, 3, 3, 3, 3, 3, 3, 3, 3, 3, 3, 3, 3, 3, 3, 3, 3, 3, 3, 3, 3, 3, 3, 3, 3, 3, 3, 3, 3, 3, 3, 3, 3, 3, 3, 3, 3, 3, 3, 3, 3, 3, 3, 3, 3, 3, 3, 3, 3, 3, 3, 3, 3, 3, 3, 3, 3, 3, 3, 3, 3, 3, 3, 3, 3, 3, 3, 3, 3, 3, 3, 3, 3, 3, 3, 3, 3, 3, 3, 3, 3, 3, 3, 3, 3, 3, 3, 3, 3, 3, 3, 3, 3, 3, 3, 3, 3, 3, 3, 3, 3, 3, 3, 3, 3, 3, 3, 3, 3, 3, 3, 3, 3, 3, 3, 3, 3, 3, 3, 3, 3, 3, 3, 3, 3, 3, 3, 3, 3, 3, 3, 3, 3, 3, 3, 3, 3, 3, 3, 3, 3, 3, 3, 3, 3, 3, 3, 3, 3, 3, 3, 3, 3, 3, 3, 3, 3, 3, 3, 3, 3, 3, 3, 3, 3, 3, 3, 3, 3, 3, 3, 3, 3, 3, 3, 3, 3, 3, 3, 3, 3, 3, 3, 3, 3, 3, 3, 3, 3, 3, 3, 3, 3, 3, 3, 3, 3, 3, 3, 3, 3, 3, 3, 3, 3, 3, 3, 3, 3, 3, 3, 3, 3, 3, 3, 3, 3, 3, 3, 3, 3, 3, 3, 3, 3, 3, 3, 3, 3, 3, 3, 3, 3, 3, 3, 3, 3, 3, 3, 3, 3, 3, 3, 3, 3, 3, 3, 3, 3, 3, 3, 3, 3, 3, 3, 3, 3, 3, 3, 3, 3, 3, 3, 3, 3, 3, 3, 3, 3, 3, 3, 3, 3, 3, 3, 3, 3, 3, 3, 3, 3, 3, 3, 3, 3, 3, 3, 3, 3, 3, 3, 3, 3, 3, 3, 3, 3, 3, 3, 3, 3, 3, 3, 3, 3, 3, 3, 3, 3, 3, 3, 3, 3, 3, 3, 3, 3, 3, 3, 3, 3, 3, 3, 3, 3, 3, 3, 3, 3, 3, 3, 3, 3, 3, 3, 3, 3, 3, 3, 3, 3, 3, 3, 3, 3, 3, 3, 3, 3, 3, 3, 3, 3, 3, 3, 3, 3, 3, 3, 3, 3, 3, 3, 3, 3, 3, 3, 3, 3, 3, 3, 3, 3, 3, 3, 3, 3, 3, 3, 3, 3, 3, 3, 3, 3, 3, 3, 3, 3, 3, 3, 3, 3, 3, 3, 3, 3, 3, 3, 3, 3, 3, 3, 3, 3, 3, 3, 3, 3, 3, 3, 3, 3, 3, 3, 3, 3, 3, 3, 3, 3, 3, 3, 3, 3, 3, 3, 3, 3, 3, 3, 3, 3, 3, 3, 3, 3, 3, 3, 3, 3, 3, 3, 3, 3, 3, 3, 3, 3, 3, 3, 3, 3, 3, 3, 3, 3, 3, 3, 3, 3, 3, 3, 3, 3, 3, 3, 3, 3, 3, 3, 3, 3, 3, 3, 3, 3, 3, 3, 3, 3, 3, 3, 3, 3, 3, 3, 3, 3, 3, 3, 3, 3, 3, 3, 3, 3, 3, 3, 3, 3, 3, 3, 3, 3, 3, 3, 3, 3, 3, 3, 3, 3, 3, 3, 3, 3, 3, 3, 3, 3, 3, 3, 3, 3, 3, 3, 3, 3, 3, 3, 3, 3, 3, 3, 3, 3, 3, 3, 3, 3, 3, 3, 3, 3, 3, 3, 3, 3, 3, 3, 3, 3, 3, 3, 3, 3, 3, 3, 3, 3, 3, 3, 3, 3, 3, 3, 3, 3, 3, 3, 3, 3, 3, 3, 3, 3, 3, 3, 3, 3, 3, 3, 3, 3, 3, 3, 3, 3, 3, 3, 3, 3, 3, 3, 3, 3, 3, 3, 3, 3, 3, 3, 3, 3, 3, 3, 3, 3, 3, 3, 3, 3, 3, 3, 3, 3, 3, 3, 3, 3, 3, 3, 3, 3, 3, 3, 3, 3, 3, 3, 3, 3, 3, 3, 3, 3, 3, 3, 3, 3, 3, 3, 3, 3, 3, 3, 3, 3, 3, 3, 3, 3, 3, 3, 3, 3, 3, 3, 3, 3, 3, 3, 3, 3, 3, 3, 3, 3, 3, 3, 3, 3, 3, 3, 3, 3, 3, 3, 3, 3, 3, 3, 3, 3, 3, 3, 3, 3, 3, 3, 3, 3, 3, 3, 3, 3, 3, 3, 3, 3, 3, 3, 3, 3, 3, 3, 3, 3, 3, 3, 3, 3, 3, 3, 3, 3, 3, 3, 3, 3, 3, 3, 3, 3, 3, 3, 3, 3, 3, 3, 3, 3, 3, 3, 3, 3, 3, 3, 3, 3, 3, 3, 3, 3, 3, 3, 3, 3, 3, 3, 3, 3, 3, 3, 3, 3, 3, 3, 3, 3, 3, 3, 3, 3, 3, 3, 3, 3, 3, 3, 3, 3, 3, 3, 3, 3, 3, 3, 3, 3, 3, 3, 3, 3, 3, 3, 3, 3, 3, 3, 3, 3, 3, 3, 3, 3, 3, 3, 3, 3, 3, 3, 3, 3, 3, 3, 3, 3, 3, 3, 3, 3, 3, 3, 3, 3, 3, 3, 3, 3, 3, 3, 3, 3, 3, 3, 3, 3, 3, 3, 3, 3, 3, 3, 3, 3, 3, 3, 3, 3, 3, 3, 3, 3, 3, 3, 3, 3, 3, 3, 3, 3, 3, 3, 3, 3, 3, 3, 3, 3, 3, 3, 3, 3, 3, 3, 3, 3, 3, 3, 3, 3, 3, 3, 3, 3, 3, 3, 3, 3, 3, 3, 3, 3, 3, 3, 3, 3, 3, 3, 3, 3, 3, 3, 3, 3, 3, 3, 3, 3, 3, 3, 3, 3, 3, 3, 3, 3, 3, 3, 3, 3, 3, 3, 3, 3, 3, 3, 3, 3, 3, 3, 3, 3, 3, 3, 3, 3, 3, 3, 3, 3, 3, 3, 3, 3, 3, 3, 3, 3, 3, 3, 3, 3, 3, 3, 3, 3, 3, 3, 3, 3, 3, 3, 3, 3, 3, 3, 3, 3, 3, 3, 3, 3, 3, 3, 3, 3, 3, 3, 3, 3, 3, 3, 3, 3, 3, 3, 3, 3, 3, 3, 3, 3, 3, 3, 3, 3, 3, 3, 3, 3, 3, 3, 3, 3, 3, 3, 3, 3, 3, 3, 3, 3, 3, 3, 3, 3, 3, 3, 3, 3, 3, 3, 3, 3, 3, 3, 3, 3, 3, 3, 3, 3, 3, 3, 3, 3, 3, 3, 3, 3, 3, 3, 3, 3, 3, 3, 3, 3, 3, 3, 3, 3, 3, 3, 3, 3, 3, 3, 3, 3, 3, 3, 3, 3, 3, 3, 3, 3, 3, 3, 3, 3, 3, 3, 3, 3, 3, 3, 3, 3, 3, 3, 3, 3, 3, 3, 3, 3, 3, 3, 3, 3, 3, 3, 3, 3, 3, 3, 3, 3, 3, 3, 3, 3, 3, 3, 3, 3, 3, 3, 3, 3, 3, 3, 3, 3, 3, 3, 3, 3, 3, 3, 3, 3, 3, 3, 3, 3, 3, 3, 3, 3, 3, 3, 3, 3, 3, 3, 3, 3, 3, 3, 3, 3, 3, 3, 3, 3, 3, 3, 3, 3, 3, 3, 3, 3, 3, 3, 3, 3, 3, 3, 3, 3, 3, 3, 3, 3, 3, 3, 3, 3, 3, 3, 3, 3, 3, 3, 3, 3, 3, 3, 3, 3, 3, 3, 3, 3, 3, 3, 3, 3, 3, 3, 3, 3, 3, 3, 3, 3, 3, 3, 3, 3, 3, 3, 3, 3, 3, 3, 3, 3, 3, 3, 3, 3, 3, 3, 3, 3, 3, 3, 3, 3, 3, 3, 3, 3, 3, 3, 3, 3, 3, 3, 3, 3, 3, 3, 3, 3, 3, 3, 3, 3, 3, 3, 3, 3, 3, 3, 3, 3, 3, 3, 3, 3, 3, 3, 3, 3, 3, 3, 3, 3, 3, 3, 3, 3, 3, 3, 3, 3, 3, 3, 3, 3, 3, 3, 3, 3, 3, 3, 3, 3, 3, 3, 3, 3, 3, 3, 3, 3, 3, 3, 3, 3, 3, 3, 3, 3, 3, 3, 3, 3, 3, 3, 3, 3, 3, 3, 3, 3, 3, 3, 3, 3, 3, 3, 3, 3, 3, 3, 3, 3, 3, 3, 3, 3, 3, 3, 3, 3, 3, 3, 3, 3, 3, 3, 3, 3, 3, 3, 3, 3, 3, 3, 3, 3, 3, 3, 3, 3, 3, 3, 3, 3, 3, 3, 3, 3, 3, 3, 3, 3, 3, 3, 3, 3, 3, 3, 3, 3, 3, 3, 3, 3, 3, 3, 3, 3, 3, 3, 3, 3, 3, 3, 3, 3, 3, 3, 3, 3, 3, 3, 3, 3, 3, 3, 3, 3, 3, 3, 3, 3, 3, 3, 3, 3, 3, 3, 3, 3, 3, 3, 3, 3, 3, 3, 3, 3, 3, 3, 3, 3, 3, 3, 3, 3, 3, 3, 3, 3, 3, 3, 3, 3, 3, 3, 3, 3, 3, 3, 3, 3, 3, 3, 3, 3, 3, 3, 3, 3, 3, 3, 3, 3, 3, 3, 3, 3, 3, 3, 3, 3, 3, 3, 3, 3, 3, 3, 3, 3, 3, 3, 3, 3, 3, 3, 3, 3, 3, 3, 3, 3, 3, 3, 3, 3, 3, 3, 3, 3, 3, 3, 3, 3, 3, 3, 3, 3, 3, 3, 3, 3, 3, 3, 3, 3, 3, 3, 3, 3, 3, 3, 3, 3, 3, 3, 3, 3, 3, 3, 3, 3, 3, 3, 3, 3, 3, 3, 3, 3, 3, 3, 3, 3, 3, 3, 3, 3, 3, 3, 3, 3, 3, 3, 3, 3, 3, 3, 3, 3, 3, 3, 3, 3, 3, 3, 3, 3, 3, 3, 3, 3, 3, 3, 3, 3, 3, 3, 3, 3, 3, 3, 3, 3, 3, 3, 3, 3, 3, 3, 3, 3, 3, 3, 3, 3, 3, 3, 3, 3, 3, 3, 3, 3, 3, 3, 3, 3, 3, 3, 3, 3, 3, 3, 3, 3, 3, 3, 3, 3, 3, 3, 3, 3, 3, 3, 3, 3, 3, 3, 3, 3, 3, 3, 3, 3, 3, 3, 3, 3, 3, 3, 3, 3, 3, 3, 3, 3, 3, 3, 3, 3, 3, 3, 3, 3, 3, 3, 3, 3, 3, 3, 3, 3, 3, 3, 3, 3, 3, 3, 3, 3, 3, 3, 3, 3, 3, 3, 3, 3, 3, 3, 3, 3, 3, 3, 3, 3, 3, 3, 3, 3, 3, 3, 3, 3, 3, 3, 3, 3, 3, 3, 3, 3, 3, 3, 3, 3, 3, 3, 3, 3, 3, 3, 3, 3, 3, 3, 3, 3, 3, 3, 3, 3, 3, 3, 3, 3, 3, 3, 3, 3, 3, 3, 3, 3, 3, 3, 3, 3, 3, 3, 3, 3, 3, 3, 3, 3, 3, 3, 3, 3, 3, 3, 3, 3, 3, 3, 3, 3, 3, 3, 3, 3, 3, 3, 3, 3, 3, 3, 3, 3, 3, 3, 3, 3, 3, 3, 3, 3, 3, 3, 3, 3, 3, 3, 3, 3, 3, 3, 3, 3, 3, 3, 3, 3, 3, 3, 3, 3, 3, 3, 3, 3, 3, 3, 3, 3, 3, 3, 3, 3, 3, 3, 3, 3, 3, 3, 3, 3, 3, 3, 3, 3, 3, 3, 3, 3, 3, 3, 3, 3, 3, 3, 3, 3, 3, 3, 3, 3, 3, 3, 3, 3, 3, 3, 3, 3, 3, 3, 3, 3, 3, 3, 3, 3, 3, 3, 3, 3, 3, 3, 3, 3, 3, 3, 3, 3, 3, 3, 3, 3, 3, 3, 3, 3, 3, 3, 3, 3, 3, 3, 3, 3, 3, 3, 3, 3, 3, 3, 3, 3, 3, 3, 3, 3, 3, 3, 3, 3, 3, 3, 3, 3, 3, 3, 3, 3, 3, 3, 3, 3, 3, 3, 3, 3, 3, 3, 3, 3, 3, 3, 3, 3, 3, 3, 3, 3, 3, 3, 3, 3, 3, 3, 3, 3, 3, 3, 3, 3, 3, 3, 3, 3, 3, 3, 3, 3, 3, 3, 3, 3, 3, 3, 3, 3, 3, 3, 3, 3, 3, 3, 3, 3, 3, 3, 3, 3, 3, 3, 3, 3, 3, 3, 3, 3, 3, 3, 3, 3, 3, 3, 3, 3, 3, 3, 3, 3, 3, 3, 3, 3, 3, 3, 3, 3, 3, 3, 3, 3, 3, 3, 3, 3, 3, 3, 3, 3, 3, 3, 3, 3, 3, 3, 3, 3, 3, 3, 3, 3, 3, 3, 3, 3, 3, 3, 3, 3, 3, 3, 3, 3, 3, 3, 3, 3, 3, 3, 3, 3, 3, 3, 3, 3, 3, 3, 3, 3, 3, 3, 3, 3, 3, 3, 3, 3, 3, 3, 3, 3, 3, 3, 3, 3, 3, 3, 3, 3, 3, 3, 3, 3, 3, 3, 3, 3, 3, 3, 3, 3, 3, 3, 3, 3, 3, 3, 3, 3, 3, 3, 3, 3, 3, 3, 3, 3, 3, 3, 3, 3, 3, 3, 3, 3, 3, 3, 3, 3, 3, 3, 3, 3, 3, 3, 3, 3, 3, 3, 3, 3, 3, 3, 3, 3, 3, 3, 3, 3, 3, 3, 3, 3, 3, 3, 3, 3, 3, 3, 3, 3, 3, 3, 3, 3, 3, 3, 3, 3, 3, 3, 3, 3, 3, 3, 3, 3, 3, 3, 3, 3, 3, 3, 3, 3, 3, 3, 3, 3, 3, 3, 3, 3, 3, 3, 3, 3, 3, 3, 3, 3, 3, 3, 3, 3, 3, 3, 3, 3, 3, 3, 3, 3, 3, 3, 3, 3, 3, 3, 3, 3, 3, 3, 3, 3, 3, 3, 3, 3, 3, 3, 3, 3, 3, 3, 3, 3, 3, 3, 3, 3, 3, 3, 3, 3, 3, 3, 3, 3, 3, 3, 3, 3, 3, 3, 3, 3, 3, 3, 3, 3, 3, 3, 3, 3, 3, 3, 3, 3, 3, 3, 3, 3, 3, 3, 3, 3, 3, 3, 3, 3, 3, 3, 3, 3, 3, 3, 3, 3, 3, 3, 3, 3, 3, 3, 3, 3, 3, 3, 3, 3, 3, 3, 3, 3, 3, 3, 3, 3, 3, 3, 3, 3, 3, 3, 3, 3, 3, 3, 3, 3, 3, 3, 3, 3, 3, 3, 3, 3, 3, 3, 3, 3, 3, 3, 3, 3, 3, 3, 3, 3, 3, 3, 3, 3, 3, 3, 3, 3, 3, 3, 3, 3, 3, 3, 3, 3, 3, 3, 3, 3, 3, 3, 3, 3, 3, 3, 3, 3, 3, 3, 3, 3, 3, 3, 3, 3, 3, 3, 3, 3, 3, 3, 3, 3, 3, 3, 3, 3, 3, 3, 3, 3, 3, 3, 3, 3, 3, 3, 3, 3, 3, 3, 3, 3, 3, 3, 3, 3, 3, 3, 3, 3, 3, 3, 3, 3, 3, 3, 3, 3, 3, 3, 3, 3, 3, 3, 3, 3, 3, 3, 3, 3, 3, 3, 3, 3, 3, 3, 3, 3, 3, 3, 3, 3, 3, 3, 3, 3, 3, 3, 3, 3, 3, 3, 3, 3, 3, 3, 3, 3, 3, 3, 3, 3, 3, 3, 3, 3, 3, 3, 3, 3, 3, 3, 3, 3, 3, 3, 3, 3, 3, 3, 3, 3, 3, 3, 3, 3, 3, 3, 3, 3, 3, 3, 3, 3, 3, 3, 3, 3, 3, 3, 3, 3, 3, 3, 3, 3, 3, 3, 3, 3, 3, 3, 3, 3, 3, 3, 3, 3, 3, 3, 3, 3, 3, 3, 3, 3, 3, 3, 3, 3, 3, 3, 3, 3, 3, 3, 3, 3, 3, 3, 3, 3, 3, 3, 3, 3, 3, 3, 3, 3, 3, 3, 3, 3, 3, 3, 3, 3, 3, 3, 3, 3, 3, 3, 3, 3, 3, 3, 3, 3, 3, 3, 3, 3, 3, 3, 3, 3, 3, 3, 3, 3, 3, 3, 3, 3, 3, 3, 3, 3, 3, 3, 3, 3, 3, 3, 3, 3, 3, 3, 3, 3, 3, 3, 3, 3, 3, 3, 3, 3, 3, 3, 3, 3, 3, 3, 3, 3, 3, 3, 3, 3, 3, 3, 3, 3, 3, 3, 3, 3, 3, 3, 3, 3, 3, 3, 3, 3, 3, 3, 3, 3, 3, 3, 3, 3, 3, 3, 3, 3, 3, 3, 3, 3, 3, 3, 3, 3, 3, 3, 3, 3, 3, 3, 3, 3, 3, 3, 3, 3, 3, 3, 3, 3, 3, 3, 3, 3, 3, 3, 3, 3, 3, 3, 3, 3, 3, 3, 3, 3, 3, 3, 3, 3, 3, 3, 3, 3, 3, 3, 3, 3, 3, 3, 3, 3, 3, 3, 3, 3, 3, 3, 3, 3, 3, 3, 3, 3, 3, 3, 3, 3, 3, 3, 3, 3, 3, 3, 3, 3, 3, 3, 3, 3, 3, 3, 3, 3, 3, 3, 3, 3, 3, 3, 3, 3, 3, 3, 3, 3, 3, 3, 3, 3, 3, 3, 3, 3, 3, 3, 3, 3, 3, 3, 3, 3, 3, 3, 3, 3, 3, 3, 3, 3, 3, 3, 3, 3, 3, 3, 3, 3, 3, 3, 3, 3, 3, 3, 3, 3, 3, 3, 3, 3, 3, 3, 3, 3, 3, 3, 3, 3, 3, 3, 3, 3, 3, 3, 3, 3, 3, 3, 3, 3, 3, 3, 3, 3, 3, 3, 3, 3, 3, 3, 3, 3, 3, 3, 3, 3, 3, 3, 3, 3, 3, 3, 3, 3, 3, 3, 3, 3, 3, 3, 3, 3, 3, 3, 3, 3, 3, 3, 3, 3, 3, 3, 3, 3, 3, 3, 3, 3, 3, 3, 3, 3, 3, 3, 3, 3, 3, 3, 3, 3, 3, 3, 3, 3, 3, 3, 3, 3, 3, 3, 3, 3, 3, 3, 3, 3, 3, 3, 3, 3, 3, 3, 3, 3, 3, 3, 3, 3, 3, 3, 3, 3, 3, 3, 3, 3, 3, 3, 3, 3, 3, 3, 3, 3, 3, 3, 3, 3, 3, 3, 3, 3, 3, 3, 3, 3, 3, 3, 3, 3, 3, 3, 3, 3, 3, 3, 3, 3, 3, 3, 3, 3, 3, 3, 3, 3, 3, 3, 3, 3, 3, 3, 3, 3, 3, 3, 3, 3, 3, 3, 3, 3, 3, 3, 3, 3, 3, 3, 3, 3, 3, 3, 3, 3, 3, 3, 3, 3, 3, 3, 3, 3, 3, 3, 3, 3, 3, 3, 3, 3, 3, 3, 3, 3, 3, 3, 3, 3, 3, 3, 3, 3, 3, 3, 3, 3, 3, 3, 3, 3, 3, 3, 3, 3, 3, 3, 3, 3, 3, 3, 3, 3, 3, 3, 3, 3, 3, 3, 3, 3, 3, 3, 3, 3, 3, 3, 3, 3, 3, 3, 3, 3, 3, 3, 3, 3, 3, 3, 3, 3, 3, 3, 3, 3, 3, 3, 3, 3, 3, 3, 3, 3, 3, 3, 3, 3, 3, 3, 3, 3, 3, 3, 3, 3, 3, 3, 3, 3, 3, 3, 3, 3, 3, 3, 3, 3, 3, 3, 3, 3, 3, 3, 3, 3, 3, 3, 3, 3, 3, 3]
            int[] faceVertexIndices = [0, 1, 2, 3, 2, 4, 5, 4, 6, 7, 6, 8, 9, 8, 10, 11, 10, 12, 13, 12, 14, 15, 14, 16, 17, 16, 18, 19, 18, 20, 21, 20, 22, 23, 22, 24, 25, 24, 26, 27, 26, 28, 29, 28, 30, 31, 30, 32, 33, 32, 34, 35, 34, 36, 37, 36, 38, 39, 38, 40, 41, 40, 42, 43, 42, 44, 45, 44, 46, 47, 46, 48, 49, 48, 50, 51, 50, 52, 53, 52, 54, 55, 54, 56, 57, 56, 58, 59, 58, 60, 61, 60, 62, 63, 62, 64, 65, 64, 66, 67, 66, 68, 69, 68, 70, 71, 70, 72, 73, 72, 74, 75, 74, 76, 77, 76, 78, 79, 78, 80, 81, 80, 82, 83, 82, 84, 85, 84, 86, 87, 86, 88, 89, 88, 90, 91, 90, 92, 93, 92, 94, 95, 94, 96, 97, 96, 98, 99, 98, 100, 101, 100, 102, 103, 102, 104, 105, 104, 106, 107, 106, 108, 109, 108, 110, 111, 110, 112, 113, 112, 114, 115, 114, 1, 1, 0, 115, 114, 115, 113, 112, 113, 111, 110, 111, 109, 108, 109, 107, 106, 107, 105, 104, 105, 103, 102, 103, 101, 100, 101, 99, 98, 99, 97, 96, 97, 95, 94, 95, 93, 92, 93, 91, 90, 91, 89, 88, 89, 87, 86, 87, 85, 84, 85, 83, 82, 83, 81, 80, 81, 79, 78, 79, 77, 76, 77, 75, 74, 75, 73, 72, 73, 71, 70, 71, 69, 68, 69, 67, 66, 67, 65, 64, 65, 63, 62, 63, 61, 60, 61, 59, 58, 59, 57, 56, 57, 55, 54, 55, 53, 52, 53, 51, 50, 51, 49, 48, 49, 47, 46, 47, 45, 44, 45, 43, 42, 43, 41, 40, 41, 39, 38, 39, 37, 36, 37, 35, 34, 35, 33, 32, 33, 31, 30, 31, 29, 28, 29, 27, 26, 27, 25, 24, 25, 23, 22, 23, 21, 20, 21, 19, 18, 19, 17, 16, 17, 15, 14, 15, 13, 12, 13, 11, 10, 11, 9, 8, 9, 7, 6, 7, 5, 4, 5, 3, 2, 3, 0, 8, 116, 117, 8, 6, 118, 10, 117, 119, 118, 116, 8, 1, 120, 121, 1, 114, 122, 16, 123, 124, 16, 14, 125, 117, 10, 8, 6, 4, 126, 2, 121, 126, 122, 120, 1, 94, 92, 127, 92, 90, 128, 86, 129, 130, 86, 84, 131, 125, 123, 16, 14, 12, 119, 126, 118, 6, 121, 2, 1, 112, 132, 122, 112, 110, 133, 98, 134, 135, 96, 136, 134, 96, 94, 137, 128, 127, 92, 131, 129, 86, 84, 82, 138, 80, 139, 138, 80, 78, 140, 56, 141, 142, 56, 54, 143, 48, 144, 145, 48, 46, 146, 119, 125, 14, 126, 4, 2, 133, 132, 112, 110, 108, 147, 106, 148, 147, 106, 104, 149, 102, 150, 149, 102, 100, 135, 134, 98, 96, 127, 137, 94, 90, 88, 130, 138, 131, 84, 140, 139, 80, 78, 76, 151, 64, 62, 152, 62, 60, 153, 143, 141, 56, 54, 52, 154, 50, 145, 154, 146, 144, 48, 24, 155, 156, 22, 157, 155, 20, 158, 157, 20, 18, 124, 119, 12, 10, 147, 133, 110, 149, 148, 106, 135, 150, 102, 137, 136, 96, 130, 88, 86, 151, 140, 78, 76, 74, 159, 153, 152, 62, 60, 58, 142, 154, 143, 54, 145, 50, 48, 28, 160, 161, 28, 26, 156, 155, 24, 22, 124, 158, 20, 122, 114, 112, 149, 104, 102, 130, 128, 90, 159, 151, 76, 72, 162, 159, 72, 70, 163, 66, 164, 165, 66, 64, 166, 142, 153, 60, 154, 52, 50, 156, 160, 28, 157, 22, 20, 147, 108, 106, 138, 82, 80, 163, 162, 72, 70, 68, 165, 166, 164, 66, 142, 58, 56, 38, 167, 168, 38, 36, 169, 156, 26, 24, 135, 100, 98, 165, 163, 70, 152, 166, 64, 44, 170, 146, 44, 42, 171, 40, 168, 171, 169, 167, 38, 124, 18, 16, 165, 68, 66, 171, 170, 44, 168, 40, 38, 34, 172, 169, 34, 32, 173, 159, 74, 72, 171, 42, 40, 173, 172, 34, 32, 30, 161, 146, 46, 44, 161, 173, 32, 169, 36, 34, 161, 30, 28, 153, 142, 174, 152, 153, 175, 166, 152, 176, 164, 166, 177, 165, 164, 178, 163, 165, 179, 162, 163, 180, 159, 162, 181, 151, 159, 182, 140, 151, 183, 139, 140, 184, 138, 139, 185, 131, 138, 186, 129, 131, 187, 130, 129, 188, 128, 130, 189, 127, 128, 190, 137, 127, 191, 136, 137, 192, 134, 136, 193, 135, 134, 194, 150, 135, 195, 149, 150, 196, 148, 149, 197, 147, 148, 198, 133, 147, 199, 132, 133, 200, 122, 132, 201, 120, 122, 202, 121, 120, 203, 126, 121, 204, 118, 126, 205, 116, 118, 206, 117, 116, 207, 119, 117, 208, 125, 119, 209, 123, 125, 210, 124, 123, 211, 158, 124, 212, 157, 158, 213, 155, 157, 214, 156, 155, 215, 160, 156, 216, 161, 160, 217, 173, 161, 218, 172, 173, 219, 169, 172, 220, 167, 169, 221, 168, 167, 222, 171, 168, 223, 170, 171, 224, 146, 170, 225, 144, 146, 226, 145, 144, 227, 154, 145, 228, 143, 154, 229, 141, 143, 230, 142, 141, 231, 231, 174, 142, 230, 231, 141, 229, 230, 143, 228, 229, 154, 227, 228, 145, 226, 227, 144, 225, 226, 146, 224, 225, 170, 223, 224, 171, 222, 223, 168, 221, 222, 167, 220, 221, 169, 219, 220, 172, 218, 219, 173, 217, 218, 161, 216, 217, 160, 215, 216, 156, 214, 215, 155, 213, 214, 157, 212, 213, 158, 211, 212, 124, 210, 211, 123, 209, 210, 125, 208, 209, 119, 207, 208, 117, 206, 207, 116, 205, 206, 118, 204, 205, 126, 203, 204, 121, 202, 203, 120, 201, 202, 122, 200, 201, 132, 199, 200, 133, 198, 199, 147, 197, 198, 148, 196, 197, 149, 195, 196, 150, 194, 195, 135, 193, 194, 134, 192, 193, 136, 191, 192, 137, 190, 191, 127, 189, 190, 128, 188, 189, 130, 187, 188, 129, 186, 187, 131, 185, 186, 138, 184, 185, 139, 183, 184, 140, 182, 183, 151, 181, 182, 159, 180, 181, 162, 179, 180, 163, 178, 179, 165, 177, 178, 164, 176, 177, 166, 175, 176, 152, 174, 175, 153, 232, 233, 204, 233, 234, 205, 234, 235, 206, 235, 236, 207, 236, 237, 208, 237, 238, 209, 238, 239, 210, 239, 240, 211, 240, 241, 212, 241, 242, 213, 242, 243, 214, 243, 244, 215, 244, 245, 216, 245, 246, 217, 246, 247, 218, 247, 248, 219, 248, 249, 220, 249, 250, 221, 250, 251, 222, 251, 252, 223, 252, 253, 224, 253, 254, 225, 254, 255, 226, 255, 256, 227, 256, 257, 228, 257, 258, 229, 258, 259, 230, 259, 260, 231, 260, 261, 174, 261, 262, 175, 262, 263, 176, 263, 264, 177, 264, 265, 178, 265, 266, 179, 266, 267, 180, 267, 268, 181, 268, 269, 182, 269, 270, 183, 270, 271, 184, 271, 272, 185, 272, 273, 186, 273, 274, 187, 274, 275, 188, 275, 276, 189, 276, 277, 190, 277, 278, 191, 278, 279, 192, 279, 280, 193, 280, 281, 194, 281, 282, 195, 282, 283, 196, 283, 284, 197, 284, 285, 198, 285, 286, 199, 286, 287, 200, 287, 288, 201, 288, 289, 202, 289, 232, 203, 203, 202, 289, 202, 201, 288, 201, 200, 287, 200, 199, 286, 199, 198, 285, 198, 197, 284, 197, 196, 283, 196, 195, 282, 195, 194, 281, 194, 193, 280, 193, 192, 279, 192, 191, 278, 191, 190, 277, 190, 189, 276, 189, 188, 275, 188, 187, 274, 187, 186, 273, 186, 185, 272, 185, 184, 271, 184, 183, 270, 183, 182, 269, 182, 181, 268, 181, 180, 267, 180, 179, 266, 179, 178, 265, 178, 177, 264, 177, 176, 263, 176, 175, 262, 175, 174, 261, 174, 231, 260, 231, 230, 259, 230, 229, 258, 229, 228, 257, 228, 227, 256, 227, 226, 255, 226, 225, 254, 225, 224, 253, 224, 223, 252, 223, 222, 251, 222, 221, 250, 221, 220, 249, 220, 219, 248, 219, 218, 247, 218, 217, 246, 217, 216, 245, 216, 215, 244, 215, 214, 243, 214, 213, 242, 213, 212, 241, 212, 211, 240, 211, 210, 239, 210, 209, 238, 209, 208, 237, 208, 207, 236, 207, 206, 235, 206, 205, 234, 205, 204, 233, 204, 203, 232, 87, 89, 290, 99, 291, 292, 101, 293, 291, 290, 294, 87, 103, 295, 296, 291, 99, 101, 89, 297, 290, 75, 77, 298, 13, 299, 300, 103, 301, 295, 101, 302, 293, 93, 95, 303, 89, 304, 297, 77, 305, 298, 61, 63, 306, 13, 307, 299, 11, 308, 309, 11, 310, 311, 101, 312, 313, 103, 314, 301, 99, 315, 316, 99, 317, 318, 292, 319, 99, 97, 320, 321, 97, 322, 323, 303, 324, 93, 294, 325, 87, 83, 326, 327, 77, 328, 305, 67, 329, 330, 69, 331, 329, 306, 332, 61, 41, 333, 334, 43, 335, 333, 13, 336, 307, 9, 337, 338, 11, 339, 337, 11, 340, 308, 11, 341, 310, 5, 342, 343, 3, 5, 344, 115, 345, 346, 107, 109, 347, 313, 348, 101, 101, 296, 349, 103, 350, 314, 103, 351, 352, 318, 315, 99, 319, 353, 99, 101, 354, 355, 323, 320, 97, 93, 356, 357, 95, 358, 303, 95, 359, 360, 95, 361, 362, 87, 363, 364, 325, 365, 87, 89, 366, 367, 327, 81, 83, 81, 368, 369, 77, 370, 328, 329, 67, 69, 61, 371, 372, 63, 373, 306, 63, 374, 375, 57, 376, 377, 49, 51, 378, 333, 41, 43, 25, 379, 380, 15, 381, 382, 15, 17, 383, 11, 300, 384, 13, 385, 336, 9, 386, 387, 9, 388, 389, 337, 9, 11, 11, 390, 391, 311, 340, 11, 5, 392, 393, 343, 394, 5, 3, 395, 396, 344, 397, 3, 346, 113, 115, 109, 398, 347, 107, 399, 400, 349, 312, 101, 352, 350, 103, 103, 401, 402, 99, 403, 317, 99, 404, 405, 101, 406, 302, 355, 407, 101, 95, 408, 409, 321, 95, 97, 93, 410, 356, 95, 411, 358, 360, 412, 95, 362, 413, 95, 95, 414, 415, 95, 416, 417, 87, 418, 419, 87, 420, 363, 367, 304, 89, 89, 421, 422, 89, 423, 424, 83, 425, 326, 83, 426, 427, 369, 428, 81, 75, 429, 430, 298, 431, 75, 77, 432, 433, 73, 434, 435, 73, 75, 436, 67, 437, 438, 69, 439, 331, 61, 440, 371, 61, 441, 442, 63, 443, 373, 63, 444, 445, 375, 446, 63, 377, 55, 57, 51, 447, 378, 45, 448, 449, 43, 450, 335, 380, 23, 25, 383, 381, 15, 11, 451, 452, 300, 11, 13, 13, 453, 454, 9, 455, 456, 9, 457, 458, 9, 459, 386, 389, 460, 9, 11, 461, 339, 309, 390, 11, 11, 462, 463, 9, 464, 465, 9, 466, 467, 5, 468, 392, 394, 469, 5, 7, 470, 471, 3, 472, 473, 3, 474, 475, 3, 476, 477, 396, 478, 3, 5, 479, 344, 115, 480, 345, 109, 481, 398, 107, 482, 483, 107, 484, 485, 400, 486, 107, 296, 101, 103, 103, 487, 401, 405, 403, 99, 407, 406, 101, 101, 488, 489, 101, 490, 491, 409, 492, 95, 95, 493, 494, 97, 495, 322, 93, 496, 497, 93, 498, 499, 93, 500, 410, 324, 501, 93, 413, 359, 95, 417, 414, 95, 502, 89, 503, 419, 504, 87, 365, 420, 87, 424, 421, 89, 89, 505, 506, 89, 507, 508, 87, 509, 510, 87, 511, 512, 513, 514, 515, 83, 516, 425, 83, 517, 518, 83, 519, 520, 427, 521, 83, 83, 522, 523, 79, 524, 525, 79, 81, 526, 428, 527, 81, 431, 429, 75, 433, 528, 77, 77, 529, 530, 436, 434, 73, 75, 531, 532, 330, 437, 67, 63, 533, 534, 442, 440, 61, 61, 535, 536, 445, 443, 63, 63, 537, 374, 55, 538, 539, 57, 540, 376, 49, 541, 542, 49, 543, 544, 51, 545, 447, 47, 546, 547, 45, 548, 448, 334, 549, 41, 35, 37, 550, 25, 551, 379, 17, 552, 383, 17, 553, 554, 17, 555, 556, 11, 557, 558, 384, 451, 11, 13, 559, 560, 454, 561, 13, 458, 455, 9, 460, 459, 9, 338, 562, 9, 463, 341, 11, 11, 563, 564, 467, 464, 9, 9, 565, 566, 9, 567, 568, 469, 468, 5, 5, 7, 569, 7, 570, 470, 475, 472, 3, 478, 476, 3, 5, 571, 479, 5, 572, 573, 115, 574, 480, 115, 575, 576, 107, 577, 578, 107, 579, 580, 109, 581, 481, 109, 582, 583, 105, 584, 585, 105, 107, 586, 107, 587, 482, 486, 484, 107, 101, 588, 589, 101, 590, 591, 402, 351, 103, 103, 592, 593, 103, 594, 595, 99, 596, 597, 353, 404, 99, 491, 488, 101, 101, 598, 599, 101, 600, 601, 99, 602, 603, 602, 604, 605, 606, 607, 608, 95, 609, 610, 494, 408, 95, 97, 611, 495, 97, 612, 613, 93, 614, 615, 499, 496, 93, 501, 500, 93, 415, 361, 95, 95, 616, 617, 91, 93, 618, 89, 619, 503, 89, 620, 621, 504, 622, 87, 87, 623, 624, 422, 366, 89, 508, 505, 89, 89, 625, 626, 85, 627, 628, 87, 629, 627, 87, 630, 631, 512, 509, 87, 515, 87, 513, 518, 516, 83, 521, 519, 83, 523, 632, 83, 526, 524, 79, 368, 633, 369, 528, 370, 77, 77, 634, 529, 73, 635, 636, 75, 637, 436, 531, 638, 532, 69, 639, 640, 71, 641, 642, 67, 643, 644, 67, 645, 646, 438, 647, 67, 69, 648, 649, 69, 650, 651, 69, 652, 653, 67, 654, 655, 63, 656, 657, 63, 658, 659, 63, 660, 533, 65, 661, 662, 61, 663, 441, 61, 664, 535, 446, 444, 63, 63, 665, 666, 55, 667, 668, 539, 669, 55, 57, 670, 540, 53, 671, 672, 55, 673, 674, 49, 675, 676, 542, 677, 49, 49, 678, 543, 51, 679, 545, 47, 680, 681, 47, 682, 546, 47, 683, 684, 47, 49, 685, 49, 686, 687, 45, 688, 548, 41, 689, 690, 43, 691, 450, 43, 692, 693, 550, 694, 35, 23, 695, 696, 25, 697, 551, 25, 698, 699, 23, 700, 701, 17, 702, 703, 17, 19, 704, 19, 705, 706, 15, 707, 708, 15, 709, 710, 17, 711, 552, 17, 712, 713, 554, 714, 17, 556, 715, 17, 11, 716, 557, 452, 717, 11, 561, 559, 13, 387, 457, 9, 391, 461, 11, 11, 718, 563, 566, 466, 9, 9, 719, 567, 9, 720, 721, 720, 722, 723, 722, 720, 724, 569, 342, 5, 7, 465, 570, 3, 725, 726, 477, 474, 3, 5, 727, 571, 5, 728, 729, 573, 730, 5, 5, 731, 732, 115, 733, 734, 113, 735, 736, 113, 737, 738, 113, 739, 740, 115, 741, 574, 115, 742, 743, 115, 744, 575, 111, 745, 746, 113, 747, 748, 109, 111, 749, 107, 750, 751, 107, 752, 577, 580, 753, 107, 109, 754, 581, 583, 755, 109, 109, 756, 757, 586, 584, 105, 485, 587, 107, 758, 759, 760, 761, 759, 762, 763, 103, 764, 103, 105, 765, 589, 766, 101, 591, 767, 101, 348, 768, 101, 595, 592, 103, 316, 596, 99, 599, 490, 101, 101, 766, 600, 99, 769, 612, 99, 770, 771, 605, 603, 602, 608, 772, 606, 602, 607, 773, 774, 775, 776, 610, 774, 95, 95, 777, 493, 95, 778, 779, 613, 611, 97, 93, 780, 781, 497, 614, 93, 412, 411, 95, 95, 774, 616, 618, 782, 91, 621, 619, 89, 89, 783, 784, 89, 785, 786, 89, 91, 787, 87, 788, 789, 624, 418, 87, 506, 423, 89, 89, 502, 625, 627, 85, 87, 510, 630, 87, 515, 790, 87, 513, 791, 792, 83, 793, 794, 81, 795, 796, 81, 797, 798, 81, 799, 800, 81, 801, 802, 327, 803, 81, 632, 426, 83, 81, 804, 526, 81, 805, 806, 527, 807, 81, 77, 808, 809, 530, 432, 77, 73, 810, 635, 73, 811, 812, 435, 813, 73, 75, 814, 815, 75, 816, 817, 75, 818, 819, 532, 820, 75, 69, 821, 822, 640, 823, 69, 71, 824, 641, 644, 825, 67, 646, 826, 67, 69, 827, 439, 651, 648, 69, 653, 828, 69, 69, 829, 830, 67, 831, 832, 67, 833, 654, 63, 834, 835, 63, 836, 656, 534, 658, 63, 65, 837, 661, 61, 838, 839, 536, 663, 61, 666, 537, 63, 63, 840, 841, 63, 842, 843, 59, 844, 845, 61, 846, 844, 61, 847, 848, 669, 667, 55, 55, 849, 850, 377, 851, 55, 57, 852, 853, 57, 854, 855, 57, 856, 857, 53, 858, 671, 55, 859, 858, 674, 860, 55, 51, 861, 862, 677, 675, 49, 544, 863, 49, 49, 864, 865, 51, 866, 679, 47, 867, 868, 547, 680, 47, 685, 683, 47, 49, 869, 870, 687, 871, 49, 43, 872, 873, 43, 874, 875, 45, 876, 688, 41, 877, 689, 41, 878, 879, 41, 880, 881, 549, 882, 41, 43, 883, 692, 37, 884, 550, 23, 885, 886, 696, 887, 23, 380, 888, 23, 699, 889, 25, 21, 890, 891, 21, 23, 892, 23, 893, 894, 700, 895, 701, 17, 896, 702, 17, 897, 898, 19, 899, 704, 19, 900, 705, 19, 901, 902, 15, 903, 904, 15, 905, 906, 710, 707, 15, 15, 907, 908, 17, 909, 711, 714, 712, 17, 555, 910, 556, 11, 911, 716, 11, 912, 913, 560, 385, 13, 9, 914, 915, 562, 388, 9, 564, 916, 11, 568, 565, 9, 720, 917, 721, 724, 918, 722, 919, 920, 921, 5, 922, 923, 471, 569, 7, 473, 725, 3, 729, 727, 5, 5, 924, 925, 732, 572, 5, 5, 926, 927, 3, 928, 929, 3, 930, 931, 3, 932, 933, 3, 934, 935, 3, 936, 937, 938, 939, 936, 940, 115, 941, 115, 942, 733, 113, 943, 735, 113, 944, 737, 113, 945, 739, 346, 946, 113, 743, 947, 115, 576, 948, 115, 115, 949, 950, 111, 951, 745, 113, 952, 951, 113, 953, 954, 748, 955, 113, 749, 956, 109, 107, 957, 750, 753, 752, 107, 109, 958, 754, 757, 582, 109, 109, 959, 960, 107, 961, 586, 483, 962, 107, 760, 963, 758, 763, 964, 761, 765, 764, 103, 766, 965, 966, 767, 588, 101, 593, 487, 103, 489, 354, 101, 601, 967, 101, 99, 968, 769, 603, 770, 99, 773, 969, 602, 776, 970, 774, 492, 609, 95, 321, 778, 95, 93, 971, 780, 357, 498, 93, 617, 972, 95, 93, 973, 618, 93, 974, 975, 93, 976, 977, 93, 978, 979, 502, 980, 981, 784, 620, 89, 786, 982, 89, 787, 983, 89, 91, 984, 985, 87, 986, 788, 364, 623, 87, 626, 987, 89, 87, 988, 629, 790, 511, 87, 513, 989, 791, 990, 83, 991, 83, 992, 993, 83, 994, 793, 83, 995, 996, 85, 997, 995, 798, 795, 81, 802, 799, 81, 81, 998, 999, 520, 517, 83, 83, 1000, 1001, 525, 1002, 79, 81, 1003, 1004, 807, 805, 81, 1005, 1006, 1007, 77, 1008, 808, 77, 1009, 1010, 75, 1011, 1012, 75, 1013, 1014, 430, 1015, 75, 77, 1016, 1017, 77, 1018, 1019, 73, 1020, 1021, 812, 810, 73, 815, 637, 75, 75, 1022, 816, 820, 818, 75, 69, 1023, 821, 69, 1024, 639, 69, 1025, 1026, 71, 1027, 824, 71, 1028, 1029, 826, 643, 67, 67, 1030, 1031, 649, 827, 69, 830, 652, 69, 69, 1032, 1033, 655, 831, 67, 67, 1034, 1035, 1036, 1037, 1038, 835, 1036, 63, 659, 836, 63, 63, 65, 1039, 65, 832, 837, 61, 1040, 1041, 372, 838, 61, 841, 665, 63, 63, 1036, 842, 844, 59, 61, 61, 1042, 1043, 848, 1044, 61, 1045, 1046, 1047, 57, 1048, 1049, 57, 1050, 1051, 57, 59, 1052, 55, 1053, 538, 850, 1054, 55, 57, 1055, 670, 853, 1056, 57, 857, 854, 57, 858, 53, 55, 860, 1057, 55, 51, 1058, 1059, 862, 1060, 51, 51, 53, 1061, 863, 541, 49, 378, 864, 49, 51, 1062, 1063, 51, 1064, 1065, 51, 1066, 1067, 681, 867, 47, 49, 1068, 685, 871, 869, 49, 43, 1069, 1070, 43, 1071, 1072, 875, 872, 43, 449, 43, 45, 45, 1073, 1074, 879, 877, 41, 41, 1075, 1076, 882, 880, 41, 43, 1077, 883, 37, 1078, 1079, 39, 1080, 1081, 35, 1082, 1083, 35, 1084, 1085, 37, 1086, 884, 37, 1087, 1088, 29, 31, 1089, 887, 885, 23, 889, 697, 25, 21, 1090, 1091, 892, 890, 21, 23, 1092, 1093, 701, 893, 23, 17, 1094, 1095, 898, 896, 17, 19, 1096, 899, 19, 1097, 1098, 902, 900, 19, 904, 1099, 15, 708, 905, 15, 382, 907, 15, 715, 553, 17, 555, 1100, 1101, 15, 1102, 1103, 1104, 1105, 1102, 1106, 1107, 1108, 1109, 1107, 1110, 718, 1111, 1112, 913, 911, 11, 13, 1103, 453, 915, 720, 9, 916, 462, 11, 721, 719, 9, 723, 1113, 720, 921, 1114, 919, 923, 919, 5, 393, 1115, 5, 3, 1116, 1117, 397, 395, 3, 730, 924, 5, 5, 919, 926, 929, 0, 3, 3, 1118, 930, 935, 932, 3, 936, 3, 938, 938, 1119, 1120, 115, 1121, 941, 734, 1122, 115, 115, 1123, 1124, 115, 1125, 1126, 738, 943, 113, 740, 1127, 113, 947, 741, 115, 950, 744, 115, 115, 1128, 1129, 951, 111, 113, 955, 953, 113, 113, 1130, 1131, 113, 1132, 1133, 109, 1134, 1135, 109, 1136, 1137, 956, 1138, 109, 578, 957, 107, 107, 1139, 1140, 755, 958, 109, 960, 1141, 109, 105, 1142, 1143, 105, 1144, 1145, 107, 1146, 961, 399, 1147, 400, 762, 763, 761, 764, 1148, 763, 966, 1149, 766, 768, 590, 101, 103, 763, 1150, 99, 1151, 1152, 967, 598, 101, 771, 968, 99, 606, 773, 607, 774, 1153, 775, 779, 777, 95, 781, 1154, 93, 972, 416, 95, 93, 1155, 973, 977, 974, 93, 979, 1156, 93, 1154, 1157, 978, 1154, 1158, 1159, 981, 1160, 502, 982, 783, 89, 985, 787, 91, 789, 513, 87, 987, 507, 89, 631, 988, 87, 792, 1161, 513, 990, 1162, 1163, 83, 1164, 991, 794, 992, 83, 996, 1165, 83, 85, 1166, 997, 81, 1167, 1168, 800, 797, 81, 803, 998, 81, 83, 990, 1000, 79, 1169, 1170, 81, 1171, 804, 806, 1003, 81, 368, 1172, 1173, 1007, 1174, 1005, 1175, 1176, 1177, 1010, 1008, 77, 77, 79, 1178, 1012, 1179, 75, 75, 1180, 1181, 1015, 1013, 75, 1019, 1016, 77, 1021, 1182, 73, 73, 1183, 1184, 813, 811, 73, 819, 1022, 75, 531, 1185, 1186, 1187, 1188, 1189, 1190, 1188, 1191, 822, 1192, 69, 1026, 1024, 69, 69, 642, 1193, 71, 1194, 1027, 1029, 1195, 71, 1031, 645, 67, 828, 650, 69, 69, 1192, 1032, 67, 1196, 833, 67, 1197, 1198, 1035, 1199, 67, 1034, 1200, 1201, 1200, 1034, 1202, 1038, 1203, 1036, 657, 834, 63, 662, 1039, 65, 61, 1204, 1040, 332, 664, 61, 843, 1205, 63, 1043, 846, 61, 1044, 1206, 61, 61, 1207, 1208, 1047, 61, 1045, 1045, 1209, 1210, 57, 1211, 1212, 1051, 1048, 57, 59, 1213, 1052, 1054, 1053, 55, 851, 1214, 55, 57, 1215, 1216, 855, 852, 57, 57, 1217, 1218, 55, 1219, 859, 55, 1220, 1221, 673, 1222, 674, 51, 1223, 1224, 1060, 1058, 51, 1061, 1225, 51, 865, 678, 49, 1065, 1062, 51, 51, 1226, 1227, 1067, 1228, 51, 684, 682, 47, 49, 1229, 686, 1070, 1230, 43, 1072, 1231, 43, 43, 1232, 874, 1074, 876, 45, 45, 1233, 1234, 45, 1235, 1236, 45, 1237, 1238, 1076, 878, 41, 693, 691, 43, 43, 1239, 1240, 1079, 1241, 37, 37, 1242, 1243, 37, 1244, 1245, 39, 1246, 1080, 35, 1247, 1248, 1085, 1082, 35, 694, 1249, 35, 37, 1250, 1087, 37, 1251, 1252, 31, 1253, 1089, 25, 1254, 1255, 27, 1256, 1257, 886, 1258, 23, 23, 1259, 1260, 25, 1261, 698, 25, 1262, 1263, 25, 1264, 1265, 25, 1266, 1267, 21, 1268, 1090, 23, 1269, 892, 894, 1092, 23, 1270, 1271, 1272, 19, 1273, 1274, 19, 1275, 1276, 703, 1094, 17, 17, 1277, 1278, 19, 1279, 1096, 706, 1097, 19, 19, 1280, 1281, 906, 903, 15, 713, 909, 17, 555, 1282, 1100, 1102, 15, 1104, 1108, 1283, 1106, 1284, 1104, 1109, 1112, 1285, 718, 717, 912, 11, 456, 914, 9, 1113, 917, 720, 919, 1286, 920, 1115, 922, 5, 3, 1287, 1116, 925, 728, 5, 927, 1288, 5, 931, 928, 3, 937, 934, 3, 938, 1289, 1119, 940, 1290, 1291, 1122, 1121, 115, 1126, 1123, 115, 115, 0, 1292, 0, 1293, 1294, 113, 1295, 1296, 1127, 944, 113, 948, 742, 115, 115, 940, 1128, 746, 1297, 111, 1131, 747, 113, 1132, 1298, 1133, 1132, 1299, 1300, 1301, 1302, 1303, 1301, 1304, 1305, 109, 1306, 1307, 1137, 1134, 109, 1138, 1308, 109, 107, 1309, 1310, 1140, 579, 107, 1141, 756, 109, 109, 1301, 1311, 105, 1312, 1142, 105, 1313, 1144, 962, 1146, 107, 399, 1314, 1315, 763, 1316, 964, 1148, 1317, 763, 766, 1318, 965, 1150, 594, 103, 597, 1151, 99, 969, 604, 602, 610, 1153, 774, 615, 971, 93, 975, 1155, 93, 978, 93, 1154, 1154, 1319, 1158, 502, 1320, 980, 983, 785, 89, 622, 986, 87, 1161, 514, 513, 1163, 1321, 990, 993, 1164, 83, 995, 83, 85, 81, 1322, 1167, 999, 801, 81, 1001, 1323, 83, 1170, 1324, 79, 1004, 1171, 81, 368, 1325, 1172, 1177, 1006, 1175, 1175, 809, 1326, 1178, 1009, 77, 75, 1327, 1328, 1181, 1011, 75, 1017, 634, 77, 1184, 1020, 73, 817, 814, 75, 531, 1329, 1185, 73, 1330, 1331, 1332, 1333, 1330, 1189, 1334, 1187, 1335, 1332, 1190, 1192, 1336, 1337, 823, 1023, 69, 642, 69, 71, 71, 1338, 1028, 71, 1331, 1339, 67, 1340, 1341, 647, 1030, 67, 1033, 1342, 69, 1198, 1196, 67, 1034, 1343, 1035, 1202, 1344, 1200, 1036, 1345, 1037, 1039, 660, 63, 1041, 1045, 61, 1205, 840, 63, 1206, 1042, 61, 1047, 1207, 61, 1045, 1346, 1209, 1347, 1348, 1349, 1347, 57, 1350, 57, 1351, 1352, 57, 1353, 1211, 1052, 1050, 57, 55, 1354, 1355, 1214, 849, 55, 1056, 1215, 57, 57, 1347, 1217, 55, 1356, 1219, 55, 1357, 1358, 1057, 1220, 55, 673, 1359, 1360, 1361, 1362, 1363, 1361, 1364, 1365, 51, 1366, 1223, 1225, 861, 51, 49, 1367, 1368, 1063, 866, 51, 1228, 1226, 51, 51, 1361, 1369, 870, 1068, 49, 49, 1370, 1371, 49, 1372, 1373, 1372, 1374, 1375, 1376, 1377, 1378, 1379, 1377, 1380, 1381, 45, 1382, 1231, 1069, 43, 449, 1232, 43, 1236, 1233, 45, 1238, 1383, 45, 881, 1075, 41, 1240, 1384, 43, 43, 1385, 1386, 37, 1387, 1078, 37, 1388, 1389, 37, 1390, 1242, 37, 1081, 1244, 39, 1391, 1246, 1083, 1247, 35, 35, 1392, 1393, 37, 1394, 1086, 37, 1395, 1396, 1252, 1250, 37, 37, 1397, 1398, 1089, 1399, 29, 31, 1400, 1401, 31, 1402, 1403, 1404, 25, 1405, 25, 1406, 1407, 1255, 1408, 25, 27, 1409, 1256, 1260, 695, 23, 23, 1410, 1411, 1263, 1261, 25, 1267, 1264, 25, 25, 1412, 1413, 1091, 1414, 21, 23, 1415, 1269, 23, 1416, 1417, 1093, 1418, 23, 700, 1419, 1420, 1421, 1422, 1423, 1270, 1423, 1271, 1274, 1421, 19, 1276, 1424, 19, 19, 21, 1425, 1095, 1426, 17, 1278, 1427, 17, 19, 1428, 1279, 1281, 901, 19, 908, 709, 15, 1101, 1429, 555, 1104, 1430, 1105, 1110, 1284, 1109, 718, 1431, 1111, 558, 718, 11, 465, 7, 9, 923, 1286, 919, 1117, 938, 3, 1288, 731, 5, 933, 1118, 3, 1120, 1432, 938, 1291, 1433, 940, 1124, 942, 115, 1294, 1292, 0, 113, 1434, 1295, 946, 945, 113, 1129, 1435, 115, 113, 1436, 952, 1133, 1130, 113, 1132, 1437, 1299, 1305, 1302, 1301, 1307, 1301, 109, 1308, 1136, 109, 107, 1438, 1309, 347, 1139, 107, 1311, 1439, 109, 1143, 1440, 105, 585, 1313, 105, 399, 1441, 1314, 1317, 1316, 763, 589, 1318, 766, 612, 97, 99, 780, 1442, 781, 1156, 976, 93, 1159, 1443, 1154, 503, 1320, 502, 628, 1166, 85, 990, 1444, 1162, 1165, 994, 83, 1168, 368, 81, 1323, 522, 83, 1002, 1169, 79, 1173, 1445, 368, 1175, 1446, 1176, 809, 1175, 77, 75, 1447, 1327, 1014, 1180, 75, 77, 1175, 1448, 636, 1183, 73, 1186, 1449, 531, 1330, 73, 1332, 1332, 1450, 1451, 1191, 1335, 1190, 1337, 1452, 1192, 1193, 1025, 69, 1339, 1338, 71, 1341, 1034, 67, 1342, 829, 69, 1199, 1197, 67, 1201, 1453, 1034, 835, 1345, 1036, 839, 1204, 61, 1208, 847, 61, 1210, 1454, 1045, 1349, 1455, 1347, 1352, 1350, 57, 1049, 1353, 57, 55, 1456, 1354, 1216, 1055, 57, 1218, 1457, 57, 672, 1458, 53, 1221, 1357, 55, 673, 1459, 1359, 1365, 1362, 1361, 1059, 1366, 51, 49, 1460, 1367, 1227, 1064, 51, 1369, 1461, 51, 1371, 1229, 49, 1372, 1462, 1373, 1372, 1463, 1374, 1378, 1464, 1376, 1381, 1465, 1379, 1382, 1466, 1381, 45, 47, 1467, 1230, 1468, 1469, 873, 1071, 43, 1383, 1235, 45, 1384, 1077, 43, 43, 1470, 1471, 43, 1230, 1385, 41, 1472, 1473, 1389, 1387, 37, 1245, 1390, 37, 39, 1474, 1391, 1393, 1084, 35, 35, 1475, 1476, 1396, 1394, 37, 1398, 1251, 37, 37, 1477, 1478, 29, 1479, 1480, 29, 1481, 1482, 1399, 1483, 29, 1401, 1484, 31, 1403, 1485, 31, 31, 1486, 1487, 31, 1488, 1489, 27, 1490, 1491, 29, 1492, 1490, 1404, 1493, 1494, 25, 1495, 1405, 1408, 1406, 25, 25, 1496, 1497, 1257, 25, 27, 23, 1498, 1499, 1411, 1259, 23, 1265, 1262, 25, 25, 1404, 1412, 891, 1268, 21, 1418, 1416, 23, 700, 1500, 1419, 1272, 1501, 1270, 1274, 1502, 1421, 1425, 1275, 19, 17, 1503, 1504, 1427, 897, 17, 1098, 1428, 19, 1429, 910, 555, 1104, 1505, 1430, 1106, 1110, 1107, 558, 1431, 718, 1114, 1506, 919, 726, 1287, 3, 1432, 939, 938, 940, 1507, 1290, 1292, 1125, 115, 1296, 1132, 113, 1435, 949, 115, 954, 1436, 113, 1300, 1508, 1132, 1301, 1509, 1304, 1135, 1306, 109, 1310, 399, 107, 1439, 959, 109, 1145, 1312, 105, 1315, 1510, 399, 1149, 1511, 766, 970, 1512, 774, 1443, 1157, 1154, 788, 1513, 789, 991, 1444, 990, 796, 1322, 81, 1445, 633, 368, 1326, 1446, 1175, 1328, 531, 75, 1448, 1018, 77, 1449, 638, 531, 1451, 1333, 1332, 1187, 1191, 1188, 1192, 1514, 1336, 1195, 1194, 71, 825, 1340, 67, 1453, 1343, 1034, 1040, 1515, 1041, 1454, 1046, 1045, 1347, 1516, 1348, 1212, 1351, 57, 1355, 673, 55, 1457, 856, 57, 1358, 1356, 55, 1360, 1517, 673, 1361, 1518, 1364, 1224, 1361, 51, 1368, 1372, 49, 1461, 1066, 51, 1373, 1370, 49, 1375, 1519, 1372, 1380, 1381, 1379, 1467, 1382, 45, 1469, 1520, 1230, 1234, 1073, 45, 45, 1381, 1521, 1471, 1239, 43, 1386, 1522, 43, 41, 1523, 1472, 41, 1524, 1525, 1526, 1527, 1528, 1241, 1529, 1530, 1243, 1388, 37, 39, 1531, 1474, 35, 1532, 1533, 1476, 1392, 35, 1088, 1395, 37, 37, 1241, 1477, 29, 1534, 1535, 29, 1536, 1537, 1482, 1479, 29, 1483, 1538, 29, 1485, 1400, 31, 1489, 1486, 31, 1490, 27, 29, 1539, 1540, 1541, 1494, 1542, 1404, 1407, 1495, 25, 1257, 1496, 25, 23, 1543, 1498, 888, 1410, 23, 1413, 1544, 25, 1417, 1415, 23, 1420, 1545, 700, 1421, 1546, 1422, 1424, 1273, 19, 17, 1547, 1503, 704, 1277, 17, 19, 1421, 1548, 1099, 1549, 15, 1284, 1505, 1104, 915, 1550, 720, 929, 1293, 0, 941, 1507, 940, 736, 1434, 113, 1508, 1298, 1132, 1307, 1509, 1301, 751, 1438, 107, 1510, 1147, 399, 1152, 602, 99, 1160, 1551, 502, 1167, 1552, 1168, 1005, 1175, 1006, 1179, 1447, 75, 1182, 1553, 73, 1335, 1450, 1332, 822, 1514, 1192, 832, 65, 67, 845, 1213, 59, 1350, 1516, 1347, 668, 1456, 55, 1517, 1222, 673, 1224, 1518, 1361, 676, 1460, 49, 1519, 1462, 1372, 1381, 1554, 1465, 1466, 1555, 1381, 1230, 1556, 1468, 1521, 1237, 45, 41, 1557, 1558, 1522, 1470, 43, 41, 1559, 1523, 1525, 1560, 41, 1528, 1561, 1526, 1524, 1527, 1562, 1530, 1563, 1241, 1081, 37, 39, 39, 1473, 1564, 35, 1565, 1532, 1249, 1475, 35, 1478, 1566, 37, 31, 1567, 1568, 31, 1569, 1570, 1537, 1534, 29, 29, 1571, 1481, 31, 1572, 1253, 1487, 1402, 31, 31, 1573, 1574, 29, 1575, 1492, 29, 1576, 1577, 29, 1578, 1579, 1541, 29, 1539, 1404, 1580, 1493, 1497, 1254, 25, 1499, 700, 23, 1544, 1266, 25, 1545, 895, 700, 1502, 1546, 1421, 1504, 555, 17, 1548, 1280, 19, 1103, 13, 15, 1116, 1581, 1117, 1295, 1582, 1296, 1303, 1583, 1301, 1440, 765, 105, 782, 984, 91, 1324, 1178, 79, 1553, 1332, 73, 1452, 1584, 1192, 1203, 1585, 1036, 1354, 1586, 1355, 1363, 1587, 1361, 868, 1467, 47, 1555, 1554, 1381, 1070, 1556, 1230, 690, 1557, 41, 1560, 1559, 41, 1524, 1588, 1589, 1562, 1590, 1524, 1241, 1591, 1529, 1564, 1531, 39, 1533, 1592, 35, 1566, 1397, 37, 35, 1593, 1594, 35, 1595, 1596, 31, 1597, 1598, 1570, 1567, 31, 29, 1599, 1600, 1480, 1536, 29, 1484, 1572, 31, 31, 1601, 1573, 1577, 1575, 29, 29, 1602, 1603, 1541, 1578, 29, 1539, 1604, 1605, 1405, 1580, 1404, 1258, 1543, 23, 1423, 1270, 1421, 1426, 1547, 17, 1285, 1606, 718, 1297, 749, 111, 758, 762, 759, 1327, 1607, 1328, 1341, 1608, 1034, 1458, 1061, 53, 1376, 1380, 1377, 1558, 1524, 41, 1589, 1525, 1524, 1526, 1562, 1527, 1079, 1591, 1241, 1248, 1565, 35, 33, 35, 1609, 1594, 1610, 35, 1596, 1611, 35, 1592, 1612, 1613, 31, 1614, 1597, 1568, 1615, 31, 31, 33, 1616, 29, 1617, 1599, 1538, 1571, 29, 1574, 1618, 31, 29, 1619, 1576, 1579, 1602, 29, 1539, 1620, 1604, 1498, 1621, 1499, 1503, 1622, 1504, 1433, 1623, 940, 1321, 1624, 990, 1455, 1625, 1347, 1520, 1626, 1230, 1590, 1588, 1524, 1532, 1627, 1533, 1609, 1628, 33, 1610, 1629, 35, 1611, 1630, 35, 1613, 35, 1592, 1592, 1631, 1632, 1601, 1633, 1634, 1601, 31, 1635, 1615, 1614, 31, 1616, 1636, 31, 33, 1637, 1638, 1600, 1539, 29, 1618, 1488, 31, 1603, 1619, 29, 1605, 1639, 1539, 1414, 1425, 21, 1309, 1640, 1310, 1367, 1641, 1368, 1563, 1642, 1241, 1629, 1609, 35, 1613, 1595, 35, 1592, 1643, 1631, 1634, 1644, 1601, 1598, 1635, 31, 1638, 1616, 33, 1535, 1617, 29, 1639, 1540, 1539, 1549, 1104, 15, 1473, 39, 41, 1630, 1593, 35, 1632, 1645, 1592, 1601, 1646, 1633, 1636, 1569, 31, 1491, 1409, 27, 1331, 71, 73, 1645, 1612, 1592, 1635, 1646, 1601, 1542, 1647, 1404, 1644, 1648, 1601, 1628, 1637, 33, 1599, 1649, 1600, 1650, 1399, 1089, 1089, 1651, 1650, 1652, 1651, 1089, 1653, 1652, 1253, 1654, 1653, 1572, 1655, 1654, 1484, 1656, 1655, 1401, 1657, 1656, 1400, 1658, 1657, 1485, 1659, 1658, 1403, 1660, 1659, 1402, 1661, 1660, 1487, 1662, 1661, 1486, 1663, 1662, 1489, 1664, 1663, 1488, 1488, 1618, 1664, 1489, 1488, 1663, 1486, 1489, 1662, 1487, 1486, 1661, 1402, 1487, 1660, 1403, 1402, 1659, 1485, 1403, 1658, 1400, 1485, 1657, 1401, 1400, 1656, 1484, 1401, 1655, 1572, 1484, 1654, 1253, 1572, 1653, 1089, 1253, 1652, 1665, 1666, 1599, 1667, 1665, 1617, 1668, 1667, 1535, 1669, 1668, 1534, 1670, 1669, 1537, 1671, 1670, 1536, 1672, 1671, 1480, 1673, 1672, 1479, 1674, 1673, 1482, 1675, 1674, 1481, 1676, 1675, 1571, 1677, 1676, 1538, 1650, 1677, 1483, 1483, 1399, 1650, 1538, 1483, 1677, 1571, 1538, 1676, 1481, 1571, 1675, 1482, 1481, 1674, 1479, 1482, 1673, 1480, 1479, 1672, 1536, 1480, 1671, 1537, 1536, 1670, 1534, 1537, 1669, 1535, 1534, 1668, 1617, 1535, 1667, 1599, 1617, 1665, 1678, 1638, 1637, 1637, 1679, 1678, 1680, 1679, 1637, 1681, 1680, 1628, 1682, 1681, 1609, 1683, 1682, 1629, 1684, 1683, 1610, 1685, 1684, 1594, 1686, 1685, 1593, 1687, 1686, 1630, 1688, 1687, 1611, 1689, 1688, 1596, 1690, 1689, 1595, 1691, 1690, 1613, 1692, 1691, 1612, 1612, 1645, 1692, 1613, 1612, 1691, 1595, 1613, 1690, 1596, 1595, 1689, 1611, 1596, 1688, 1630, 1611, 1687, 1593, 1630, 1686, 1594, 1593, 1685, 1610, 1594, 1684, 1629, 1610, 1683, 1609, 1629, 1682, 1628, 1609, 1681, 1637, 1628, 1680, 1693, 1694, 1633, 1695, 1693, 1646, 1696, 1695, 1635, 1697, 1696, 1598, 1698, 1697, 1597, 1699, 1698, 1614, 1700, 1699, 1615, 1701, 1700, 1568, 1702, 1701, 1567, 1703, 1702, 1570, 1704, 1703, 1569, 1705, 1704, 1636, 1678, 1705, 1616, 1616, 1638, 1678, 1636, 1616, 1705, 1569, 1636, 1704, 1570, 1569, 1703, 1567, 1570, 1702, 1568, 1567, 1701, 1615, 1568, 1700, 1614, 1615, 1699, 1597, 1614, 1698, 1598, 1597, 1697, 1635, 1598, 1696, 1646, 1635, 1695, 1633, 1646, 1693, 1706, 694, 550, 550, 1707, 1706, 1708, 1707, 550, 1709, 1708, 884, 1710, 1709, 1086, 1711, 1710, 1394, 1712, 1711, 1396, 1713, 1712, 1395, 1714, 1713, 1088, 1715, 1714, 1087, 1716, 1715, 1250, 1717, 1716, 1252, 1718, 1717, 1251, 1719, 1718, 1398, 1720, 1719, 1397, 1397, 1566, 1720, 1398, 1397, 1719, 1251, 1398, 1718, 1252, 1251, 1717, 1250, 1252, 1716, 1087, 1250, 1715, 1088, 1087, 1714, 1395, 1088, 1713, 1396, 1395, 1712, 1394, 1396, 1711, 1086, 1394, 1710, 884, 1086, 1709, 550, 884, 1708, 1721, 1722, 1532, 1723, 1721, 1565, 1724, 1723, 1248, 1725, 1724, 1247, 1726, 1725, 1083, 1727, 1726, 1082, 1728, 1727, 1085, 1729, 1728, 1084, 1730, 1729, 1393, 1731, 1730, 1392, 1732, 1731, 1476, 1733, 1732, 1475, 1706, 1733, 1249, 1249, 694, 1706, 1475, 1249, 1733, 1476, 1475, 1732, 1392, 1476, 1731, 1393, 1392, 1730, 1084, 1393, 1729, 1085, 1084, 1728, 1082, 1085, 1727, 1083, 1082, 1726, 1247, 1083, 1725, 1248, 1247, 1724, 1565, 1248, 1723, 1532, 1565, 1721, 1734, 1080, 1246, 1246, 1735, 1734, 1736, 1735, 1246, 1737, 1736, 1391, 1738, 1737, 1474, 1739, 1738, 1531, 1740, 1739, 1564, 1741, 1740, 1473, 1742, 1741, 1472, 1743, 1742, 1523, 1744, 1743, 1559, 1745, 1744, 1560, 1746, 1745, 1525, 1747, 1746, 1589, 1748, 1747, 1588, 1588, 1590, 1748, 1589, 1588, 1747, 1525, 1589, 1746, 1560, 1525, 1745, 1559, 1560, 1744, 1523, 1559, 1743, 1472, 1523, 1742, 1473, 1472, 1741, 1564, 1473, 1740, 1531, 1564, 1739, 1474, 1531, 1738, 1391, 1474, 1737, 1246, 1391, 1736, 1749, 1750, 1529, 1751, 1749, 1591, 1752, 1751, 1079, 1753, 1752, 1078, 1754, 1753, 1387, 1755, 1754, 1389, 1756, 1755, 1388, 1757, 1756, 1243, 1758, 1757, 1242, 1759, 1758, 1390, 1760, 1759, 1245, 1761, 1760, 1244, 1734, 1761, 1081, 1081, 1080, 1734, 1244, 1081, 1761, 1245, 1244, 1760, 1390, 1245, 1759, 1242, 1390, 1758, 1243, 1242, 1757, 1388, 1243, 1756, 1389, 1388, 1755, 1387, 1389, 1754, 1078, 1387, 1753, 1079, 1078, 1752, 1591, 1079, 1751, 1529, 1591, 1749, 1762, 378, 447, 447, 1763, 1762, 1764, 1763, 447, 1765, 1764, 545, 1766, 1765, 679, 1767, 1766, 866, 1768, 1767, 1063, 1769, 1768, 1062, 1770, 1769, 1065, 1771, 1770, 1064, 1772, 1771, 1227, 1773, 1772, 1226, 1774, 1773, 1228, 1775, 1774, 1067, 1776, 1775, 1066, 1066, 1461, 1776, 1067, 1066, 1775, 1228, 1067, 1774, 1226, 1228, 1773, 1227, 1226, 1772, 1064, 1227, 1771, 1065, 1064, 1770, 1062, 1065, 1769, 1063, 1062, 1768, 866, 1063, 1767, 679, 866, 1766, 545, 679, 1765, 447, 545, 1764, 1777, 1778, 1367, 1779, 1777, 1460, 1780, 1779, 676, 1781, 1780, 675, 1782, 1781, 677, 1783, 1782, 542, 1784, 1783, 541, 1785, 1784, 863, 1786, 1785, 544, 1787, 1786, 543, 1788, 1787, 678, 1789, 1788, 865, 1762, 1789, 864, 864, 378, 1762, 865, 864, 1789, 678, 865, 1788, 543, 678, 1787, 544, 543, 1786, 863, 544, 1785, 541, 863, 1784, 542, 541, 1783, 677, 542, 1782, 675, 677, 1781, 676, 675, 1780, 1460, 676, 1779, 1367, 1460, 1777, 1790, 684, 683, 683, 1791, 1790, 1792, 1791, 683, 1793, 1792, 685, 1794, 1793, 1068, 1795, 1794, 870, 1796, 1795, 869, 1797, 1796, 871, 1798, 1797, 687, 1799, 1798, 686, 1800, 1799, 1229, 1801, 1800, 1371, 1802, 1801, 1370, 1803, 1802, 1373, 1804, 1803, 1462, 1462, 1519, 1804, 1373, 1462, 1803, 1370, 1373, 1802, 1371, 1370, 1801, 1229, 1371, 1800, 686, 1229, 1799, 687, 686, 1798, 871, 687, 1797, 869, 871, 1796, 870, 869, 1795, 1068, 870, 1794, 685, 1068, 1793, 683, 685, 1792, 1805, 1806, 1465, 1807, 1805, 1554, 1808, 1807, 1555, 1809, 1808, 1466, 1810, 1809, 1382, 1811, 1810, 1467, 1812, 1811, 868, 1813, 1812, 867, 1814, 1813, 681, 1815, 1814, 680, 1816, 1815, 547, 1817, 1816, 546, 1790, 1817, 682, 682, 684, 1790, 546, 682, 1817, 547, 546, 1816, 680, 547, 1815, 681, 680, 1814, 867, 681, 1813, 868, 867, 1812, 1467, 868, 1811, 1382, 1467, 1810, 1466, 1382, 1809, 1555, 1466, 1808, 1554, 1555, 1807, 1465, 1554, 1805, 1818, 334, 333, 333, 1819, 1818, 1820, 1819, 333, 1821, 1820, 335, 1822, 1821, 450, 1823, 1822, 691, 1824, 1823, 693, 1825, 1824, 692, 1826, 1825, 883, 1827, 1826, 1077, 1828, 1827, 1384, 1829, 1828, 1240, 1830, 1829, 1239, 1831, 1830, 1471, 1832, 1831, 1470, 1470, 1522, 1832, 1471, 1470, 1831, 1239, 1471, 1830, 1240, 1239, 1829, 1384, 1240, 1828, 1077, 1384, 1827, 883, 1077, 1826, 692, 883, 1825, 693, 692, 1824, 691, 693, 1823, 450, 691, 1822, 335, 450, 1821, 333, 335, 1820, 1833, 1834, 1558, 1835, 1833, 1557, 1836, 1835, 690, 1837, 1836, 689, 1838, 1837, 877, 1839, 1838, 879, 1840, 1839, 878, 1841, 1840, 1076, 1842, 1841, 1075, 1843, 1842, 881, 1844, 1843, 880, 1845, 1844, 882, 1818, 1845, 549, 549, 334, 1818, 882, 549, 1845, 880, 882, 1844, 881, 880, 1843, 1075, 881, 1842, 1076, 1075, 1841, 878, 1076, 1840, 879, 878, 1839, 877, 879, 1838, 689, 877, 1837, 690, 689, 1836, 1557, 690, 1835, 1558, 1557, 1833, 1846, 448, 548, 548, 1847, 1846, 1848, 1847, 548, 1849, 1848, 688, 1850, 1849, 876, 1851, 1850, 1074, 1852, 1851, 1073, 1853, 1852, 1234, 1854, 1853, 1233, 1855, 1854, 1236, 1856, 1855, 1235, 1857, 1856, 1383, 1858, 1857, 1238, 1859, 1858, 1237, 1860, 1859, 1521, 1521, 1381, 1860, 1237, 1521, 1859, 1238, 1237, 1858, 1383, 1238, 1857, 1235, 1383, 1856, 1236, 1235, 1855, 1233, 1236, 1854, 1234, 1233, 1853, 1073, 1234, 1852, 1074, 1073, 1851, 876, 1074, 1850, 688, 876, 1849, 548, 688, 1848, 1861, 1862, 1468, 1863, 1861, 1556, 1864, 1863, 1070, 1865, 1864, 1069, 1866, 1865, 1231, 1867, 1866, 1072, 1868, 1867, 1071, 1869, 1868, 873, 1870, 1869, 872, 1871, 1870, 875, 1872, 1871, 874, 1873, 1872, 1232, 1846, 1873, 449, 449, 448, 1846, 1232, 449, 1873, 874, 1232, 1872, 875, 874, 1871, 872, 875, 1870, 873, 872, 1869, 1071, 873, 1868, 1072, 1071, 1867, 1231, 1072, 1866, 1069, 1231, 1865, 1070, 1069, 1864, 1556, 1070, 1863, 1468, 1556, 1861, 1874, 471, 470, 470, 1875, 1874, 1876, 1875, 470, 1877, 1876, 570, 1878, 1877, 465, 1879, 1878, 464, 1880, 1879, 467, 1881, 1880, 466, 1882, 1881, 566, 1883, 1882, 565, 1884, 1883, 568, 1885, 1884, 567, 1886, 1885, 719, 1887, 1886, 721, 1888, 1887, 917, 917, 1113, 1888, 721, 917, 1887, 719, 721, 1886, 567, 719, 1885, 568, 567, 1884, 565, 568, 1883, 566, 565, 1882, 466, 566, 1881, 467, 466, 1880, 464, 467, 1879, 465, 464, 1878, 570, 465, 1877, 470, 570, 1876, 1889, 1890, 920, 1891, 1889, 1286, 1892, 1891, 923, 1893, 1892, 922, 1894, 1893, 1115, 1895, 1894, 393, 1896, 1895, 392, 1897, 1896, 468, 1898, 1897, 469, 1899, 1898, 394, 1900, 1899, 343, 1901, 1900, 342, 1874, 1901, 569, 569, 471, 1874, 342, 569, 1901, 343, 342, 1900, 394, 343, 1899, 469, 394, 1898, 468, 469, 1897, 392, 468, 1896, 393, 392, 1895, 1115, 393, 1894, 922, 1115, 1893, 923, 922, 1892, 1286, 923, 1891, 920, 1286, 1889, 1902, 338, 337, 337, 1903, 1902, 1904, 1903, 337, 1905, 1904, 339, 1906, 1905, 461, 1907, 1906, 391, 1908, 1907, 390, 1909, 1908, 309, 1910, 1909, 308, 1911, 1910, 340, 1912, 1911, 311, 1913, 1912, 310, 1914, 1913, 341, 1915, 1914, 463, 1916, 1915, 462, 462, 916, 1916, 463, 462, 1915, 341, 463, 1914, 310, 341, 1913, 311, 310, 1912, 340, 311, 1911, 308, 340, 1910, 309, 308, 1909, 390, 309, 1908, 391, 390, 1907, 461, 391, 1906, 339, 461, 1905, 337, 339, 1904, 1917, 1918, 915, 1919, 1917, 914, 1920, 1919, 456, 1921, 1920, 455, 1922, 1921, 458, 1923, 1922, 457, 1924, 1923, 387, 1925, 1924, 386, 1926, 1925, 459, 1927, 1926, 460, 1928, 1927, 389, 1929, 1928, 388, 1902, 1929, 562, 562, 338, 1902, 388, 562, 1929, 389, 388, 1928, 460, 389, 1927, 459, 460, 1926, 386, 459, 1925, 387, 386, 1924, 457, 387, 1923, 458, 457, 1922, 455, 458, 1921, 456, 455, 1920, 914, 456, 1919, 915, 914, 1917, 1930, 382, 381, 381, 1931, 1930, 1932, 1931, 381, 1933, 1932, 383, 1934, 1933, 552, 1935, 1934, 711, 1936, 1935, 909, 1937, 1936, 713, 1938, 1937, 712, 1939, 1938, 714, 1940, 1939, 554, 1941, 1940, 553, 1942, 1941, 715, 1943, 1942, 556, 1944, 1943, 910, 910, 1429, 1944, 556, 910, 1943, 715, 556, 1942, 553, 715, 1941, 554, 553, 1940, 714, 554, 1939, 712, 714, 1938, 713, 712, 1937, 909, 713, 1936, 711, 909, 1935, 552, 711, 1934, 383, 552, 1933, 381, 383, 1932, 1945, 1946, 1104, 1947, 1945, 1549, 1948, 1947, 1099, 1949, 1948, 904, 1950, 1949, 903, 1951, 1950, 906, 1952, 1951, 905, 1953, 1952, 708, 1954, 1953, 707, 1955, 1954, 710, 1956, 1955, 709, 1957, 1956, 908, 1930, 1957, 907, 907, 382, 1930, 908, 907, 1957, 709, 908, 1956, 710, 709, 1955, 707, 710, 1954, 708, 707, 1953, 905, 708, 1952, 906, 905, 1951, 903, 906, 1950, 904, 903, 1949, 1099, 904, 1948, 1549, 1099, 1947, 1104, 1549, 1945, 1958, 299, 307, 307, 1959, 1958, 1960, 1959, 307, 1961, 1960, 336, 1962, 1961, 385, 1963, 1962, 560, 1964, 1963, 559, 1965, 1964, 561, 1966, 1965, 454, 1967, 1966, 453, 1968, 1967, 1103, 1969, 1968, 1102, 1970, 1969, 1105, 1971, 1970, 1430, 1972, 1971, 1505, 1505, 1284, 1972, 1430, 1505, 1971, 1105, 1430, 1970, 1102, 1105, 1969, 1103, 1102, 1968, 453, 1103, 1967, 454, 453, 1966, 561, 454, 1965, 559, 561, 1964, 560, 559, 1963, 385, 560, 1962, 336, 385, 1961, 307, 336, 1960, 1973, 1974, 1111, 1975, 1973, 1431, 1976, 1975, 558, 1977, 1976, 557, 1978, 1977, 716, 1979, 1978, 911, 1980, 1979, 913, 1981, 1980, 912, 1982, 1981, 717, 1983, 1982, 452, 1984, 1983, 451, 1985, 1984, 384, 1958, 1985, 300, 300, 299, 1958, 384, 300, 1985, 451, 384, 1984, 452, 451, 1983, 717, 452, 1982, 912, 717, 1981, 913, 912, 1980, 911, 913, 1979, 716, 911, 1978, 557, 716, 1977, 558, 557, 1976, 1431, 558, 1975, 1111, 1431, 1973, 1986, 704, 899, 899, 1987, 1986, 1988, 1987, 899, 1989, 1988, 1096, 1990, 1989, 1279, 1991, 1990, 1428, 1992, 1991, 1098, 1993, 1992, 1097, 1994, 1993, 706, 1995, 1994, 705, 1996, 1995, 900, 1997, 1996, 902, 1998, 1997, 901, 1999, 1998, 1281, 2000, 1999, 1280, 1280, 1548, 2000, 1281, 1280, 1999, 901, 1281, 1998, 902, 901, 1997, 900, 902, 1996, 705, 900, 1995, 706, 705, 1994, 1097, 706, 1993, 1098, 1097, 1992, 1428, 1098, 1991, 1279, 1428, 1990, 1096, 1279, 1989, 899, 1096, 1988, 2001, 2002, 1503, 2003, 2001, 1547, 2004, 2003, 1426, 2005, 2004, 1095, 2006, 2005, 1094, 2007, 2006, 703, 2008, 2007, 702, 2009, 2008, 896, 2010, 2009, 898, 2011, 2010, 897, 2012, 2011, 1427, 2013, 2012, 1278, 1986, 2013, 1277, 1277, 704, 1986, 1278, 1277, 2013, 1427, 1278, 2012, 897, 1427, 2011, 898, 897, 2010, 896, 898, 2009, 702, 896, 2008, 703, 702, 2007, 1094, 703, 2006, 1095, 1094, 2005, 1426, 1095, 2004, 1547, 1426, 2003, 1503, 1547, 2001, 2014, 891, 890, 890, 2015, 2014, 2016, 2015, 890, 2017, 2016, 892, 2018, 2017, 1269, 2019, 2018, 1415, 2020, 2019, 1417, 2021, 2020, 1416, 2022, 2021, 1418, 2023, 2022, 1093, 2024, 2023, 1092, 2025, 2024, 894, 2026, 2025, 893, 2027, 2026, 701, 2028, 2027, 895, 895, 1545, 2028, 701, 895, 2027, 893, 701, 2026, 894, 893, 2025, 1092, 894, 2024, 1093, 1092, 2023, 1418, 1093, 2022, 1416, 1418, 2021, 1417, 1416, 2020, 1415, 1417, 2019, 1269, 1415, 2018, 892, 1269, 2017, 890, 892, 2016, 2029, 2030, 1422, 2031, 2029, 1546, 2032, 2031, 1502, 2033, 2032, 1274, 2034, 2033, 1273, 2035, 2034, 1424, 2036, 2035, 1276, 2037, 2036, 1275, 2038, 2037, 1425, 2039, 2038, 1414, 2040, 2039, 1091, 2041, 2040, 1090, 2014, 2041, 1268, 1268, 891, 2014, 1090, 1268, 2041, 1091, 1090, 2040, 1414, 1091, 2039, 1425, 1414, 2038, 1275, 1425, 2037, 1276, 1275, 2036, 1424, 1276, 2035, 1273, 1424, 2034, 1274, 1273, 2033, 1502, 1274, 2032, 1546, 1502, 2031, 1422, 1546, 2029, 2042, 380, 379, 379, 2043, 2042, 2044, 2043, 379, 2045, 2044, 551, 2046, 2045, 697, 2047, 2046, 889, 2048, 2047, 699, 2049, 2048, 698, 2050, 2049, 1261, 2051, 2050, 1263, 2052, 2051, 1262, 2053, 2052, 1265, 2054, 2053, 1264, 2055, 2054, 1267, 2056, 2055, 1266, 1266, 1544, 2056, 1267, 1266, 2055, 1264, 1267, 2054, 1265, 1264, 2053, 1262, 1265, 2052, 1263, 1262, 2051, 1261, 1263, 2050, 698, 1261, 2049, 699, 698, 2048, 889, 699, 2047, 697, 889, 2046, 551, 697, 2045, 379, 551, 2044, 2057, 2058, 1498, 2059, 2057, 1543, 2060, 2059, 1258, 2061, 2060, 886, 2062, 2061, 885, 2063, 2062, 887, 2064, 2063, 696, 2065, 2064, 695, 2066, 2065, 1260, 2067, 2066, 1259, 2068, 2067, 1411, 2069, 2068, 1410, 2042, 2069, 888, 888, 380, 2042, 1410, 888, 2069, 1411, 1410, 2068, 1259, 1411, 2067, 1260, 1259, 2066, 695, 1260, 2065, 696, 695, 2064, 887, 696, 2063, 885, 887, 2062, 886, 885, 2061, 1258, 886, 2060, 1543, 1258, 2059, 1498, 1543, 2057, 2070, 1409, 1491, 1491, 2071, 2070, 2072, 2071, 1491, 2073, 2072, 1490, 2074, 2073, 1492, 2075, 2074, 1575, 2076, 2075, 1577, 2077, 2076, 1576, 2078, 2077, 1619, 2079, 2078, 1603, 2080, 2079, 1602, 2081, 2080, 1579, 2082, 2081, 1578, 2083, 2082, 1541, 2084, 2083, 1540, 1540, 1639, 2084, 1541, 1540, 2083, 1578, 1541, 2082, 1579, 1578, 2081, 1602, 1579, 2080, 1603, 1602, 2079, 1619, 1603, 2078, 1576, 1619, 2077, 1577, 1576, 2076, 1575, 1577, 2075, 1492, 1575, 2074, 1490, 1492, 2073, 1491, 1490, 2072, 2085, 2086, 1493, 2087, 2085, 1580, 2088, 2087, 1405, 2089, 2088, 1495, 2090, 2089, 1407, 2091, 2090, 1406, 2092, 2091, 1408, 2093, 2092, 1255, 2094, 2093, 1254, 2095, 2094, 1497, 2096, 2095, 1496, 2097, 2096, 1257, 2070, 2097, 1256, 1256, 1409, 2070, 1257, 1256, 2097, 1496, 1257, 2096, 1497, 1496, 2095, 1254, 1497, 2094, 1255, 1254, 2093, 1408, 1255, 2092, 1406, 1408, 2091, 1407, 1406, 2090, 1495, 1407, 2089, 1405, 1495, 2088, 1580, 1405, 2087, 1493, 1580, 2085, 2098, 397, 344, 344, 2099, 2098, 2100, 2099, 344, 2101, 2100, 479, 2102, 2101, 571, 2103, 2102, 727, 2104, 2103, 729, 2105, 2104, 728, 2106, 2105, 925, 2107, 2106, 924, 2108, 2107, 730, 2109, 2108, 573, 2110, 2109, 572, 2111, 2110, 732, 2112, 2111, 731, 731, 1288, 2112, 732, 731, 2111, 572, 732, 2110, 573, 572, 2109, 730, 573, 2108, 924, 730, 2107, 925, 924, 2106, 728, 925, 2105, 729, 728, 2104, 727, 729, 2103, 571, 727, 2102, 479, 571, 2101, 344, 479, 2100, 2113, 2114, 1116, 2115, 2113, 1287, 2116, 2115, 726, 2117, 2116, 725, 2118, 2117, 473, 2119, 2118, 472, 2120, 2119, 475, 2121, 2120, 474, 2122, 2121, 477, 2123, 2122, 476, 2124, 2123, 478, 2125, 2124, 396, 2098, 2125, 395, 395, 397, 2098, 396, 395, 2125, 478, 396, 2124, 476, 478, 2123, 477, 476, 2122, 474, 477, 2121, 475, 474, 2120, 472, 475, 2119, 473, 472, 2118, 725, 473, 2117, 726, 725, 2116, 1287, 726, 2115, 1116, 1287, 2113, 2126, 1294, 1293, 1293, 2127, 2126, 2128, 2127, 1293, 2129, 2128, 929, 2130, 2129, 928, 2131, 2130, 931, 2132, 2131, 930, 2133, 2132, 1118, 2134, 2133, 933, 2135, 2134, 932, 2136, 2135, 935, 2137, 2136, 934, 2138, 2137, 937, 2139, 2138, 936, 2140, 2139, 939, 939, 1432, 2140, 936, 939, 2139, 937, 936, 2138, 934, 937, 2137, 935, 934, 2136, 932, 935, 2135, 933, 932, 2134, 1118, 933, 2133, 930, 1118, 2132, 931, 930, 2131, 928, 931, 2130, 929, 928, 2129, 1293, 929, 2128, 2141, 2142, 1290, 2143, 2141, 1507, 2144, 2143, 941, 2145, 2144, 1121, 2146, 2145, 1122, 2147, 2146, 734, 2148, 2147, 733, 2149, 2148, 942, 2150, 2149, 1124, 2151, 2150, 1123, 2152, 2151, 1126, 2153, 2152, 1125, 2126, 2153, 1292, 1292, 1294, 2126, 1125, 1292, 2153, 1126, 1125, 2152, 1123, 1126, 2151, 1124, 1123, 2150, 942, 1124, 2149, 733, 942, 2148, 734, 733, 2147, 1122, 734, 2146, 1121, 1122, 2145, 941, 1121, 2144, 1507, 941, 2143, 1290, 1507, 2141, 2154, 346, 345, 345, 2155, 2154, 2156, 2155, 345, 2157, 2156, 480, 2158, 2157, 574, 2159, 2158, 741, 2160, 2159, 947, 2161, 2160, 743, 2162, 2161, 742, 2163, 2162, 948, 2164, 2163, 576, 2165, 2164, 575, 2166, 2165, 744, 2167, 2166, 950, 2168, 2167, 949, 949, 1435, 2168, 950, 949, 2167, 744, 950, 2166, 575, 744, 2165, 576, 575, 2164, 948, 576, 2163, 742, 948, 2162, 743, 742, 2161, 947, 743, 2160, 741, 947, 2159, 574, 741, 2158, 480, 574, 2157, 345, 480, 2156, 2169, 2170, 1295, 2171, 2169, 1434, 2172, 2171, 736, 2173, 2172, 735, 2174, 2173, 943, 2175, 2174, 738, 2176, 2175, 737, 2177, 2176, 944, 2178, 2177, 1127, 2179, 2178, 740, 2180, 2179, 739, 2181, 2180, 945, 2154, 2181, 946, 946, 346, 2154, 945, 946, 2181, 739, 945, 2180, 740, 739, 2179, 1127, 740, 2178, 944, 1127, 2177, 737, 944, 2176, 738, 737, 2175, 943, 738, 2174, 735, 943, 2173, 736, 735, 2172, 1434, 736, 2171, 1295, 1434, 2169, 2182, 746, 745, 745, 2183, 2182, 2184, 2183, 745, 2185, 2184, 951, 2186, 2185, 952, 2187, 2186, 1436, 2188, 2187, 954, 2189, 2188, 953, 2190, 2189, 955, 2191, 2190, 748, 2192, 2191, 747, 2193, 2192, 1131, 2194, 2193, 1130, 2195, 2194, 1133, 2196, 2195, 1298, 1298, 1508, 2196, 1133, 1298, 2195, 1130, 1133, 2194, 1131, 1130, 2193, 747, 1131, 2192, 748, 747, 2191, 955, 748, 2190, 953, 955, 2189, 954, 953, 2188, 1436, 954, 2187, 952, 1436, 2186, 951, 952, 2185, 745, 951, 2184, 2197, 2198, 1304, 2199, 2197, 1509, 2200, 2199, 1307, 2201, 2200, 1306, 2202, 2201, 1135, 2203, 2202, 1134, 2204, 2203, 1137, 2205, 2204, 1136, 2206, 2205, 1308, 2207, 2206, 1138, 2208, 2207, 956, 2209, 2208, 749, 2182, 2209, 1297, 1297, 746, 2182, 749, 1297, 2209, 956, 749, 2208, 1138, 956, 2207, 1308, 1138, 2206, 1136, 1308, 2205, 1137, 1136, 2204, 1134, 1137, 2203, 1135, 1134, 2202, 1306, 1135, 2201, 1307, 1306, 2200, 1509, 1307, 2199, 1304, 1509, 2197, 2210, 295, 301, 301, 2211, 2210, 2212, 2211, 301, 2213, 2212, 314, 2214, 2213, 350, 2215, 2214, 352, 2216, 2215, 351, 2217, 2216, 402, 2218, 2217, 401, 2219, 2218, 487, 2220, 2219, 593, 2221, 2220, 592, 2222, 2221, 595, 2223, 2222, 594, 2224, 2223, 1150, 1150, 763, 2224, 594, 1150, 2223, 595, 594, 2222, 592, 595, 2221, 593, 592, 2220, 487, 593, 2219, 401, 487, 2218, 402, 401, 2217, 351, 402, 2216, 352, 351, 2215, 350, 352, 2214, 314, 350, 2213, 301, 314, 2212, 2225, 2226, 965, 2227, 2225, 1318, 2228, 2227, 589, 2229, 2228, 588, 2230, 2229, 767, 2231, 2230, 591, 2232, 2231, 590, 2233, 2232, 768, 2234, 2233, 348, 2235, 2234, 313, 2236, 2235, 312, 2237, 2236, 349, 2210, 2237, 296, 296, 295, 2210, 349, 296, 2237, 312, 349, 2236, 313, 312, 2235, 348, 313, 2234, 768, 348, 2233, 590, 768, 2232, 591, 590, 2231, 767, 591, 2230, 588, 767, 2229, 589, 588, 2228, 1318, 589, 2227, 965, 1318, 2225, 2238, 292, 291, 291, 2239, 2238, 2240, 2239, 291, 2241, 2240, 293, 2242, 2241, 302, 2243, 2242, 406, 2244, 2243, 407, 2245, 2244, 355, 2246, 2245, 354, 2247, 2246, 489, 2248, 2247, 488, 2249, 2248, 491, 2250, 2249, 490, 2251, 2250, 599, 2252, 2251, 598, 598, 967, 2252, 599, 598, 2251, 490, 599, 2250, 491, 490, 2249, 488, 491, 2248, 489, 488, 2247, 354, 489, 2246, 355, 354, 2245, 407, 355, 2244, 406, 407, 2243, 302, 406, 2242, 293, 302, 2241, 291, 293, 2240, 2253, 2254, 1152, 2255, 2253, 1151, 2256, 2255, 597, 2257, 2256, 596, 2258, 2257, 316, 2259, 2258, 315, 2260, 2259, 318, 2261, 2260, 317, 2262, 2261, 403, 2263, 2262, 405, 2264, 2263, 404, 2265, 2264, 353, 2238, 2265, 319, 319, 292, 2238, 353, 319, 2265, 404, 353, 2264, 405, 404, 2263, 403, 405, 2262, 317, 403, 2261, 318, 317, 2260, 315, 318, 2259, 316, 315, 2258, 596, 316, 2257, 597, 596, 2256, 1151, 597, 2255, 1152, 1151, 2253, 2266, 585, 584, 584, 2267, 2266, 2268, 2267, 584, 2269, 2268, 586, 2270, 2269, 961, 2271, 2270, 1146, 2272, 2271, 962, 2273, 2272, 483, 2274, 2273, 482, 2275, 2274, 587, 2276, 2275, 485, 2277, 2276, 484, 2278, 2277, 486, 2279, 2278, 400, 2280, 2279, 1147, 1147, 1510, 2280, 400, 1147, 2279, 486, 400, 2278, 484, 486, 2277, 485, 484, 2276, 587, 485, 2275, 482, 587, 2274, 483, 482, 2273, 962, 483, 2272, 1146, 962, 2271, 961, 1146, 2270, 586, 961, 2269, 584, 586, 2268, 2281, 2282, 964, 2283, 2281, 1316, 2284, 2283, 1317, 2285, 2284, 1148, 2286, 2285, 764, 2287, 2286, 765, 2288, 2287, 1440, 2289, 2288, 1143, 2290, 2289, 1142, 2291, 2290, 1312, 2292, 2291, 1145, 2293, 2292, 1144, 2266, 2293, 1313, 1313, 585, 2266, 1144, 1313, 2293, 1145, 1144, 2292, 1312, 1145, 2291, 1142, 1312, 2290, 1143, 1142, 2289, 1440, 1143, 2288, 765, 1440, 2287, 764, 765, 2286, 1148, 764, 2285, 1317, 1148, 2284, 1316, 1317, 2283, 964, 1316, 2281, 2294, 347, 398, 398, 2295, 2294, 2296, 2295, 398, 2297, 2296, 481, 2298, 2297, 581, 2299, 2298, 754, 2300, 2299, 958, 2301, 2300, 755, 2302, 2301, 583, 2303, 2302, 582, 2304, 2303, 757, 2305, 2304, 756, 2306, 2305, 1141, 2307, 2306, 960, 2308, 2307, 959, 959, 1439, 2308, 960, 959, 2307, 1141, 960, 2306, 756, 1141, 2305, 757, 756, 2304, 582, 757, 2303, 583, 582, 2302, 755, 583, 2301, 958, 755, 2300, 754, 958, 2299, 581, 754, 2298, 481, 581, 2297, 398, 481, 2296, 2309, 2310, 1309, 2311, 2309, 1438, 2312, 2311, 751, 2313, 2312, 750, 2314, 2313, 957, 2315, 2314, 578, 2316, 2315, 577, 2317, 2316, 752, 2318, 2317, 753, 2319, 2318, 580, 2320, 2319, 579, 2321, 2320, 1140, 2294, 2321, 1139, 1139, 347, 2294, 1140, 1139, 2321, 579, 1140, 2320, 580, 579, 2319, 753, 580, 2318, 752, 753, 2317, 577, 752, 2316, 578, 577, 2315, 957, 578, 2314, 750, 957, 2313, 751, 750, 2312, 1438, 751, 2311, 1309, 1438, 2309, 2322, 672, 671, 671, 2323, 2322, 2324, 2323, 671, 2325, 2324, 858, 2326, 2325, 859, 2327, 2326, 1219, 2328, 2327, 1356, 2329, 2328, 1358, 2330, 2329, 1357, 2331, 2330, 1221, 2332, 2331, 1220, 2333, 2332, 1057, 2334, 2333, 860, 2335, 2334, 674, 2336, 2335, 1222, 1222, 1517, 2336, 674, 1222, 2335, 860, 674, 2334, 1057, 860, 2333, 1220, 1057, 2332, 1221, 1220, 2331, 1357, 1221, 2330, 1358, 1357, 2329, 1356, 1358, 2328, 1219, 1356, 2327, 859, 1219, 2326, 858, 859, 2325, 671, 858, 2324, 2337, 2338, 1364, 2339, 2337, 1518, 2340, 2339, 1224, 2341, 2340, 1223, 2342, 2341, 1366, 2343, 2342, 1059, 2344, 2343, 1058, 2345, 2344, 1060, 2346, 2345, 862, 2347, 2346, 861, 2348, 2347, 1225, 2349, 2348, 1061, 2322, 2349, 1458, 1458, 672, 2322, 1061, 1458, 2349, 1225, 1061, 2348, 861, 1225, 2347, 862, 861, 2346, 1060, 862, 2345, 1058, 1060, 2344, 1059, 1058, 2343, 1366, 1059, 2342, 1223, 1366, 2341, 1224, 1223, 2340, 1518, 1224, 2339, 1364, 1518, 2337, 2350, 377, 376, 376, 2351, 2350, 2352, 2351, 376, 2353, 2352, 540, 2354, 2353, 670, 2355, 2354, 1055, 2356, 2355, 1216, 2357, 2356, 1215, 2358, 2357, 1056, 2359, 2358, 853, 2360, 2359, 852, 2361, 2360, 855, 2362, 2361, 854, 2363, 2362, 857, 2364, 2363, 856, 856, 1457, 2364, 857, 856, 2363, 854, 857, 2362, 855, 854, 2361, 852, 855, 2360, 853, 852, 2359, 1056, 853, 2358, 1215, 1056, 2357, 1216, 1215, 2356, 1055, 1216, 2355, 670, 1055, 2354, 540, 670, 2353, 376, 540, 2352, 2365, 2366, 1354, 2367, 2365, 1456, 2368, 2367, 668, 2369, 2368, 667, 2370, 2369, 669, 2371, 2370, 539, 2372, 2371, 538, 2373, 2372, 1053, 2374, 2373, 1054, 2375, 2374, 850, 2376, 2375, 849, 2377, 2376, 1214, 2350, 2377, 851, 851, 377, 2350, 1214, 851, 2377, 849, 1214, 2376, 850, 849, 2375, 1054, 850, 2374, 1053, 1054, 2373, 538, 1053, 2372, 539, 538, 2371, 669, 539, 2370, 667, 669, 2369, 668, 667, 2368, 1456, 668, 2367, 1354, 1456, 2365, 2378, 1213, 845, 845, 2379, 2378, 2380, 2379, 845, 2381, 2380, 844, 2382, 2381, 846, 2383, 2382, 1043, 2384, 2383, 1042, 2385, 2384, 1206, 2386, 2385, 1044, 2387, 2386, 848, 2388, 2387, 847, 2389, 2388, 1208, 2390, 2389, 1207, 2391, 2390, 1047, 2392, 2391, 1046, 1046, 1454, 2392, 1047, 1046, 2391, 1207, 1047, 2390, 1208, 1207, 2389, 847, 1208, 2388, 848, 847, 2387, 1044, 848, 2386, 1206, 1044, 2385, 1042, 1206, 2384, 1043, 1042, 2383, 846, 1043, 2382, 844, 846, 2381, 845, 844, 2380, 2393, 2394, 1348, 2395, 2393, 1516, 2396, 2395, 1350, 2397, 2396, 1352, 2398, 2397, 1351, 2399, 2398, 1212, 2400, 2399, 1211, 2401, 2400, 1353, 2402, 2401, 1049, 2403, 2402, 1048, 2404, 2403, 1051, 2405, 2404, 1050, 2378, 2405, 1052, 1052, 1213, 2378, 1050, 1052, 2405, 1051, 1050, 2404, 1048, 1051, 2403, 1049, 1048, 2402, 1353, 1049, 2401, 1211, 1353, 2400, 1212, 1211, 2399, 1351, 1212, 2398, 1352, 1351, 2397, 1350, 1352, 2396, 1516, 1350, 2395, 1348, 1516, 2393, 2406, 332, 306, 306, 2407, 2406, 2408, 2407, 306, 2409, 2408, 373, 2410, 2409, 443, 2411, 2410, 445, 2412, 2411, 444, 2413, 2412, 446, 2414, 2413, 375, 2415, 2414, 374, 2416, 2415, 537, 2417, 2416, 666, 2418, 2417, 665, 2419, 2418, 841, 2420, 2419, 840, 840, 1205, 2420, 841, 840, 2419, 665, 841, 2418, 666, 665, 2417, 537, 666, 2416, 374, 537, 2415, 375, 374, 2414, 446, 375, 2413, 444, 446, 2412, 445, 444, 2411, 443, 445, 2410, 373, 443, 2409, 306, 373, 2408, 2421, 2422, 1040, 2423, 2421, 1204, 2424, 2423, 839, 2425, 2424, 838, 2426, 2425, 372, 2427, 2426, 371, 2428, 2427, 440, 2429, 2428, 442, 2430, 2429, 441, 2431, 2430, 663, 2432, 2431, 536, 2433, 2432, 535, 2406, 2433, 664, 664, 332, 2406, 535, 664, 2433, 536, 535, 2432, 663, 536, 2431, 441, 663, 2430, 442, 441, 2429, 440, 442, 2428, 371, 440, 2427, 372, 371, 2426, 838, 372, 2425, 839, 838, 2424, 1204, 839, 2423, 1040, 1204, 2421, 2434, 662, 661, 661, 2435, 2434, 2436, 2435, 661, 2437, 2436, 837, 2438, 2437, 832, 2439, 2438, 831, 2440, 2439, 655, 2441, 2440, 654, 2442, 2441, 833, 2443, 2442, 1196, 2444, 2443, 1198, 2445, 2444, 1197, 2446, 2445, 1199, 2447, 2446, 1035, 2448, 2447, 1343, 1343, 1453, 2448, 1035, 1343, 2447, 1199, 1035, 2446, 1197, 1199, 2445, 1198, 1197, 2444, 1196, 1198, 2443, 833, 1196, 2442, 654, 833, 2441, 655, 654, 2440, 831, 655, 2439, 832, 831, 2438, 837, 832, 2437, 661, 837, 2436, 2449, 2450, 1037, 2451, 2449, 1345, 2452, 2451, 835, 2453, 2452, 834, 2454, 2453, 657, 2455, 2454, 656, 2456, 2455, 836, 2457, 2456, 659, 2458, 2457, 658, 2459, 2458, 534, 2460, 2459, 533, 2461, 2460, 660, 2434, 2461, 1039, 1039, 662, 2434, 660, 1039, 2461, 533, 660, 2460, 534, 533, 2459, 658, 534, 2458, 659, 658, 2457, 836, 659, 2456, 656, 836, 2455, 657, 656, 2454, 834, 657, 2453, 835, 834, 2452, 1345, 835, 2451, 1037, 1345, 2449, 2462, 330, 329, 329, 2463, 2462, 2464, 2463, 329, 2465, 2464, 331, 2466, 2465, 439, 2467, 2466, 827, 2468, 2467, 649, 2469, 2468, 648, 2470, 2469, 651, 2471, 2470, 650, 2472, 2471, 828, 2473, 2472, 653, 2474, 2473, 652, 2475, 2474, 830, 2476, 2475, 829, 829, 1342, 2476, 830, 829, 2475, 652, 830, 2474, 653, 652, 2473, 828, 653, 2472, 650, 828, 2471, 651, 650, 2470, 648, 651, 2469, 649, 648, 2468, 827, 649, 2467, 439, 827, 2466, 331, 439, 2465, 329, 331, 2464, 2477, 2478, 1341, 2479, 2477, 1340, 2480, 2479, 825, 2481, 2480, 644, 2482, 2481, 643, 2483, 2482, 826, 2484, 2483, 646, 2485, 2484, 645, 2486, 2485, 1031, 2487, 2486, 1030, 2488, 2487, 647, 2489, 2488, 438, 2462, 2489, 437, 437, 330, 2462, 438, 437, 2489, 647, 438, 2488, 1030, 647, 2487, 1031, 1030, 2486, 645, 1031, 2485, 646, 645, 2484, 826, 646, 2483, 643, 826, 2482, 644, 643, 2481, 825, 644, 2480, 1340, 825, 2479, 1341, 1340, 2477, 2490, 435, 434, 434, 2491, 2490, 2492, 2491, 434, 2493, 2492, 436, 2494, 2493, 637, 2495, 2494, 815, 2496, 2495, 814, 2497, 2496, 817, 2498, 2497, 816, 2499, 2498, 1022, 2500, 2499, 819, 2501, 2500, 818, 2502, 2501, 820, 2503, 2502, 532, 2504, 2503, 638, 638, 1449, 2504, 532, 638, 2503, 820, 532, 2502, 818, 820, 2501, 819, 818, 2500, 1022, 819, 2499, 816, 1022, 2498, 817, 816, 2497, 814, 817, 2496, 815, 814, 2495, 637, 815, 2494, 436, 637, 2493, 434, 436, 2492, 2505, 2506, 1332, 2507, 2505, 1553, 2508, 2507, 1182, 2509, 2508, 1021, 2510, 2509, 1020, 2511, 2510, 1184, 2512, 2511, 1183, 2513, 2512, 636, 2514, 2513, 635, 2515, 2514, 810, 2516, 2515, 812, 2517, 2516, 811, 2490, 2517, 813, 813, 435, 2490, 811, 813, 2517, 812, 811, 2516, 810, 812, 2515, 635, 810, 2514, 636, 635, 2513, 1183, 636, 2512, 1184, 1183, 2511, 1020, 1184, 2510, 1021, 1020, 2509, 1182, 1021, 2508, 1553, 1182, 2507, 1332, 1553, 2505, 2518, 641, 824, 824, 2519, 2518, 2520, 2519, 824, 2521, 2520, 1027, 2522, 2521, 1194, 2523, 2522, 1195, 2524, 2523, 1029, 2525, 2524, 1028, 2526, 2525, 1338, 2527, 2526, 1339, 2528, 2527, 1331, 2529, 2528, 1330, 2530, 2529, 1333, 2531, 2530, 1451, 2532, 2531, 1450, 1450, 1335, 2532, 1451, 1450, 2531, 1333, 1451, 2530, 1330, 1333, 2529, 1331, 1330, 2528, 1339, 1331, 2527, 1338, 1339, 2526, 1028, 1338, 2525, 1029, 1028, 2524, 1195, 1029, 2523, 1194, 1195, 2522, 1027, 1194, 2521, 824, 1027, 2520, 2533, 2534, 1336, 2535, 2533, 1514, 2536, 2535, 822, 2537, 2536, 821, 2538, 2537, 1023, 2539, 2538, 823, 2540, 2539, 640, 2541, 2540, 639, 2542, 2541, 1024, 2543, 2542, 1026, 2544, 2543, 1025, 2545, 2544, 1193, 2518, 2545, 642, 642, 641, 2518, 1193, 642, 2545, 1025, 1193, 2544, 1026, 1025, 2543, 1024, 1026, 2542, 639, 1024, 2541, 640, 639, 2540, 823, 640, 2539, 1023, 823, 2538, 821, 1023, 2537, 822, 821, 2536, 1514, 822, 2535, 1336, 1514, 2533, 2546, 298, 305, 305, 2547, 2546, 2548, 2547, 305, 2549, 2548, 328, 2550, 2549, 370, 2551, 2550, 528, 2552, 2551, 433, 2553, 2552, 432, 2554, 2553, 530, 2555, 2554, 529, 2556, 2555, 634, 2557, 2556, 1017, 2558, 2557, 1016, 2559, 2558, 1019, 2560, 2559, 1018, 1018, 1448, 2560, 1019, 1018, 2559, 1016, 1019, 2558, 1017, 1016, 2557, 634, 1017, 2556, 529, 634, 2555, 530, 529, 2554, 432, 530, 2553, 433, 432, 2552, 528, 433, 2551, 370, 528, 2550, 328, 370, 2549, 305, 328, 2548, 2561, 2562, 1327, 2563, 2561, 1447, 2564, 2563, 1179, 2565, 2564, 1012, 2566, 2565, 1011, 2567, 2566, 1181, 2568, 2567, 1180, 2569, 2568, 1014, 2570, 2569, 1013, 2571, 2570, 1015, 2572, 2571, 430, 2573, 2572, 429, 2546, 2573, 431, 431, 298, 2546, 429, 431, 2573, 430, 429, 2572, 1015, 430, 2571, 1013, 1015, 2570, 1014, 1013, 2569, 1180, 1014, 2568, 1181, 1180, 2567, 1011, 1181, 2566, 1012, 1011, 2565, 1179, 1012, 2564, 1447, 1179, 2563, 1327, 1447, 2561, 2574, 525, 524, 524, 2575, 2574, 2576, 2575, 524, 2577, 2576, 526, 2578, 2577, 804, 2579, 2578, 1171, 2580, 2579, 1004, 2581, 2580, 1003, 2582, 2581, 806, 2583, 2582, 805, 2584, 2583, 807, 2585, 2584, 527, 2586, 2585, 428, 2587, 2586, 369, 2588, 2587, 633, 633, 1445, 2588, 369, 633, 2587, 428, 369, 2586, 527, 428, 2585, 807, 527, 2584, 805, 807, 2583, 806, 805, 2582, 1003, 806, 2581, 1004, 1003, 2580, 1171, 1004, 2579, 804, 1171, 2578, 526, 804, 2577, 524, 526, 2576, 2589, 2590, 1176, 2591, 2589, 1446, 2592, 2591, 1326, 2593, 2592, 809, 2594, 2593, 808, 2595, 2594, 1008, 2596, 2595, 1010, 2597, 2596, 1009, 2598, 2597, 1178, 2599, 2598, 1324, 2600, 2599, 1170, 2601, 2600, 1169, 2574, 2601, 1002, 1002, 525, 2574, 1169, 1002, 2601, 1170, 1169, 2600, 1324, 1170, 2599, 1178, 1324, 2598, 1009, 1178, 2597, 1010, 1009, 2596, 1008, 1010, 2595, 808, 1008, 2594, 809, 808, 2593, 1326, 809, 2592, 1446, 1326, 2591, 1176, 1446, 2589, 2602, 327, 326, 326, 2603, 2602, 2604, 2603, 326, 2605, 2604, 425, 2606, 2605, 516, 2607, 2606, 518, 2608, 2607, 517, 2609, 2608, 520, 2610, 2609, 519, 2611, 2610, 521, 2612, 2611, 427, 2613, 2612, 426, 2614, 2613, 632, 2615, 2614, 523, 2616, 2615, 522, 522, 1323, 2616, 523, 522, 2615, 632, 523, 2614, 426, 632, 2613, 427, 426, 2612, 521, 427, 2611, 519, 521, 2610, 520, 519, 2609, 517, 520, 2608, 518, 517, 2607, 516, 518, 2606, 425, 516, 2605, 326, 425, 2604, 2617, 2618, 1167, 2619, 2617, 1322, 2620, 2619, 796, 2621, 2620, 795, 2622, 2621, 798, 2623, 2622, 797, 2624, 2623, 800, 2625, 2624, 799, 2626, 2625, 802, 2627, 2626, 801, 2628, 2627, 999, 2629, 2628, 998, 2602, 2629, 803, 803, 327, 2602, 998, 803, 2629, 999, 998, 2628, 801, 999, 2627, 802, 801, 2626, 799, 802, 2625, 800, 799, 2624, 797, 800, 2623, 798, 797, 2622, 795, 798, 2621, 796, 795, 2620, 1322, 796, 2619, 1167, 1322, 2617, 2630, 1166, 628, 628, 2631, 2630, 2632, 2631, 628, 2633, 2632, 627, 2634, 2633, 629, 2635, 2634, 988, 2636, 2635, 631, 2637, 2636, 630, 2638, 2637, 510, 2639, 2638, 509, 2640, 2639, 512, 2641, 2640, 511, 2642, 2641, 790, 2643, 2642, 515, 2644, 2643, 514, 514, 1161, 2644, 515, 514, 2643, 790, 515, 2642, 511, 790, 2641, 512, 511, 2640, 509, 512, 2639, 510, 509, 2638, 630, 510, 2637, 631, 630, 2636, 988, 631, 2635, 629, 988, 2634, 627, 629, 2633, 628, 627, 2632, 2645, 2646, 1162, 2647, 2645, 1444, 2648, 2647, 991, 2649, 2648, 1164, 2650, 2649, 993, 2651, 2650, 992, 2652, 2651, 794, 2653, 2652, 793, 2654, 2653, 994, 2655, 2654, 1165, 2656, 2655, 996, 2657, 2656, 995, 2630, 2657, 997, 997, 1166, 2630, 995, 997, 2657, 996, 995, 2656, 1165, 996, 2655, 994, 1165, 2654, 793, 994, 2653, 794, 793, 2652, 992, 794, 2651, 993, 992, 2650, 1164, 993, 2649, 991, 1164, 2648, 1444, 991, 2647, 1162, 1444, 2645, 2658, 294, 290, 290, 2659, 2658, 2660, 2659, 290, 2661, 2660, 297, 2662, 2661, 304, 2663, 2662, 367, 2664, 2663, 366, 2665, 2664, 422, 2666, 2665, 421, 2667, 2666, 424, 2668, 2667, 423, 2669, 2668, 506, 2670, 2669, 505, 2671, 2670, 508, 2672, 2671, 507, 507, 987, 2672, 508, 507, 2671, 505, 508, 2670, 506, 505, 2669, 423, 506, 2668, 424, 423, 2667, 421, 424, 2666, 422, 421, 2665, 366, 422, 2664, 367, 366, 2663, 304, 367, 2662, 297, 304, 2661, 290, 297, 2660, 2673, 2674, 788, 2675, 2673, 986, 2676, 2675, 622, 2677, 2676, 504, 2678, 2677, 419, 2679, 2678, 418, 2680, 2679, 624, 2681, 2680, 623, 2682, 2681, 364, 2683, 2682, 363, 2684, 2683, 420, 2685, 2684, 365, 2658, 2685, 325, 325, 294, 2658, 365, 325, 2685, 420, 365, 2684, 363, 420, 2683, 364, 363, 2682, 623, 364, 2681, 624, 623, 2680, 418, 624, 2679, 419, 418, 2678, 504, 419, 2677, 622, 504, 2676, 986, 622, 2675, 788, 986, 2673, 2686, 985, 984, 984, 2687, 2686, 2688, 2687, 984, 2689, 2688, 782, 2690, 2689, 618, 2691, 2690, 973, 2692, 2691, 1155, 2693, 2692, 975, 2694, 2693, 974, 2695, 2694, 977, 2696, 2695, 976, 2697, 2696, 1156, 2698, 2697, 979, 2699, 2698, 978, 2700, 2699, 1157, 1157, 1443, 2700, 978, 1157, 2699, 979, 978, 2698, 1156, 979, 2697, 976, 1156, 2696, 977, 976, 2695, 974, 977, 2694, 975, 974, 2693, 1155, 975, 2692, 973, 1155, 2691, 618, 973, 2690, 782, 618, 2689, 984, 782, 2688, 2701, 2702, 980, 2703, 2701, 1320, 2704, 2703, 503, 2705, 2704, 619, 2706, 2705, 621, 2707, 2706, 620, 2708, 2707, 784, 2709, 2708, 783, 2710, 2709, 982, 2711, 2710, 786, 2712, 2711, 785, 2713, 2712, 983, 2686, 2713, 787, 787, 985, 2686, 983, 787, 2713, 785, 983, 2712, 786, 785, 2711, 982, 786, 2710, 783, 982, 2709, 784, 783, 2708, 620, 784, 2707, 621, 620, 2706, 619, 621, 2705, 503, 619, 2704, 1320, 503, 2703, 980, 1320, 2701, 2714, 324, 303, 303, 2715, 2714, 2716, 2715, 303, 2717, 2716, 358, 2718, 2717, 411, 2719, 2718, 412, 2720, 2719, 360, 2721, 2720, 359, 2722, 2721, 413, 2723, 2722, 362, 2724, 2723, 361, 2725, 2724, 415, 2726, 2725, 414, 2727, 2726, 417, 2728, 2727, 416, 416, 972, 2728, 417, 416, 2727, 414, 417, 2726, 415, 414, 2725, 361, 415, 2724, 362, 361, 2723, 413, 362, 2722, 359, 413, 2721, 360, 359, 2720, 412, 360, 2719, 411, 412, 2718, 358, 411, 2717, 303, 358, 2716, 2729, 2730, 780, 2731, 2729, 971, 2732, 2731, 615, 2733, 2732, 614, 2734, 2733, 497, 2735, 2734, 496, 2736, 2735, 499, 2737, 2736, 498, 2738, 2737, 357, 2739, 2738, 356, 2740, 2739, 410, 2741, 2740, 500, 2714, 2741, 501, 501, 324, 2714, 500, 501, 2741, 410, 500, 2740, 356, 410, 2739, 357, 356, 2738, 498, 357, 2737, 499, 498, 2736, 496, 499, 2735, 497, 496, 2734, 614, 497, 2733, 615, 614, 2732, 971, 615, 2731, 780, 971, 2729, 2742, 320, 323, 323, 2743, 2742, 2744, 2743, 323, 2745, 2744, 322, 2746, 2745, 495, 2747, 2746, 611, 2748, 2747, 613, 2749, 2748, 612, 2750, 2749, 769, 2751, 2750, 968, 2752, 2751, 771, 2753, 2752, 770, 2754, 2753, 603, 2755, 2754, 605, 2756, 2755, 604, 604, 969, 2756, 605, 604, 2755, 603, 605, 2754, 770, 603, 2753, 771, 770, 2752, 968, 771, 2751, 769, 968, 2750, 612, 769, 2749, 613, 612, 2748, 611, 613, 2747, 495, 611, 2746, 322, 495, 2745, 323, 322, 2744, 2757, 2758, 775, 2759, 2757, 1153, 2760, 2759, 610, 2761, 2760, 609, 2762, 2761, 492, 2763, 2762, 409, 2764, 2763, 408, 2765, 2764, 494, 2766, 2765, 493, 2767, 2766, 777, 2768, 2767, 779, 2769, 2768, 778, 2742, 2769, 321, 321, 320, 2742, 778, 321, 2769, 779, 778, 2768, 777, 779, 2767, 493, 777, 2766, 494, 493, 2765, 408, 494, 2764, 409, 408, 2763, 492, 409, 2762, 609, 492, 2761, 610, 609, 2760, 1153, 610, 2759, 775, 1153, 2757, 2770, 2771, 2772, 2772, 2773, 2770, 772, 608, 2770, 2773, 772, 2770, 602, 2774, 2775, 2774, 602, 1152, 2776, 2777, 2770, 2770, 608, 2776, 607, 2775, 2776, 2777, 2778, 2771, 2771, 2770, 2777, 608, 607, 2776, 1152, 2254, 2774, 2775, 607, 602, 606, 2779, 2780, 773, 2780, 2756, 772, 2773, 2781, 2781, 2782, 772, 2779, 606, 772, 2773, 2772, 2783, 2783, 2781, 2773, 2782, 2779, 772, 2756, 969, 773, 2780, 773, 606, 2783, 2772, 2771, 2771, 2778, 2783, 2781, 2783, 2778, 2778, 2777, 2781, 2776, 2782, 2781, 2777, 2776, 2781, 2784, 2785, 2786, 2786, 2787, 2784, 774, 1512, 2784, 2787, 774, 2784, 2788, 2789, 617, 617, 2789, 2728, 774, 2787, 2790, 2790, 2791, 774, 2788, 616, 774, 2787, 2786, 2792, 2792, 2790, 2787, 2791, 2788, 774, 2728, 972, 617, 617, 616, 2788, 776, 2793, 2794, 2793, 776, 775, 2795, 2796, 2784, 2784, 1512, 2795, 970, 2794, 2795, 2796, 2797, 2785, 2785, 2784, 2796, 1512, 970, 2795, 775, 2758, 2793, 2794, 970, 776, 2792, 2786, 2785, 2785, 2797, 2792, 2790, 2792, 2797, 2797, 2796, 2790, 2795, 2791, 2790, 2796, 2795, 2790, 2798, 2799, 2800, 2800, 2801, 2798, 1319, 1154, 2798, 2801, 1319, 2798, 2802, 2803, 1159, 1159, 2803, 2700, 1319, 2801, 2804, 2804, 2805, 1319, 2802, 1158, 1319, 2801, 2800, 2806, 2806, 2804, 2801, 2805, 2802, 1319, 2700, 1443, 1159, 1159, 1158, 2802, 1442, 2807, 2808, 2807, 1442, 780, 2809, 2810, 2798, 2798, 1154, 2809, 781, 2808, 2809, 2810, 2811, 2799, 2799, 2798, 2810, 1154, 781, 2809, 780, 2730, 2807, 2808, 781, 1442, 2806, 2800, 2799, 2799, 2811, 2806, 2804, 2806, 2811, 2811, 2810, 2804, 2809, 2805, 2804, 2810, 2809, 2804, 2812, 2813, 2814, 2814, 2815, 2812, 502, 1551, 2812, 2815, 502, 2812, 2816, 2817, 626, 626, 2817, 2672, 502, 2815, 2818, 2818, 2819, 502, 2816, 625, 502, 2815, 2814, 2820, 2820, 2818, 2815, 2819, 2816, 502, 2672, 987, 626, 626, 625, 2816, 981, 2821, 2822, 2821, 981, 980, 2823, 2824, 2812, 2812, 1551, 2823, 1160, 2822, 2823, 2824, 2825, 2813, 2813, 2812, 2824, 1551, 1160, 2823, 980, 2702, 2821, 2822, 1160, 981, 2820, 2814, 2813, 2813, 2825, 2820, 2818, 2820, 2825, 2825, 2824, 2818, 2823, 2819, 2818, 2824, 2823, 2818, 2826, 2827, 2828, 2826, 513, 2827, 2828, 2829, 2826, 2826, 989, 513, 791, 2830, 2831, 792, 2831, 2644, 989, 2826, 2832, 2832, 2833, 989, 2830, 791, 989, 2826, 2829, 2834, 2834, 2832, 2826, 2833, 2830, 989, 2644, 1161, 792, 2831, 792, 791, 1513, 2835, 2836, 2835, 1513, 788, 2837, 2838, 2827, 2827, 513, 2837, 789, 2836, 2837, 2838, 2839, 2828, 2828, 2827, 2838, 513, 789, 2837, 788, 2674, 2835, 2836, 789, 1513, 2834, 2829, 2828, 2828, 2839, 2834, 2832, 2834, 2839, 2839, 2838, 2832, 2837, 2833, 2832, 2838, 2837, 2832, 2840, 2841, 2842, 2842, 2843, 2840, 990, 1624, 2840, 2843, 990, 2840, 2844, 2845, 1001, 1001, 2845, 2616, 990, 2843, 2846, 2846, 2847, 990, 2844, 1000, 990, 2843, 2842, 2848, 2848, 2846, 2843, 2847, 2844, 990, 2616, 1323, 1001, 1001, 1000, 2844, 2849, 2850, 1321, 2849, 1163, 1162, 2851, 2852, 2840, 2840, 1624, 2851, 1321, 2850, 2851, 2852, 2853, 2841, 2841, 2840, 2852, 1624, 1321, 2851, 1162, 2646, 2849, 1321, 1163, 2849, 2848, 2842, 2841, 2841, 2853, 2848, 2846, 2848, 2853, 2853, 2852, 2846, 2851, 2847, 2846, 2852, 2851, 2846, 2854, 2855, 2856, 2856, 2857, 2854, 1325, 368, 2854, 2857, 1325, 2854, 2858, 2859, 1173, 1173, 2859, 2588, 1325, 2857, 2860, 2860, 2861, 1325, 2858, 1172, 1325, 2857, 2856, 2862, 2862, 2860, 2857, 2861, 2858, 1325, 2588, 1445, 1173, 1173, 1172, 2858, 1552, 2863, 2864, 2863, 1552, 1167, 368, 2865, 2866, 368, 2864, 2865, 2866, 2854, 368, 2854, 2866, 2867, 2867, 2855, 2854, 368, 1168, 2864, 1167, 2618, 2863, 2864, 1168, 1552, 2862, 2856, 2855, 2855, 2867, 2862, 2866, 2860, 2862, 2862, 2867, 2866, 2865, 2861, 2860, 2866, 2865, 2860, 2868, 2869, 2870, 2870, 2871, 2868, 1174, 1007, 2868, 2871, 1174, 2868, 2872, 2873, 1175, 1175, 2873, 2560, 1174, 2871, 2874, 2874, 2875, 1174, 2872, 1005, 1174, 2871, 2870, 2876, 2876, 2874, 2871, 2875, 2872, 1174, 2560, 1448, 1175, 1175, 1005, 2872, 2877, 1006, 1177, 2878, 1177, 1176, 2879, 2880, 2868, 2868, 1007, 2879, 1006, 2877, 2879, 2880, 2881, 2869, 2869, 2868, 2880, 1007, 1006, 2879, 1176, 2590, 2878, 1177, 2878, 2877, 2876, 2870, 2869, 2869, 2881, 2876, 2874, 2876, 2881, 2881, 2880, 2874, 2879, 2875, 2874, 2880, 2879, 2874, 2882, 2883, 2884, 2882, 1189, 2883, 2884, 2885, 2882, 2882, 1334, 1189, 1190, 2886, 2887, 2886, 1190, 1332, 2888, 2889, 2883, 2883, 1189, 2888, 1188, 2887, 2888, 2889, 2890, 2884, 2884, 2883, 2889, 1189, 1188, 2888, 1332, 2506, 2886, 2887, 1188, 1190, 2891, 2892, 1191, 1191, 2892, 2532, 1334, 2882, 2893, 2893, 2894, 1334, 2891, 1187, 1334, 2882, 2885, 2895, 2895, 2893, 2882, 2894, 2891, 1334, 2532, 1335, 1191, 1191, 1187, 2891, 2895, 2885, 2884, 2884, 2890, 2895, 2893, 2895, 2890, 2890, 2889, 2893, 2888, 2894, 2893, 2889, 2888, 2893, 2896, 2897, 2898, 2898, 2899, 2896, 1329, 531, 2896, 2899, 1329, 2896, 2900, 2901, 1186, 1186, 2901, 2504, 1329, 2899, 2902, 2902, 2903, 1329, 2900, 1185, 1329, 2899, 2898, 2904, 2904, 2902, 2899, 2903, 2900, 1329, 2504, 1449, 1186, 1186, 1185, 2900, 1607, 2905, 2906, 2905, 1607, 1327, 2907, 2908, 2896, 2896, 531, 2907, 1328, 2906, 2907, 2908, 2909, 2897, 2897, 2896, 2908, 531, 1328, 2907, 1327, 2562, 2905, 2906, 1328, 1607, 2904, 2898, 2897, 2897, 2909, 2904, 2902, 2904, 2909, 2909, 2908, 2902, 2907, 2903, 2902, 2908, 2907, 2902, 2910, 2911, 2912, 2912, 2913, 2910, 1192, 1584, 2910, 2913, 1192, 2910, 2914, 2915, 1033, 1033, 2915, 2476, 1192, 2913, 2916, 2916, 2917, 1192, 2914, 1032, 1192, 2913, 2912, 2918, 2918, 2916, 2913, 2917, 2914, 1192, 2476, 1342, 1033, 1033, 1032, 2914, 1337, 2919, 2920, 2919, 1337, 1336, 2921, 2922, 2910, 2910, 1584, 2921, 1452, 2920, 2921, 2922, 2923, 2911, 2911, 2910, 2922, 1584, 1452, 2921, 1336, 2534, 2919, 2920, 1452, 1337, 2918, 2912, 2911, 2911, 2923, 2918, 2916, 2918, 2923, 2923, 2922, 2916, 2921, 2917, 2916, 2922, 2921, 2916, 2924, 2925, 2926, 2926, 2927, 2924, 1344, 1202, 2924, 2927, 1344, 2924, 2928, 2929, 1201, 1201, 2929, 2448, 1344, 2927, 2930, 2930, 2931, 1344, 2928, 1200, 1344, 2927, 2926, 2932, 2932, 2930, 2927, 2931, 2928, 1344, 2448, 1453, 1201, 1201, 1200, 2928, 2933, 2934, 1034, 2933, 1608, 1341, 2935, 2936, 2924, 2924, 1202, 2935, 1034, 2934, 2935, 2936, 2937, 2925, 2925, 2924, 2936, 1202, 1034, 2935, 1341, 2478, 2933, 1034, 1608, 2933, 2932, 2926, 2925, 2925, 2937, 2932, 2930, 2932, 2937, 2936, 2931, 2930, 2937, 2936, 2930, 2936, 2935, 2931, 2938, 2939, 2940, 2940, 2941, 2938, 1036, 1585, 2938, 2941, 1036, 2938, 2942, 2943, 843, 843, 2943, 2420, 1036, 2941, 2944, 2944, 2945, 1036, 2942, 842, 1036, 2941, 2940, 2946, 2946, 2944, 2941, 2945, 2942, 1036, 2420, 1205, 843, 843, 842, 2942, 1038, 2947, 2948, 2947, 1038, 1037, 2949, 2950, 2938, 2938, 1585, 2949, 1203, 2948, 2949, 2950, 2951, 2939, 2939, 2938, 2950, 1585, 1203, 2949, 1037, 2450, 2947, 2948, 1203, 1038, 2946, 2940, 2939, 2939, 2951, 2946, 2944, 2946, 2951, 2951, 2950, 2944, 2949, 2945, 2944, 2950, 2949, 2944, 2952, 2953, 2954, 2954, 2955, 2952, 1346, 1045, 2952, 2955, 1346, 2952, 1209, 2956, 2957, 1210, 2957, 2392, 1346, 2955, 2958, 2958, 2959, 1346, 2956, 1209, 1346, 2955, 2954, 2960, 2960, 2958, 2955, 2959, 2956, 1346, 2392, 1454, 1210, 2957, 1210, 1209, 2961, 2962, 1041, 2961, 1515, 1040, 2963, 2964, 2952, 2952, 1045, 2963, 1041, 2962, 2963, 2964, 2965, 2953, 2953, 2952, 2964, 1045, 1041, 2963, 1040, 2422, 2961, 1041, 1515, 2961, 2960, 2954, 2953, 2953, 2965, 2960, 2958, 2960, 2965, 2964, 2959, 2958, 2965, 2964, 2958, 2964, 2963, 2959, 2966, 2967, 2968, 2968, 2969, 2966, 1347, 1625, 2966, 2969, 1347, 2966, 1217, 2970, 2971, 1218, 2971, 2364, 1347, 2969, 2972, 2972, 2973, 1347, 2970, 1217, 1347, 2969, 2968, 2974, 2974, 2972, 2969, 2973, 2970, 1347, 2364, 1457, 1218, 2971, 1218, 1217, 2975, 2976, 1455, 2975, 1349, 1348, 2977, 2978, 2966, 2966, 1625, 2977, 1455, 2976, 2977, 2978, 2979, 2967, 2967, 2966, 2978, 1625, 1455, 2977, 1348, 2394, 2975, 1455, 1349, 2975, 2974, 2968, 2967, 2967, 2979, 2974, 2972, 2974, 2979, 2979, 2978, 2972, 2977, 2973, 2972, 2978, 2977, 2972, 2980, 2981, 2982, 2982, 2983, 2980, 1459, 673, 2980, 2983, 1459, 2980, 1359, 2984, 2985, 1360, 2985, 2336, 1459, 2983, 2986, 2986, 2987, 1459, 2984, 1359, 1459, 2983, 2982, 2988, 2988, 2986, 2983, 2987, 2984, 1459, 2336, 1517, 1360, 2985, 1360, 1359, 1586, 2989, 2990, 2989, 1586, 1354, 673, 2991, 2992, 673, 2990, 2991, 2992, 2980, 673, 2980, 2992, 2993, 2993, 2981, 2980, 673, 1355, 2990, 1354, 2366, 2989, 2990, 1355, 1586, 2988, 2982, 2981, 2981, 2993, 2988, 2992, 2986, 2988, 2992, 2987, 2986, 2988, 2993, 2992, 2992, 2991, 2987, 2994, 2995, 2996, 2994, 1303, 2995, 2996, 2997, 2994, 2994, 1583, 1303, 1305, 2998, 2999, 2998, 1305, 1304, 3000, 3001, 2995, 2995, 1303, 3000, 1302, 2999, 3000, 3001, 3002, 2996, 2996, 2995, 3001, 1303, 1302, 3000, 1304, 2198, 2998, 2999, 1302, 1305, 1301, 3003, 3004, 1311, 3004, 2308, 1583, 2994, 3005, 3005, 3006, 1583, 3003, 1301, 1583, 2994, 2997, 3007, 3007, 3005, 2994, 3006, 3003, 1583, 2308, 1439, 1311, 3004, 1311, 1301, 3007, 2997, 2996, 2996, 3002, 3007, 3001, 3005, 3007, 3007, 3002, 3001, 3000, 3006, 3005, 3001, 3000, 3005, 3008, 3009, 3010, 3010, 3011, 3008, 1441, 399, 3008, 3011, 1441, 3008, 3012, 3013, 1315, 1315, 3013, 2280, 1441, 3011, 3014, 3014, 3015, 1441, 3012, 1314, 1441, 3011, 3010, 3016, 3016, 3014, 3011, 3015, 3012, 1441, 2280, 1510, 1315, 1315, 1314, 3012, 1640, 3017, 3018, 3017, 1640, 1309, 3019, 3020, 3008, 3008, 399, 3019, 1310, 3018, 3019, 3020, 3021, 3009, 3009, 3008, 3020, 399, 1310, 3019, 1309, 2310, 3017, 3018, 1310, 1640, 3016, 3010, 3009, 3009, 3021, 3016, 3014, 3016, 3021, 3021, 3020, 3014, 3019, 3015, 3014, 3020, 3019, 3014, 3022, 3023, 3024, 3022, 1511, 3023, 3024, 3025, 3022, 3022, 766, 1511, 966, 3026, 3027, 3026, 966, 965, 3028, 3029, 3023, 3023, 1511, 3028, 1149, 3027, 3028, 3029, 3030, 3024, 3024, 3023, 3029, 1511, 1149, 3028, 965, 2226, 3026, 3027, 1149, 966, 3031, 3032, 601, 601, 3032, 2252, 766, 3022, 3033, 3033, 3034, 766, 3031, 600, 766, 3022, 3025, 3035, 3035, 3033, 3022, 3034, 3031, 766, 2252, 967, 601, 601, 600, 3031, 3035, 3025, 3024, 3024, 3030, 3035, 3033, 3035, 3030, 3030, 3029, 3033, 3028, 3034, 3033, 3029, 3028, 3033, 3036, 3037, 3038, 3038, 3039, 3036, 963, 760, 3037, 3036, 963, 3037, 3040, 3041, 762, 762, 3041, 2224, 963, 3036, 3042, 3042, 3043, 963, 3040, 758, 963, 3036, 3039, 3044, 3044, 3042, 3036, 3043, 3040, 963, 2224, 763, 762, 762, 758, 3040, 761, 3045, 3046, 3045, 761, 964, 3047, 3048, 3037, 3037, 760, 3047, 759, 3046, 3047, 3048, 3049, 3038, 3038, 3037, 3048, 760, 759, 3047, 964, 2282, 3045, 3046, 759, 761, 3044, 3039, 3038, 3038, 3049, 3044, 3042, 3044, 3049, 3049, 3048, 3042, 3047, 3043, 3042, 3048, 3047, 3042, 3050, 3051, 3052, 3050, 1132, 3051, 3052, 3053, 3050, 3050, 1437, 1132, 1582, 3054, 3055, 3054, 1582, 1295, 3056, 3057, 3051, 3051, 1132, 3056, 1296, 3055, 3056, 3057, 3058, 3052, 3052, 3051, 3057, 1132, 1296, 3056, 1295, 2170, 3054, 3055, 1296, 1582, 1299, 3059, 3060, 1300, 3060, 2196, 1437, 3050, 3061, 3061, 3062, 1437, 3059, 1299, 1437, 3050, 3053, 3063, 3063, 3061, 3050, 3062, 3059, 1437, 2196, 1508, 1300, 3060, 1300, 1299, 3063, 3053, 3052, 3052, 3058, 3063, 3061, 3063, 3058, 3058, 3057, 3061, 3056, 3062, 3061, 3057, 3056, 3061, 3064, 3065, 3066, 3064, 1623, 3065, 3066, 3067, 3064, 3064, 940, 1623, 3068, 3069, 1433, 3068, 1291, 1290, 3070, 3071, 3065, 3065, 1623, 3070, 1433, 3069, 3070, 3071, 3072, 3066, 3066, 3065, 3071, 1623, 1433, 3070, 1290, 2142, 3068, 1433, 1291, 3068, 3073, 3074, 1129, 1129, 3074, 2168, 940, 3064, 3075, 3075, 3076, 940, 3073, 1128, 940, 3064, 3067, 3077, 3077, 3075, 3064, 3076, 3073, 940, 2168, 1435, 1129, 1129, 1128, 3073, 3077, 3067, 3066, 3066, 3072, 3077, 3071, 3075, 3077, 3077, 3072, 3071, 3070, 3076, 3075, 3071, 3070, 3075, 3078, 3079, 3080, 3080, 3081, 3078, 1289, 938, 3078, 3081, 1289, 3078, 1581, 3082, 3083, 3082, 1581, 1116, 3084, 3085, 3078, 3078, 938, 3084, 1117, 3083, 3084, 3085, 3086, 3079, 3079, 3078, 3085, 938, 1117, 3084, 1116, 2114, 3082, 3083, 1117, 1581, 1119, 3087, 3088, 1120, 3088, 2140, 1289, 3081, 3089, 3089, 3090, 1289, 3087, 1119, 1289, 3081, 3080, 3091, 3091, 3089, 3081, 3090, 3087, 1289, 2140, 1432, 1120, 3088, 1120, 1119, 3091, 3080, 3079, 3079, 3086, 3091, 3089, 3091, 3086, 3086, 3085, 3089, 3084, 3090, 3089, 3085, 3084, 3089, 3092, 3093, 3094, 3094, 3095, 3092, 919, 1506, 3092, 3095, 919, 3092, 921, 3096, 3097, 3096, 921, 920, 3098, 3099, 3092, 3092, 1506, 3098, 1114, 3097, 3098, 3099, 3100, 3093, 3093, 3092, 3099, 1506, 1114, 3098, 920, 1890, 3096, 3097, 1114, 921, 926, 3101, 3102, 927, 3102, 2112, 919, 3095, 3103, 3103, 3104, 919, 3101, 926, 919, 3095, 3094, 3105, 3105, 3103, 3095, 3104, 3101, 919, 2112, 1288, 927, 3102, 927, 926, 3105, 3094, 3093, 3093, 3100, 3105, 3099, 3103, 3105, 3099, 3104, 3103, 3105, 3100, 3099, 3099, 3098, 3104, 3106, 3107, 3108, 3108, 3109, 3106, 1620, 1539, 3106, 3109, 1620, 3106, 1649, 3110, 3111, 3110, 1649, 1599, 3112, 3113, 3106, 3106, 1539, 3112, 1600, 3111, 3112, 3113, 3114, 3107, 3107, 3106, 3113, 1539, 1600, 3112, 1599, 1666, 3110, 3111, 1600, 1649, 1604, 3115, 3116, 1605, 3116, 2084, 1620, 3109, 3117, 3117, 3118, 1620, 3115, 1604, 1620, 3109, 3108, 3119, 3119, 3117, 3109, 3118, 3115, 1620, 2084, 1639, 1605, 3116, 1605, 1604, 3119, 3108, 3107, 3107, 3114, 3119, 3117, 3119, 3114, 3114, 3113, 3117, 3112, 3118, 3117, 3113, 3112, 3117, 3120, 3121, 3122, 3122, 3123, 3120, 1404, 1647, 3120, 3123, 1404, 3120, 3124, 3125, 1413, 1413, 3125, 2056, 1404, 3123, 3126, 3126, 3127, 1404, 3124, 1412, 1404, 3123, 3122, 3128, 3128, 3126, 3123, 3127, 3124, 1404, 2056, 1544, 1413, 1413, 1412, 3124, 1494, 3129, 3130, 3129, 1494, 1493, 3131, 3132, 3120, 3120, 1647, 3131, 1542, 3130, 3131, 3132, 3133, 3121, 3121, 3120, 3132, 1647, 1542, 3131, 1493, 2086, 3129, 3130, 1542, 1494, 3128, 3122, 3121, 3121, 3133, 3128, 3126, 3128, 3133, 3133, 3132, 3126, 3131, 3127, 3126, 3132, 3131, 3126, 3134, 3135, 3136, 3136, 3137, 3134, 1500, 700, 3134, 3137, 1500, 3134, 1419, 3138, 3139, 1420, 3139, 2028, 1500, 3137, 3140, 3140, 3141, 1500, 3138, 1419, 1500, 3137, 3136, 3142, 3142, 3140, 3137, 3141, 3138, 1500, 2028, 1545, 1420, 3139, 1420, 1419, 3143, 3144, 1499, 3143, 1621, 1498, 3145, 3146, 3134, 3134, 700, 3145, 1499, 3144, 3145, 3146, 3147, 3135, 3135, 3134, 3146, 700, 1499, 3145, 1498, 2058, 3143, 1499, 1621, 3143, 3142, 3136, 3135, 3135, 3147, 3142, 3140, 3142, 3147, 3147, 3146, 3140, 3145, 3141, 3140, 3146, 3145, 3140, 3148, 3149, 3150, 3150, 3151, 3148, 1501, 1272, 3148, 3151, 1501, 3148, 3152, 3153, 1421, 1421, 3153, 2000, 1501, 3151, 3154, 3154, 3155, 1501, 3152, 1270, 1501, 3151, 3150, 3156, 3156, 3154, 3151, 3155, 3152, 1501, 2000, 1548, 1421, 1421, 1270, 3152, 3157, 3158, 1271, 3157, 1423, 1422, 3159, 3160, 3148, 3148, 1272, 3159, 1271, 3158, 3159, 3160, 3161, 3149, 3149, 3148, 3160, 1272, 1271, 3159, 1422, 2030, 3157, 1271, 1423, 3157, 3156, 3150, 3149, 3149, 3161, 3156, 3154, 3156, 3161, 3161, 3160, 3154, 3159, 3155, 3154, 3160, 3159, 3154, 3162, 3163, 3164, 3162, 1108, 3163, 3164, 3165, 3162, 3162, 1283, 1108, 1109, 3166, 3167, 3166, 1109, 1104, 3168, 3169, 3163, 3163, 1108, 3168, 1107, 3167, 3168, 3169, 3170, 3164, 3164, 3163, 3169, 1108, 1107, 3168, 1104, 1946, 3166, 3167, 1107, 1109, 1106, 3171, 3172, 1110, 3172, 1972, 1283, 3162, 3173, 3173, 3174, 1283, 3171, 1106, 1283, 3162, 3165, 3175, 3175, 3173, 3162, 3174, 3171, 1283, 1972, 1284, 1110, 3172, 1110, 1106, 3175, 3165, 3164, 3164, 3170, 3175, 3169, 3173, 3175, 3169, 3174, 3173, 3175, 3170, 3169, 3169, 3168, 3174, 3176, 3177, 3178, 3178, 3179, 3176, 1282, 555, 3176, 3179, 1282, 3176, 3180, 3181, 1101, 1101, 3181, 1944, 1282, 3179, 3182, 3182, 3183, 1282, 3180, 1100, 1282, 3179, 3178, 3184, 3184, 3182, 3179, 3183, 3180, 1282, 1944, 1429, 1101, 1101, 1100, 3180, 1622, 3185, 3186, 3185, 1622, 1503, 3187, 3188, 3176, 3176, 555, 3187, 1504, 3186, 3187, 3188, 3189, 3177, 3177, 3176, 3188, 555, 1504, 3187, 1503, 2002, 3185, 3186, 1504, 1622, 3184, 3178, 3177, 3177, 3189, 3184, 3182, 3184, 3189, 3189, 3188, 3182, 3187, 3183, 3182, 3188, 3187, 3182, 3190, 3191, 3192, 3192, 3193, 3190, 718, 1606, 3190, 3193, 718, 3190, 563, 3194, 3195, 564, 3195, 1916, 718, 3193, 3196, 3196, 3197, 718, 3194, 563, 718, 3193, 3192, 3198, 3198, 3196, 3193, 3197, 3194, 718, 1916, 916, 564, 3195, 564, 563, 1112, 3199, 3200, 3199, 1112, 1111, 3201, 3202, 3190, 3190, 1606, 3201, 1285, 3200, 3201, 3202, 3203, 3191, 3191, 3190, 3202, 1606, 1285, 3201, 1111, 1974, 3199, 3200, 1285, 1112, 3198, 3192, 3191, 3191, 3203, 3198, 3196, 3198, 3203, 3203, 3202, 3196, 3201, 3197, 3196, 3202, 3201, 3196, 3204, 3205, 3206, 3206, 3207, 3204, 918, 724, 3204, 3207, 918, 3204, 3208, 3209, 723, 723, 3209, 1888, 918, 3207, 3210, 3210, 3211, 918, 3208, 722, 918, 3207, 3206, 3212, 3212, 3210, 3207, 3211, 3208, 918, 1888, 1113, 723, 723, 722, 3208, 1550, 3213, 3214, 3213, 1550, 915, 3215, 3216, 3204, 3204, 724, 3215, 720, 3214, 3215, 3216, 3217, 3205, 3205, 3204, 3216, 724, 720, 3215, 915, 1918, 3213, 3214, 720, 1550, 3212, 3206, 3205, 3205, 3217, 3212, 3210, 3212, 3217, 3217, 3216, 3210, 3215, 3211, 3210, 3216, 3215, 3210, 3218, 3219, 3220, 3220, 3221, 3218, 1464, 1378, 3218, 3221, 1464, 3218, 1379, 3222, 3223, 3222, 1379, 1465, 3224, 3225, 3218, 3218, 1378, 3224, 1377, 3223, 3224, 3225, 3226, 3219, 3219, 3218, 3225, 1378, 1377, 3224, 1465, 1806, 3222, 3223, 1377, 1379, 1376, 3227, 3228, 1380, 3228, 1860, 1464, 3221, 3229, 3229, 3230, 1464, 3227, 1376, 1464, 3221, 3220, 3231, 3231, 3229, 3221, 3230, 3227, 1464, 1860, 1381, 1380, 3228, 1380, 1376, 3231, 3220, 3219, 3219, 3226, 3231, 3229, 3231, 3226, 3226, 3225, 3229, 3224, 3230, 3229, 3225, 3224, 3229, 3232, 3233, 3234, 3234, 3235, 3232, 1230, 1626, 3232, 3235, 1230, 3232, 1386, 1385, 3236, 1386, 3237, 1832, 1230, 3235, 3238, 3238, 3239, 1230, 3236, 1385, 1230, 3235, 3234, 3240, 3240, 3238, 3235, 3239, 3236, 1230, 1832, 1522, 1386, 3236, 3237, 1386, 3241, 3242, 1520, 3241, 1469, 1468, 3243, 3244, 3232, 3232, 1626, 3243, 1520, 3242, 3243, 3244, 3245, 3233, 3233, 3232, 3244, 1626, 1520, 3243, 1468, 1862, 3241, 1520, 1469, 3241, 3240, 3234, 3233, 3233, 3245, 3240, 3238, 3240, 3245, 3245, 3244, 3238, 3243, 3239, 3238, 3244, 3243, 3238, 3246, 3247, 3248, 3248, 3249, 3246, 1463, 1372, 3246, 3249, 1463, 3246, 1641, 3250, 3251, 3250, 1641, 1367, 3252, 3253, 3246, 3246, 1372, 3252, 1368, 3251, 3252, 3253, 3254, 3247, 3247, 3246, 3253, 1372, 1368, 3252, 1367, 1778, 3250, 3251, 1368, 1641, 3255, 3256, 1375, 1375, 3256, 1804, 1463, 3249, 3257, 3257, 3258, 1463, 3255, 1374, 1463, 3249, 3248, 3259, 3259, 3257, 3249, 3258, 3255, 1463, 1804, 1519, 1375, 1375, 1374, 3255, 3259, 3248, 3247, 3247, 3254, 3259, 3257, 3259, 3254, 3254, 3253, 3257, 3252, 3258, 3257, 3253, 3252, 3257, 3260, 3261, 3262, 3262, 3263, 3260, 1587, 1363, 3260, 3263, 1587, 3260, 1361, 3264, 3265, 1369, 3265, 1776, 1587, 3263, 3266, 3266, 3267, 1587, 3264, 1361, 1587, 3263, 3262, 3268, 3268, 3266, 3263, 3267, 3264, 1587, 1776, 1461, 1369, 3265, 1369, 1361, 1365, 3269, 3270, 3269, 1365, 1364, 3271, 3272, 3260, 3260, 1363, 3271, 1362, 3270, 3271, 3272, 3273, 3261, 3261, 3260, 3272, 1363, 1362, 3271, 1364, 2338, 3269, 3270, 1362, 1365, 3268, 3262, 3261, 3261, 3273, 3268, 3266, 3268, 3273, 3273, 3272, 3266, 3271, 3267, 3266, 3272, 3271, 3266, 3274, 3275, 3276, 3276, 3277, 3274, 1561, 1528, 3274, 3277, 1561, 3274, 3278, 3279, 1562, 1562, 3279, 1748, 1561, 3277, 3280, 3280, 3281, 1561, 3278, 1526, 1561, 3277, 3276, 3282, 3282, 3280, 3277, 3281, 3278, 1561, 1748, 1590, 1562, 1562, 1526, 3278, 1524, 3283, 3284, 3283, 1524, 1558, 3285, 3286, 3274, 3274, 1528, 3285, 1527, 3284, 3285, 3286, 3287, 3275, 3275, 3274, 3286, 1528, 1527, 3285, 1558, 1834, 3283, 3284, 1527, 1524, 3282, 3276, 3275, 3275, 3287, 3282, 3280, 3282, 3287, 3287, 3286, 3280, 3285, 3281, 3280, 3286, 3285, 3280, 3288, 3289, 3290, 3290, 3291, 3288, 1241, 1642, 3288, 3291, 1241, 3288, 3292, 3293, 1478, 1478, 3293, 1720, 1241, 3291, 3294, 3294, 3295, 1241, 3292, 1477, 1241, 3291, 3290, 3296, 3296, 3294, 3291, 3295, 3292, 1241, 1720, 1566, 1478, 1478, 1477, 3292, 1530, 3297, 3298, 3297, 1530, 1529, 3299, 3300, 3288, 3288, 1642, 3299, 1563, 3298, 3299, 3300, 3301, 3289, 3289, 3288, 3300, 1642, 1563, 3299, 1529, 1750, 3297, 3298, 1563, 1530, 3296, 3290, 3289, 3289, 3301, 3296, 3294, 3296, 3301, 3301, 3300, 3294, 3299, 3295, 3294, 3300, 3299, 3294, 3302, 3303, 3304, 3304, 3305, 3302, 1643, 1592, 3302, 3305, 1643, 3302, 1631, 3306, 3307, 1632, 3307, 1692, 1643, 3305, 3308, 3308, 3309, 1643, 3306, 1631, 1643, 3305, 3304, 3310, 3310, 3308, 3305, 3309, 3306, 1643, 1692, 1645, 1632, 3307, 1632, 1631, 1627, 3311, 3312, 3311, 1627, 1532, 3313, 3314, 3302, 3302, 1592, 3313, 1533, 3312, 3313, 3314, 3315, 3303, 3303, 3302, 3314, 1592, 1533, 3313, 1532, 1722, 3311, 3312, 1533, 1627, 3310, 3304, 3303, 3303, 3315, 3310, 3308, 3310, 3315, 3315, 3314, 3308, 3313, 3309, 3308, 3314, 3313, 3308, 260, 2350, 2351, 260, 2376, 2377, 263, 2424, 2425, 237, 1929, 1902, 256, 1783, 1784, 256, 1780, 1781, 256, 1777, 1779, 2377, 2350, 260, 259, 2375, 2376, 263, 2408, 2409, 2425, 2426, 263, 279, 2762, 2763, 1902, 1903, 237, 236, 1928, 1929, 250, 1733, 1706, 253, 1845, 1818, 256, 1817, 1790, 257, 1762, 1763, 257, 1788, 1789, 1784, 1785, 256, 1779, 1780, 256, 2991, 2332, 2333, 259, 2349, 2322, 260, 2360, 2361, 260, 2357, 2358, 260, 2352, 2353, 2376, 260, 259, 259, 2370, 2371, 259, 2368, 2369, 259, 2365, 2367, 263, 2411, 2412, 2409, 2410, 263, 263, 2406, 2407, 263, 2432, 2433, 2426, 2427, 263, 266, 2489, 2462, 279, 2741, 2714, 280, 2769, 2742, 279, 2761, 2762, 283, 2215, 2216, 283, 2213, 2214, 283, 2237, 2210, 285, 2266, 2267, 285, 2292, 2293, 1929, 237, 236, 238, 1985, 1958, 1706, 1707, 250, 249, 1732, 1733, 251, 1761, 1734, 250, 3295, 1752, 1818, 1819, 253, 252, 1844, 1845, 256, 1796, 1797, 1790, 1791, 256, 1789, 1762, 257, 256, 1787, 1788, 1785, 1786, 256, 1781, 1782, 256, 2991, 2331, 2332, 2322, 2323, 259, 258, 2348, 2349, 2361, 2362, 260, 2358, 2359, 260, 260, 2354, 2355, 2351, 2352, 260, 259, 2373, 2374, 2371, 2372, 259, 2367, 2368, 259, 260, 2400, 2401, 263, 2413, 2414, 2410, 2411, 263, 2433, 2406, 263, 263, 2430, 2431, 2427, 2428, 263, 263, 2945, 2452, 266, 2470, 2471, 2462, 2463, 266, 265, 2488, 2489, 269, 2500, 2501, 269, 2495, 2496, 2714, 2715, 279, 278, 2740, 2741, 278, 2729, 2731, 2742, 2743, 280, 279, 2768, 2769, 2763, 2764, 279, 282, 2265, 2238, 2214, 2215, 283, 2210, 2211, 283, 282, 2236, 2237, 285, 2268, 2269, 2293, 2266, 285, 286, 2302, 2303, 286, 2298, 2299, 286, 2294, 2295, 286, 2320, 2321, 285, 2309, 2311, 288, 2209, 2182, 289, 2181, 2154, 237, 1909, 1910, 237, 1905, 1906, 1903, 1904, 237, 1958, 1959, 238, 238, 1983, 1984, 250, 1712, 1713, 1733, 250, 249, 249, 1724, 1725, 249, 1721, 1723, 1734, 1735, 251, 250, 1760, 1761, 3295, 1751, 1752, 253, 1823, 1824, 1845, 253, 252, 252, 1841, 1842, 252, 1836, 1837, 252, 1833, 1835, 254, 1851, 1852, 256, 1795, 1796, 1791, 1792, 256, 256, 1815, 1816, 256, 1812, 1813, 1788, 257, 256, 1782, 1783, 256, 2333, 2334, 2991, 2991, 2329, 2330, 259, 2327, 2328, 2349, 259, 258, 2359, 2360, 260, 2355, 2356, 260, 2374, 2375, 259, 2369, 2370, 259, 259, 2990, 2989, 261, 2405, 2378, 260, 2404, 2405, 2401, 2402, 260, 262, 2384, 2385, 262, 261, 2379, 263, 2415, 2416, 2412, 2413, 263, 2431, 2432, 263, 2428, 2429, 263, 262, 2421, 2423, 2452, 2453, 263, 2471, 2472, 266, 266, 2466, 2467, 2489, 266, 265, 267, 2518, 2519, 267, 2544, 2545, 2501, 2907, 269, 269, 2498, 2499, 2496, 2497, 269, 269, 2492, 2493, 269, 2490, 2491, 269, 2516, 2517, 269, 2566, 2567, 272, 2584, 2585, 272, 2581, 2582, 273, 2611, 2612, 2741, 279, 278, 278, 2738, 2739, 2731, 2732, 278, 2769, 280, 279, 2764, 2765, 279, 279, 2791, 2760, 2238, 2239, 282, 281, 2264, 2265, 281, 2261, 2262, 283, 2218, 2219, 2216, 2217, 283, 2237, 283, 282, 282, 2232, 2233, 282, 2229, 2230, 282, 3034, 2228, 285, 2270, 2271, 2267, 2268, 285, 285, 2290, 2291, 285, 2288, 2289, 286, 2305, 2306, 286, 2301, 2302, 2299, 2300, 286, 2321, 2294, 286, 285, 2319, 2320, 285, 2316, 2317, 2311, 2312, 285, 288, 2188, 2189, 2182, 2183, 288, 287, 2208, 2209, 2154, 2155, 289, 288, 2180, 2181, 288, 2171, 2172, 234, 2125, 2098, 1910, 1911, 237, 237, 1907, 1908, 1904, 1905, 237, 1984, 1985, 238, 250, 1715, 1716, 1713, 1714, 250, 1707, 1708, 250, 249, 1726, 1727, 1723, 1724, 249, 251, 1736, 1737, 1761, 251, 250, 250, 1755, 1756, 250, 1753, 1754, 3295, 1749, 1751, 252, 251, 1740, 1824, 1825, 253, 253, 1821, 1822, 1819, 1820, 253, 1842, 1843, 252, 252, 1838, 1839, 1835, 1836, 252, 254, 1856, 1857, 1852, 1853, 254, 254, 1846, 1847, 254, 1872, 1873, 253, 1867, 1868, 256, 1799, 1800, 1797, 1798, 256, 256, 1793, 1794, 1816, 1817, 256, 1813, 1814, 256, 255, 1810, 1811, 257, 1770, 1771, 257, 1768, 1769, 257, 1766, 1767, 257, 1764, 1765, 1786, 1787, 256, 257, 2341, 2342, 2991, 2336, 2985, 2330, 2331, 2991, 2328, 2991, 259, 259, 2325, 2326, 2323, 2324, 259, 260, 2364, 2970, 2356, 2357, 260, 2372, 2373, 259, 259, 2991, 2990, 2405, 261, 260, 2402, 2403, 260, 260, 2398, 2399, 260, 2973, 2396, 262, 2387, 2388, 262, 2383, 2384, 262, 2381, 2382, 2379, 2380, 262, 263, 2417, 2418, 2414, 2415, 263, 2429, 2430, 263, 2423, 263, 262, 262, 2962, 2961, 264, 2461, 2434, 263, 2456, 2457, 2453, 2454, 263, 265, 2438, 2439, 2472, 2473, 266, 2467, 2468, 266, 2463, 2464, 266, 265, 2482, 2483, 265, 2479, 2480, 2545, 2518, 267, 266, 2543, 2544, 266, 2541, 2542, 266, 2538, 2539, 2501, 2502, 2907, 2497, 2498, 269, 2493, 2494, 269, 2517, 2490, 269, 269, 2507, 2508, 270, 2549, 2550, 270, 2573, 2546, 2567, 2568, 269, 269, 2564, 2565, 269, 2561, 2563, 2585, 2865, 272, 272, 2580, 2581, 272, 2574, 2575, 272, 2600, 2601, 273, 2613, 2614, 273, 2610, 2611, 273, 2607, 2608, 273, 2629, 2602, 2739, 2740, 278, 2732, 2733, 278, 2743, 2744, 280, 279, 2766, 2767, 2760, 2761, 279, 2791, 2757, 2759, 282, 2242, 2243, 282, 2240, 2241, 2265, 282, 281, 2262, 2263, 281, 281, 2259, 2260, 281, 2256, 2257, 281, 2253, 2255, 283, 2221, 2222, 2217, 2218, 283, 2211, 2212, 283, 282, 2234, 2235, 282, 2231, 2232, 2228, 2229, 282, 3034, 2225, 2227, 3019, 2276, 2277, 285, 2275, 2276, 285, 2273, 2274, 2271, 2272, 285, 2291, 2292, 285, 285, 2287, 2288, 286, 2304, 2305, 2300, 2301, 286, 2320, 286, 285, 2317, 2318, 285, 285, 2314, 2315, 2312, 2313, 285, 288, 2191, 2192, 2189, 2190, 288, 288, 2186, 2187, 2209, 288, 287, 289, 2162, 2163, 289, 2160, 2161, 289, 2158, 2159, 289, 2156, 2157, 2181, 289, 288, 288, 2177, 2178, 288, 2169, 2171, 2098, 2099, 234, 234, 2123, 2124, 234, 2120, 2121, 234, 1897, 1898, 1911, 1912, 237, 1906, 1907, 237, 236, 1925, 1926, 236, 1922, 1923, 238, 1964, 1965, 1959, 1960, 238, 238, 1981, 1982, 244, 2069, 2042, 3112, 2080, 2081, 247, 1659, 1660, 247, 1657, 1658, 247, 1653, 1654, 247, 1650, 1651, 247, 1676, 1677, 246, 1670, 1671, 250, 1717, 1718, 1714, 1715, 250, 250, 1710, 1711, 1708, 1709, 250, 249, 1728, 1729, 1725, 1726, 249, 1735, 1736, 251, 250, 1758, 1759, 1756, 1757, 250, 1752, 1753, 250, 3284, 3278, 3281, 3283, 252, 1743, 1740, 1741, 252, 1822, 1823, 253, 1843, 1844, 252, 1837, 1838, 252, 254, 1855, 1856, 1853, 1854, 254, 1873, 1846, 254, 253, 1871, 1872, 1868, 1869, 253, 253, 3239, 1864, 3239, 1861, 1863, 1800, 3252, 256, 1794, 1795, 256, 1814, 1815, 256, 1811, 256, 255, 257, 1773, 1774, 1771, 1772, 257, 1767, 1768, 257, 1763, 1764, 257, 256, 3251, 3250, 257, 2346, 2347, 257, 2344, 2345, 2342, 2343, 257, 257, 3264, 2340, 2985, 2984, 2991, 2328, 2329, 2991, 2324, 2325, 259, 260, 2363, 2364, 2353, 2354, 260, 2989, 2366, 259, 2403, 2404, 260, 260, 2397, 2398, 2973, 2395, 2396, 2973, 2976, 2975, 2963, 2392, 2957, 2963, 2389, 2390, 2388, 2963, 262, 2385, 2386, 262, 2380, 2381, 262, 263, 2420, 2942, 2416, 2417, 263, 2423, 2424, 263, 262, 2963, 2962, 2434, 2435, 264, 263, 2460, 2461, 2457, 2458, 263, 2454, 2455, 263, 2945, 2449, 2451, 2439, 2440, 265, 265, 264, 2437, 2473, 2474, 266, 2468, 2469, 266, 2464, 2465, 266, 265, 2486, 2487, 2483, 2484, 265, 265, 2477, 2479, 2544, 267, 266, 266, 2540, 2541, 266, 2537, 2538, 266, 2917, 2536, 2499, 2500, 269, 2491, 2492, 269, 269, 2512, 2513, 269, 2509, 2510, 269, 2505, 2507, 270, 2553, 2554, 2550, 2551, 270, 2546, 2547, 270, 269, 2572, 2573, 2568, 2569, 269, 2563, 2564, 269, 2585, 2586, 2865, 2582, 2583, 272, 2601, 2574, 272, 271, 2599, 2600, 2612, 2613, 273, 2608, 2609, 273, 2602, 2603, 273, 272, 2628, 2629, 276, 2664, 2665, 278, 2695, 2696, 2715, 2716, 279, 2733, 2734, 278, 2767, 2768, 279, 2759, 2760, 2791, 2775, 2779, 2782, 2774, 2752, 2753, 281, 2750, 2751, 282, 2249, 2250, 282, 2247, 2248, 282, 2245, 2246, 2241, 2242, 282, 2263, 2264, 281, 281, 2258, 2259, 2255, 2256, 281, 283, 2220, 2221, 2212, 2213, 283, 2233, 2234, 282, 2227, 2228, 3034, 3034, 3027, 3026, 2286, 284, 283, 3046, 3040, 3043, 3041, 3040, 3045, 2276, 3019, 285, 2272, 2273, 285, 2289, 2290, 285, 284, 2286, 2287, 2303, 2304, 286, 286, 2296, 2297, 2318, 2319, 285, 2313, 2314, 285, 285, 3018, 3017, 286, 2204, 2205, 286, 2202, 2203, 286, 3003, 2200, 3003, 2197, 2199, 2192, 3056, 288, 2187, 2188, 288, 2183, 2184, 288, 289, 2165, 2166, 2163, 2164, 289, 2159, 2160, 289, 2155, 2156, 289, 288, 2176, 2177, 288, 2174, 2175, 2172, 2173, 288, 289, 2148, 2149, 2124, 2125, 234, 2121, 2122, 234, 234, 2118, 2119, 234, 2116, 2117, 235, 1901, 1874, 234, 1896, 1897, 234, 1893, 1894, 236, 1882, 1883, 236, 1878, 1879, 236, 235, 1877, 237, 1913, 1914, 1908, 1909, 237, 1926, 1927, 236, 1923, 1924, 236, 238, 1963, 1964, 238, 1961, 1962, 1982, 1983, 238, 237, 1980, 1981, 237, 3197, 1976, 241, 2013, 1986, 2042, 2043, 244, 243, 2068, 2069, 243, 2059, 2060, 244, 2091, 2092, 244, 3127, 2088, 2081, 2082, 3112, 3112, 2078, 2079, 246, 2076, 2077, 1660, 1661, 247, 247, 1656, 1657, 1654, 1655, 247, 1677, 1650, 247, 1671, 1672, 246, 247, 1699, 1700, 247, 3316, 1696, 1716, 1717, 250, 1709, 1710, 250, 249, 1730, 1731, 1727, 1728, 249, 249, 3312, 3311, 1759, 1760, 250, 1754, 1755, 250, 3295, 3298, 3297, 3281, 3285, 3284, 3283, 1748, 3279, 1743, 1744, 3283, 1741, 1742, 252, 253, 1827, 1828, 1820, 1821, 253, 1839, 1840, 252, 1854, 1855, 254, 254, 1848, 1849, 1872, 254, 253, 1869, 1870, 253, 253, 1865, 1866, 1863, 1864, 3239, 3252, 1804, 3256, 1798, 1799, 256, 1811, 1812, 256, 1772, 1773, 257, 1765, 1766, 257, 256, 3252, 3251, 2347, 258, 257, 2343, 2344, 257, 3264, 2339, 2340, 3264, 3270, 3269, 3270, 3264, 3267, 2991, 2335, 2336, 2326, 2327, 259, 2970, 2973, 260, 2366, 2365, 259, 2399, 2400, 260, 2973, 2393, 2395, 2973, 2977, 2976, 2957, 2956, 2963, 2388, 2389, 2963, 2382, 2383, 262, 263, 2419, 2420, 2407, 2408, 263, 2961, 2422, 262, 2461, 264, 263, 2458, 2459, 263, 2451, 2452, 2945, 2945, 2948, 2947, 265, 2444, 2445, 2437, 2438, 265, 2469, 2470, 266, 2487, 2488, 265, 2484, 2485, 265, 2480, 2481, 265, 267, 2525, 2526, 267, 2521, 2522, 2519, 2520, 267, 2539, 2540, 266, 2917, 2535, 2536, 2886, 2532, 2892, 2887, 2891, 2894, 2527, 2506, 268, 2494, 2495, 269, 269, 2514, 2515, 269, 2511, 2512, 2508, 2509, 269, 270, 2556, 2557, 2554, 2555, 270, 2551, 2552, 270, 2573, 270, 269, 269, 2570, 2571, 2565, 2566, 269, 2873, 2593, 2594, 2873, 2589, 2591, 2877, 2872, 2875, 2583, 2584, 272, 272, 2578, 2579, 272, 2576, 2577, 2600, 272, 271, 2609, 2610, 273, 273, 2605, 2606, 2629, 273, 272, 272, 2622, 2623, 275, 2635, 2636, 275, 2633, 2634, 276, 2667, 2668, 2665, 2666, 276, 276, 2685, 2658, 2696, 2809, 278, 278, 2691, 2692, 279, 2725, 2726, 279, 2723, 2724, 279, 2720, 2721, 279, 2718, 2719, 2716, 2717, 279, 278, 2736, 2737, 2734, 2735, 278, 280, 2745, 2746, 2765, 2766, 279, 2791, 2794, 2793, 2782, 2776, 2775, 2774, 2756, 2780, 2753, 2754, 2774, 2751, 2774, 281, 281, 280, 2748, 2248, 2249, 282, 282, 2244, 2245, 2239, 2240, 282, 2257, 2258, 281, 2219, 2220, 283, 2230, 2231, 282, 3034, 3028, 3027, 2224, 2285, 2286, 2224, 2283, 2284, 3043, 3047, 3046, 2282, 2224, 3041, 3019, 2280, 3013, 2274, 2275, 285, 2287, 285, 284, 2297, 2298, 286, 2315, 2316, 285, 285, 3019, 3018, 287, 2206, 2207, 2205, 287, 286, 286, 2201, 2202, 2199, 2200, 3003, 3003, 2999, 2998, 2999, 3003, 3006, 3056, 2196, 3060, 2190, 2191, 288, 2184, 2185, 288, 2164, 2165, 289, 2157, 2158, 289, 2178, 2179, 288, 2173, 2174, 288, 288, 3055, 3054, 2149, 2150, 289, 289, 2145, 2146, 234, 2108, 2109, 2122, 2123, 234, 2117, 2118, 234, 233, 2113, 2115, 1874, 1875, 235, 234, 1900, 1901, 1898, 1899, 234, 1894, 1895, 234, 1883, 3214, 236, 236, 1880, 1881, 1877, 1878, 236, 1912, 1913, 237, 1924, 1925, 236, 236, 1920, 1921, 236, 1917, 1919, 1962, 1963, 238, 1981, 238, 237, 3197, 1975, 1976, 1967, 1946, 239, 1986, 1987, 241, 241, 2011, 2012, 243, 2021, 2022, 244, 2045, 2046, 2069, 244, 243, 2060, 2061, 243, 245, 2096, 2097, 244, 2095, 2096, 244, 2090, 2091, 2088, 2089, 244, 2079, 2080, 3112, 2077, 3112, 246, 246, 2074, 2075, 246, 2072, 2073, 1661, 1662, 247, 1655, 1656, 247, 1651, 1652, 247, 246, 1675, 1676, 1672, 1673, 246, 246, 1668, 1669, 246, 1665, 1667, 247, 1701, 1702, 247, 1698, 1699, 3316, 1695, 1696, 3313, 1686, 1687, 250, 1720, 3292, 1711, 1712, 250, 1729, 1730, 249, 249, 3313, 3312, 251, 1738, 1739, 1757, 1758, 250, 3295, 3299, 3298, 3279, 3278, 3283, 3283, 1745, 1746, 1742, 1743, 252, 253, 1826, 1827, 1840, 1841, 252, 1857, 1858, 254, 1849, 1850, 254, 1870, 1871, 253, 1864, 1865, 253, 3239, 3242, 3241, 1810, 255, 254, 3222, 1860, 3228, 3223, 3227, 3230, 3256, 3255, 3252, 3252, 1801, 1802, 1792, 1793, 256, 257, 1775, 1776, 1769, 1770, 257, 3250, 1778, 256, 2345, 2346, 257, 3264, 2337, 2339, 3267, 3271, 3270, 2334, 2335, 2991, 2362, 2363, 260, 2396, 2397, 260, 2975, 2394, 2973, 2963, 2391, 2392, 2386, 2387, 262, 2942, 2945, 263, 2422, 2421, 262, 2435, 2436, 264, 2455, 2456, 263, 2945, 2949, 2948, 2934, 2928, 2931, 2934, 2448, 2929, 2445, 2934, 265, 265, 2442, 2443, 2440, 2441, 265, 266, 2476, 2914, 2465, 2466, 266, 2481, 2482, 265, 265, 2934, 2933, 267, 2524, 2525, 2522, 2523, 267, 2542, 2543, 266, 2917, 2533, 2535, 2917, 2920, 2919, 2892, 2887, 2886, 2887, 2892, 2891, 268, 267, 2527, 2907, 2504, 2901, 2515, 2516, 269, 2510, 2511, 269, 2557, 2558, 270, 2552, 2553, 270, 2547, 2548, 270, 2569, 2570, 269, 269, 2906, 2905, 270, 2595, 2596, 2594, 270, 2873, 2591, 2592, 2873, 2875, 2879, 2877, 2873, 2872, 2878, 2865, 2588, 2859, 2579, 2580, 272, 2575, 2576, 272, 2606, 2607, 273, 2603, 2604, 273, 2623, 2624, 272, 272, 2620, 2621, 272, 2617, 2619, 273, 2651, 2652, 273, 2847, 2648, 2634, 2635, 275, 2631, 275, 274, 2666, 2667, 276, 276, 2662, 2663, 2658, 2659, 276, 275, 2684, 2685, 277, 2712, 2713, 276, 2707, 2708, 2696, 2697, 2809, 2692, 2693, 278, 278, 2688, 2689, 2724, 2725, 279, 2721, 2722, 279, 2717, 2718, 279, 2735, 2736, 278, 278, 2808, 2807, 2744, 2745, 280, 2791, 2795, 2794, 2780, 2779, 2774, 2751, 2752, 2774, 2748, 2749, 281, 282, 2252, 3031, 2246, 2247, 282, 2260, 2261, 281, 2235, 2236, 282, 3026, 2226, 3034, 2284, 2285, 2224, 3045, 2282, 3041, 3013, 3012, 3019, 2269, 2270, 285, 286, 2307, 2308, 2295, 2296, 286, 3017, 2310, 285, 2205, 2206, 287, 2200, 2201, 286, 3006, 3000, 2999, 3060, 3059, 3056, 3056, 2193, 2194, 2185, 2186, 288, 289, 2168, 3073, 2161, 2162, 289, 2175, 2176, 288, 288, 3056, 3055, 2150, 2151, 289, 2146, 2147, 289, 289, 3076, 2144, 3076, 2141, 2143, 3084, 2136, 2137, 233, 2135, 2136, 233, 2132, 2133, 234, 2107, 2108, 234, 2104, 2105, 234, 2102, 2103, 234, 2100, 2101, 2119, 2120, 234, 2115, 234, 233, 1901, 235, 234, 1895, 1896, 234, 234, 3104, 1892, 3104, 1889, 1891, 3214, 3208, 3211, 3214, 1888, 3209, 1883, 1884, 3214, 1879, 1880, 236, 237, 1916, 3194, 1927, 1928, 236, 1919, 1920, 236, 236, 3214, 3213, 1960, 1961, 238, 237, 1978, 1979, 1976, 1977, 237, 3166, 1972, 3172, 3167, 3171, 3174, 239, 238, 1967, 3187, 1941, 1942, 3187, 1939, 1940, 240, 1951, 1952, 240, 1947, 1948, 241, 1997, 1998, 241, 1995, 1996, 241, 1992, 1993, 2012, 2013, 241, 240, 2010, 2011, 243, 2020, 2021, 243, 2014, 2015, 243, 2040, 2041, 244, 2049, 2050, 2046, 2047, 244, 2043, 2044, 244, 243, 2062, 2063, 243, 2057, 2059, 2096, 245, 244, 244, 2093, 2094, 2089, 2090, 244, 3127, 2085, 2087, 3127, 3130, 3129, 3112, 2084, 3116, 2077, 2078, 3112, 2073, 2074, 246, 2071, 246, 245, 1658, 1659, 247, 1676, 247, 246, 1673, 1674, 246, 1667, 1668, 246, 246, 3111, 3110, 248, 1704, 1705, 1700, 1701, 247, 1696, 1697, 247, 1687, 1688, 3313, 249, 1685, 1686, 249, 1683, 1684, 249, 1681, 1682, 249, 248, 1679, 250, 1719, 1720, 1731, 1732, 249, 3311, 1722, 249, 1737, 1738, 251, 3297, 1750, 3295, 3283, 1747, 1748, 1744, 1745, 3283, 253, 1832, 3236, 253, 1829, 1830, 1825, 1826, 253, 1850, 1851, 254, 1866, 1867, 253, 3239, 3243, 3242, 1860, 1809, 1810, 1860, 1807, 1808, 3228, 3223, 3222, 3223, 3228, 3227, 3252, 1803, 1804, 1800, 1801, 3252, 1776, 3264, 257, 1778, 1777, 256, 2340, 2341, 257, 3269, 2338, 3264, 2364, 2971, 2970, 2394, 2393, 2973, 2390, 2391, 2963, 2418, 2419, 263, 2459, 2460, 263, 2947, 2450, 2945, 2929, 2928, 2934, 2445, 2446, 2934, 2441, 2442, 265, 266, 2475, 2476, 2485, 2486, 265, 2933, 2478, 265, 2523, 2524, 267, 2536, 2537, 266, 2917, 2921, 2920, 2894, 2888, 2887, 2506, 2529, 2530, 2527, 2528, 2506, 2901, 2900, 2907, 2513, 2514, 269, 268, 2506, 2505, 2555, 2556, 270, 2571, 2572, 269, 269, 2907, 2906, 2596, 271, 270, 2592, 2593, 2873, 2878, 2590, 2873, 2859, 2858, 2865, 2577, 2578, 272, 271, 2597, 2598, 2604, 2605, 273, 272, 2626, 2627, 2624, 2625, 272, 2619, 2620, 272, 272, 2864, 2863, 273, 2656, 2657, 273, 2653, 2654, 273, 2650, 2651, 2648, 2649, 273, 275, 2638, 2639, 2636, 2637, 275, 274, 2630, 2631, 276, 2669, 2670, 2663, 2664, 276, 276, 2660, 2661, 2685, 276, 275, 275, 2680, 2681, 275, 2676, 2677, 2713, 2686, 277, 276, 2711, 2712, 276, 2709, 2710, 276, 2706, 2707, 276, 2819, 2704, 2809, 2700, 2803, 2697, 2698, 2809, 2693, 2694, 278, 2689, 2690, 278, 278, 277, 2687, 279, 2728, 2788, 2722, 2723, 279, 2737, 2738, 278, 278, 2809, 2808, 2746, 2747, 280, 2793, 2758, 2791, 2774, 2755, 2756, 2749, 2750, 281, 282, 2251, 2252, 2243, 2244, 282, 281, 2774, 2254, 2226, 2225, 3034, 2224, 2281, 2283, 3046, 3045, 3040, 3019, 2279, 2280, 2277, 2278, 3019, 2308, 3003, 286, 2310, 2309, 285, 2203, 2204, 286, 2998, 2198, 3003, 3056, 2195, 2196, 2192, 2193, 3056, 289, 2167, 2168, 2179, 2180, 288, 3054, 2170, 288, 232, 2153, 2126, 289, 2152, 2153, 2147, 2148, 289, 2143, 2144, 3076, 3076, 3069, 3068, 2136, 3084, 233, 2133, 2134, 233, 233, 2128, 2129, 233, 232, 2127, 2109, 2110, 234, 2105, 2106, 234, 2101, 2102, 234, 2115, 2116, 234, 233, 3083, 3082, 1899, 1900, 234, 1891, 1892, 3104, 3104, 3097, 3096, 3209, 3208, 3214, 3214, 1885, 1886, 1881, 1882, 236, 237, 1915, 1916, 1921, 1922, 236, 3213, 1918, 236, 1965, 1966, 238, 1977, 1978, 237, 3197, 3200, 3199, 3172, 3167, 3166, 3167, 3172, 3171, 1967, 1968, 1946, 1940, 1941, 3187, 3187, 1937, 1938, 240, 1935, 1936, 240, 1957, 1930, 1952, 1953, 240, 240, 1949, 1950, 240, 1945, 1947, 1996, 1997, 241, 1993, 1994, 241, 2011, 241, 240, 240, 2006, 2007, 240, 2003, 2004, 243, 2024, 2025, 2022, 2023, 243, 2041, 2014, 243, 243, 2038, 2039, 244, 2053, 2054, 244, 2051, 2052, 244, 2048, 2049, 2044, 2045, 244, 243, 2064, 2065, 2061, 2062, 243, 2094, 2095, 244, 2087, 2088, 3127, 3127, 3131, 3130, 3116, 3115, 3112, 2075, 2076, 246, 245, 2070, 2071, 247, 1664, 3317, 1652, 1653, 247, 1669, 1670, 246, 246, 3112, 3111, 1705, 1678, 248, 247, 1703, 1704, 1697, 1698, 247, 3316, 3318, 3319, 3313, 1692, 3307, 3313, 1689, 1690, 1686, 3313, 249, 1682, 1683, 249, 1679, 1680, 249, 3292, 3295, 250, 1722, 1721, 249, 1750, 1749, 3295, 1746, 1747, 3283, 253, 1831, 1832, 1828, 1829, 253, 252, 3283, 1834, 1847, 1848, 254, 3241, 1862, 3239, 1808, 1809, 1860, 3230, 3224, 3223, 1802, 1803, 3252, 1774, 1775, 257, 2338, 2337, 3264, 2378, 2379, 261, 2420, 2943, 2942, 2450, 2449, 2945, 2934, 2447, 2448, 2443, 2444, 265, 2914, 2917, 266, 2478, 2477, 265, 2520, 2521, 267, 2919, 2534, 2917, 2506, 2531, 2532, 2528, 2529, 2506, 2907, 2503, 2504, 2505, 269, 268, 2548, 2549, 270, 2905, 2562, 269, 2594, 2595, 270, 2877, 2878, 2872, 2865, 2587, 2588, 2598, 2599, 271, 273, 2616, 2844, 2627, 2628, 272, 2621, 2622, 272, 272, 2865, 2864, 2657, 274, 273, 2654, 2655, 273, 2649, 2650, 273, 2847, 2645, 2647, 2847, 2850, 2849, 2837, 2644, 2831, 2837, 2641, 2642, 275, 2640, 2641, 2637, 2638, 275, 2631, 2632, 275, 2668, 2669, 276, 2659, 2660, 276, 2681, 2682, 275, 275, 2675, 2676, 2712, 277, 276, 2708, 2709, 276, 2704, 2705, 276, 2819, 2701, 2703, 2819, 2822, 2821, 2803, 2802, 2809, 2694, 2695, 278, 2687, 2688, 278, 279, 2727, 2728, 2719, 2720, 279, 2807, 2730, 278, 2758, 2757, 2791, 2754, 2755, 2774, 3031, 3034, 282, 2254, 2253, 281, 2222, 2223, 283, 2282, 2281, 2224, 2278, 2279, 3019, 2306, 2307, 286, 2198, 2197, 3003, 2194, 2195, 3056, 3073, 3076, 289, 2170, 2169, 288, 2153, 232, 289, 2144, 2145, 289, 3076, 3070, 3069, 3084, 2140, 3088, 2134, 2135, 233, 233, 2130, 2131, 2127, 2128, 233, 234, 2112, 3101, 2106, 2107, 234, 2099, 2100, 234, 233, 3084, 3083, 1892, 1893, 234, 3104, 3098, 3097, 3214, 1887, 1888, 1884, 1885, 3214, 3194, 3197, 237, 1918, 1917, 236, 1979, 1980, 237, 3197, 3201, 3200, 3174, 3168, 3167, 1968, 1969, 1946, 1938, 1939, 3187, 1936, 3187, 240, 240, 1932, 1933, 1930, 1931, 240, 240, 1955, 1956, 1953, 1954, 240, 1948, 1949, 240, 1994, 1995, 241, 241, 1990, 1991, 1987, 1988, 241, 2007, 2008, 240, 2004, 2005, 240, 3153, 2033, 2034, 3145, 2025, 2026, 2023, 2024, 243, 2039, 2040, 243, 242, 2037, 2038, 2052, 2053, 244, 2047, 2048, 244, 243, 2066, 2067, 2063, 2064, 243, 243, 3144, 3143, 2092, 2093, 244, 3129, 2086, 3127, 3112, 2083, 2084, 2071, 2072, 246, 247, 1663, 1664, 1674, 1675, 246, 3110, 1666, 246, 1704, 248, 247, 3316, 1693, 1695, 3316, 3320, 3318, 3307, 3306, 3313, 1688, 1689, 3313, 1680, 1681, 249, 1718, 1719, 250, 3284, 3283, 3278, 3236, 3239, 253, 1834, 1833, 252, 1862, 1861, 3239, 1860, 1805, 1807, 3222, 1806, 1860, 1776, 3265, 3264, 2984, 2987, 2991, 2436, 2437, 264, 2446, 2447, 2934, 2474, 2475, 266, 2534, 2533, 2917, 2530, 2531, 2506, 2502, 2503, 2907, 270, 2559, 2560, 2562, 2561, 269, 2590, 2589, 2873, 2586, 2587, 2865, 273, 2615, 2616, 2625, 2626, 272, 2863, 2618, 272, 2655, 2656, 273, 2647, 2648, 2847, 2847, 2851, 2850, 2831, 2830, 2837, 2641, 2837, 275, 2632, 2633, 275, 2661, 2662, 276, 2682, 2683, 275, 275, 2678, 2679, 275, 2673, 2675, 275, 2836, 2835, 2710, 2711, 276, 2703, 2704, 2819, 2819, 2823, 2822, 2809, 2699, 2700, 2690, 2691, 278, 2788, 2791, 279, 2730, 2729, 278, 2775, 2774, 2779, 2250, 2251, 282, 283, 2224, 2286, 2308, 3004, 3003, 3059, 3062, 3056, 2166, 2167, 289, 2151, 2152, 289, 3068, 2142, 3076, 3088, 3087, 3084, 2137, 2138, 3084, 2129, 2130, 233, 234, 2111, 2112, 2103, 2104, 234, 3082, 2114, 233, 1875, 1876, 235, 3096, 1890, 3104, 1886, 1887, 3214, 1914, 1915, 237, 3197, 1973, 1975, 3199, 1974, 3197, 1946, 1971, 1972, 1969, 1970, 1946, 1936, 1937, 3187, 1933, 1934, 240, 1956, 1957, 240, 1950, 1951, 240, 1991, 1992, 241, 1988, 1989, 241, 2008, 2009, 240, 240, 2001, 2003, 240, 3186, 3185, 2034, 241, 3153, 3158, 3152, 3155, 3145, 2028, 3139, 2025, 3145, 243, 243, 2018, 2019, 243, 2016, 2017, 2038, 243, 242, 244, 2056, 3124, 2050, 2051, 244, 2065, 2066, 243, 243, 3145, 3144, 2086, 2085, 3127, 2082, 2083, 3112, 3317, 3316, 247, 1666, 1665, 246, 1702, 1703, 247, 3319, 1694, 3316, 3313, 1691, 1692, 1684, 1685, 249, 1739, 1740, 251, 1830, 1831, 253, 1858, 1859, 254, 1806, 1805, 1860, 2347, 2348, 258, 2931, 2935, 2934, 2526, 2527, 267, 2900, 2903, 2907, 2558, 2559, 270, 2858, 2861, 2865, 2844, 2847, 273, 2618, 2617, 272, 2652, 2653, 273, 2849, 2646, 2847, 2837, 2643, 2644, 2639, 2640, 275, 276, 2672, 2816, 2683, 2684, 275, 2677, 2678, 275, 275, 2837, 2836, 2705, 2706, 276, 2821, 2702, 2819, 2698, 2699, 2809, 2726, 2727, 279, 2252, 3032, 3031, 3012, 3015, 3019, 2168, 3074, 3073, 2142, 2141, 3076, 3084, 2139, 2140, 2131, 2132, 233, 3101, 3104, 234, 2114, 2113, 233, 1890, 1889, 3104, 1916, 3195, 3194, 1974, 1973, 3197, 1970, 1971, 1946, 3187, 1944, 3181, 1934, 1935, 240, 1954, 1955, 240, 1989, 1990, 241, 2005, 2006, 240, 240, 3187, 3186, 241, 2036, 2037, 2034, 2035, 241, 3153, 2031, 2032, 3155, 3159, 3158, 3153, 3152, 3157, 3139, 3138, 3145, 2019, 2020, 243, 2015, 2016, 243, 244, 2055, 2056, 2067, 2068, 243, 3143, 2058, 243, 3115, 3118, 3112, 1662, 1663, 247, 1694, 1693, 3316, 1690, 1691, 3313, 1832, 3237, 3236, 254, 1860, 1810, 2956, 2959, 2963, 2886, 2506, 2532, 2596, 2597, 271, 2614, 2615, 273, 2646, 2645, 2847, 2642, 2643, 2837, 276, 2671, 2672, 2679, 2680, 275, 2835, 2674, 275, 2702, 2701, 2819, 2728, 2789, 2788, 2223, 2224, 283, 2126, 2127, 232, 2138, 2139, 3084, 2110, 2111, 234, 3211, 3215, 3214, 3166, 1946, 1972, 3181, 3180, 3187, 1931, 1932, 240, 239, 1946, 1945, 2009, 2010, 240, 3185, 2002, 240, 2035, 2036, 241, 3153, 2029, 2031, 3157, 2030, 3153, 3145, 2027, 2028, 2017, 2018, 243, 3124, 3127, 244, 2058, 2057, 243, 1664, 3321, 3317, 3306, 3309, 3313, 1859, 1860, 254, 2476, 2915, 2914, 2616, 2845, 2844, 2830, 2833, 2837, 2816, 2819, 276, 2674, 2673, 275, 2802, 2805, 2809, 2207, 2208, 287, 2112, 3102, 3101, 1966, 1967, 238, 3187, 1943, 1944, 1945, 240, 239, 241, 1999, 2000, 2002, 2001, 240, 2032, 2033, 3153, 3158, 3157, 3152, 2026, 2027, 3145, 2054, 2055, 244, 1678, 1679, 248, 3255, 3258, 3252, 2657, 2630, 274, 2670, 2671, 276, 2747, 2748, 280, 1876, 1877, 235, 1942, 1943, 3187, 1998, 1999, 241, 2030, 2029, 3153, 2056, 3125, 3124, 1720, 3293, 3292, 2672, 2817, 2816, 3087, 3090, 3084, 2000, 3153, 241, 3138, 3141, 3145, 2560, 2873, 270, 3180, 3183, 3187, 2097, 2070, 245, 2037, 242, 241, 2686, 2687, 277, 3317, 3321, 1574, 1574, 3321, 1664, 1601, 3322, 3323, 3323, 3316, 1601, 3317, 1573, 1601, 3322, 3324, 3325, 3325, 3323, 3322, 3316, 3317, 1601, 1664, 1618, 1574, 1574, 1573, 3317, 1634, 3319, 3318, 3319, 1634, 1633, 3320, 3326, 3327, 3327, 1648, 3320, 1644, 3318, 3320, 3326, 3328, 3329, 3329, 3327, 3326, 1648, 1644, 3320, 1633, 1694, 3319, 3318, 1644, 1634, 3327, 3329, 3324, 3324, 3322, 3327, 1601, 1648, 3327, 3322, 1601, 3327, 3323, 3325, 3328, 3328, 3326, 3323, 3320, 3316, 3323, 3326, 3320, 3323, 3325, 3324, 3329, 3329, 3328, 3325]
            point3f[] points = [(-0.0017653, 0.0224306, -0.00375), (-0.0017653, 0.0224306, 0.01875), (0.0006702, 0.02249, 0.01875), (0.0006702, 0.02249, -0.00375), (0.0030979, 0.0222857, 0.01875), (0.0030979, 0.0222857, -0.00375), (0.0054892, 0.0218201, 0.01875), (0.0054892, 0.0218201, -0.00375), (0.0078162, 0.0210987, 0.01875), (0.0078162, 0.0210987, -0.00375), (0.0100516, 0.02013, 0.01875), (0.0100516, 0.02013, -0.00375), (0.0121691, 0.0189252, 0.01875), (0.0121691, 0.0189252, -0.00375), (0.0141439, 0.0174986, 0.01875), (0.0141439, 0.0174986, -0.00375), (0.0159529, 0.0158668, 0.01875), (0.0159529, 0.0158668, -0.00375), (0.0175749, 0.0140489, 0.01875), (0.0175749, 0.0140489, -0.00375), (0.0189908, 0.0120664, 0.01875), (0.0189908, 0.0120664, -0.00375), (0.0201841, 0.0099424, 0.01875), (0.0201841, 0.0099424, -0.00375), (0.0211408, 0.0077018, 0.01875), (0.0211408, 0.0077018, -0.00375), (0.0218496, 0.0053709, 0.01875), (0.0218496, 0.0053709, -0.00375), (0.0223022, 0.0029771, 0.01875), (0.0223022, 0.0029771, -0.00375), (0.0224933, 0.0005484, 0.01875), (0.0224933, 0.0005484, -0.00375), (0.0224207, -0.0018868, 0.01875), (0.0224207, -0.0018868, -0.00375), (0.0220853, -0.0042999, 0.01875), (0.0220853, -0.0042999, -0.00375), (0.021491, -0.0066625, 0.01875), (0.021491, -0.0066625, -0.00375), (0.0206446, -0.008947, 0.01875), (0.0206446, -0.008947, -0.00375), (0.0195563, -0.0111266, 0.01875), (0.0195563, -0.0111266, -0.00375), (0.0182386, -0.0131758, 0.01875), (0.0182386, -0.0131758, -0.00375), (0.0167072, -0.0150705, 0.01875), (0.0167072, -0.0150705, -0.00375), (0.0149798, -0.0167885, 0.01875), (0.0149798, -0.0167885, -0.00375), (0.0130768, -0.0183097, 0.01875), (0.0130768, -0.0183097, -0.00375), (0.0110206, -0.0196163, 0.01875), (0.0110206, -0.0196163, -0.00375), (0.0088351, -0.0206928, 0.01875), (0.0088351, -0.0206928, -0.00375), (0.006546, -0.0215267, 0.01875), (0.006546, -0.0215267, -0.00375), (0.0041802, -0.0221083, 0.01875), (0.0041802, -0.0221083, -0.00375), (0.0017653, -0.0224306, 0.01875), (0.0017653, -0.0224306, -0.00375), (-0.0006702, -0.02249, 0.01875), (-0.0006702, -0.02249, -0.00375), (-0.0030979, -0.0222857, 0.01875), (-0.0030979, -0.0222857, -0.00375), (-0.0054892, -0.0218201, 0.01875), (-0.0054892, -0.0218201, -0.00375), (-0.0078162, -0.0210987, 0.01875), (-0.0078162, -0.0210987, -0.00375), (-0.0100516, -0.02013, 0.01875), (-0.0100516, -0.02013, -0.00375), (-0.0121691, -0.0189252, 0.01875), (-0.0121691, -0.0189252, -0.00375), (-0.0141439, -0.0174986, 0.01875), (-0.0141439, -0.0174986, -0.00375), (-0.0159529, -0.0158668, 0.01875), (-0.0159529, -0.0158668, -0.00375), (-0.0175749, -0.0140489, 0.01875), (-0.0175749, -0.0140489, -0.00375), (-0.0189908, -0.0120664, 0.01875), (-0.0189908, -0.0120664, -0.00375), (-0.0201841, -0.0099424, 0.01875), (-0.0201841, -0.0099424, -0.00375), (-0.0211408, -0.0077018, 0.01875), (-0.0211408, -0.0077018, -0.00375), (-0.0218495, -0.0053709, 0.01875), (-0.0218495, -0.0053709, -0.00375), (-0.0223022, -0.0029771, 0.01875), (-0.0223022, -0.0029771, -0.00375), (-0.0224933, -0.0005484, 0.01875), (-0.0224933, -0.0005484, -0.00375), (-0.0224207, 0.0018868, 0.01875), (-0.0224207, 0.0018868, -0.00375), (-0.0220853, 0.0042999, 0.01875), (-0.0220853, 0.0042999, -0.00375), (-0.0214909, 0.0066625, 0.01875), (-0.0214909, 0.0066625, -0.00375), (-0.0206446, 0.008947, 0.01875), (-0.0206446, 0.008947, -0.00375), (-0.0195563, 0.0111266, 0.01875), (-0.0195563, 0.0111266, -0.00375), (-0.0182386, 0.0131758, 0.01875), (-0.0182386, 0.0131758, -0.00375), (-0.0167072, 0.0150705, 0.01875), (-0.0167072, 0.0150705, -0.00375), (-0.0149798, 0.0167885, 0.01875), (-0.0149798, 0.0167885, -0.00375), (-0.0130768, 0.0183097, 0.01875), (-0.0130768, 0.0183097, -0.00375), (-0.0110206, 0.0196163, 0.01875), (-0.0110206, 0.0196163, -0.00375), (-0.0088351, 0.0206928, 0.01875), (-0.0088351, 0.0206928, -0.00375), (-0.006546, 0.0215267, 0.01875), (-0.006546, 0.0215267, -0.00375), (-0.0041802, 0.0221083, 0.01875), (-0.0041802, 0.0221083, -0.00375), (0.0027357, 0.0073846, 0.01875), (0.003518, 0.0070455, 0.01875), (0.0019212, 0.0076371, 0.01875), (0.0042592, 0.0066238, 0.01875), (-0.0006179, 0.0078507, 0.01875), (0.0002346, 0.0078715, 0.01875), (-0.0014631, 0.0077379, 0.01875), (0.0055835, 0.0055534, 0.01875), (0.0061512, 0.0049171, 0.01875), (0.0049504, 0.0061245, 0.01875), (0.0010843, 0.0078, 0.01875), (-0.0077299, 0.0015049, 0.01875), (-0.0078473, 0.0006604, 0.01875), (-0.0078058, -0.001042, 0.01875), (-0.0078727, -0.0001919, 0.01875), (-0.0076473, -0.0018798, 0.01875), (-0.0022911, 0.0075344, 0.01875), (-0.0030923, 0.0072425, 0.01875), (-0.0068447, 0.0038943, 0.01875), (-0.0063835, 0.0046115, 0.01875), (-0.0072256, 0.0031314, 0.01875), (-0.0075218, 0.0023319, 0.01875), (-0.0073993, -0.0026956, 0.01875), (-0.0070644, -0.0034798, 0.01875), (-0.0066468, -0.0042232, 0.01875), (0.0014631, -0.0077379, 0.01875), (0.0006179, -0.0078507, 0.01875), (0.0022911, -0.0075344, 0.01875), (0.0045769, -0.0064084, 0.01875), (0.0038572, -0.0068657, 0.01875), (0.0052429, -0.005876, 0.01875), (-0.0038572, 0.0068657, 0.01875), (-0.0045769, 0.0064084, 0.01875), (-0.0052429, 0.005876, 0.01875), (-0.0058475, 0.0052747, 0.01875), (-0.0061512, -0.0049171, 0.01875), (-0.0010843, -0.0078, 0.01875), (-0.0002346, -0.0078715, 0.01875), (0.0030923, -0.0072425, 0.01875), (0.0073993, 0.0026956, 0.01875), (0.0076473, 0.0018798, 0.01875), (0.0070644, 0.0034798, 0.01875), (0.0066468, 0.0042232, 0.01875), (-0.0055835, -0.0055534, 0.01875), (0.0078058, 0.001042, 0.01875), (0.0078727, 0.0001919, 0.01875), (-0.0049504, -0.0061245, 0.01875), (-0.0042592, -0.0066238, 0.01875), (-0.0027357, -0.0073846, 0.01875), (-0.003518, -0.0070455, 0.01875), (-0.0019212, -0.0076371, 0.01875), (0.0072256, -0.0031314, 0.01875), (0.0068447, -0.0038943, 0.01875), (0.0075218, -0.0023319, 0.01875), (0.0058475, -0.0052747, 0.01875), (0.0063835, -0.0046115, 0.01875), (0.0077299, -0.0015049, 0.01875), (0.0078473, -0.0006604, 0.01875), (0.0006179, -0.0078507, -0.018675), (-0.0002346, -0.0078715, -0.018675), (-0.0010843, -0.0078, -0.018675), (-0.0019212, -0.0076371, -0.018675), (-0.0027357, -0.0073846, -0.018675), (-0.003518, -0.0070455, -0.018675), (-0.0042592, -0.0066238, -0.018675), (-0.0049504, -0.0061245, -0.018675), (-0.0055835, -0.0055534, -0.018675), (-0.0061512, -0.0049171, -0.018675), (-0.0066468, -0.0042232, -0.018675), (-0.0070644, -0.0034798, -0.018675), (-0.0073993, -0.0026956, -0.018675), (-0.0076473, -0.0018798, -0.018675), (-0.0078058, -0.001042, -0.018675), (-0.0078727, -0.0001919, -0.018675), (-0.0078473, 0.0006604, -0.018675), (-0.0077299, 0.0015049, -0.018675), (-0.0075218, 0.0023319, -0.018675), (-0.0072256, 0.0031314, -0.018675), (-0.0068447, 0.0038943, -0.018675), (-0.0063835, 0.0046115, -0.018675), (-0.0058475, 0.0052747, -0.018675), (-0.0052429, 0.005876, -0.018675), (-0.0045769, 0.0064084, -0.018675), (-0.0038572, 0.0068657, -0.018675), (-0.0030923, 0.0072425, -0.018675), (-0.0022911, 0.0075344, -0.018675), (-0.0014631, 0.0077379, -0.018675), (-0.0006179, 0.0078507, -0.018675), (0.0002346, 0.0078715, -0.018675), (0.0010843, 0.0078, -0.018675), (0.0019212, 0.0076371, -0.018675), (0.0027357, 0.0073846, -0.018675), (0.003518, 0.0070455, -0.018675), (0.0042592, 0.0066238, -0.018675), (0.0049504, 0.0061245, -0.018675), (0.0055835, 0.0055534, -0.018675), (0.0061512, 0.0049171, -0.018675), (0.0066468, 0.0042232, -0.018675), (0.0070644, 0.0034798, -0.018675), (0.0073993, 0.0026956, -0.018675), (0.0076473, 0.0018798, -0.018675), (0.0078058, 0.001042, -0.018675), (0.0078727, 0.0001919, -0.018675), (0.0078473, -0.0006604, -0.018675), (0.0077299, -0.0015049, -0.018675), (0.0075218, -0.0023319, -0.018675), (0.0072256, -0.0031314, -0.018675), (0.0068447, -0.0038943, -0.018675), (0.0063835, -0.0046115, -0.018675), (0.0058475, -0.0052747, -0.018675), (0.0052429, -0.005876, -0.018675), (0.0045769, -0.0064084, -0.018675), (0.0038572, -0.0068657, -0.018675), (0.0030923, -0.0072425, -0.018675), (0.0022911, -0.0075344, -0.018675), (0.0014631, -0.0077379, -0.018675), (-0.0006237, 0.0079255, -0.01875), (0.0002368, 0.0079465, -0.01875), (0.0010946, 0.0078743, -0.01875), (0.0019395, 0.0077098, -0.01875), (0.0027617, 0.0074549, -0.01875), (0.0035516, 0.0071126, -0.01875), (0.0042997, 0.0066869, -0.01875), (0.0049975, 0.0061828, -0.01875), (0.0056367, 0.0056062, -0.01875), (0.0062098, 0.0049639, -0.01875), (0.0067101, 0.0042635, -0.01875), (0.0071317, 0.003513, -0.01875), (0.0074697, 0.0027213, -0.01875), (0.0077202, 0.0018977, -0.01875), (0.0078801, 0.0010519, -0.01875), (0.0079476, 0.0001938, -0.01875), (0.007922, -0.0006667, -0.01875), (0.0078035, -0.0015193, -0.01875), (0.0075935, -0.0023541, -0.01875), (0.0072944, -0.0031613, -0.01875), (0.0069099, -0.0039314, -0.01875), (0.0064443, -0.0046555, -0.01875), (0.0059032, -0.0053249, -0.01875), (0.0052929, -0.005932, -0.01875), (0.0046205, -0.0064694, -0.01875), (0.0038939, -0.0069311, -0.01875), (0.0031217, -0.0073114, -0.01875), (0.0023129, -0.0076061, -0.01875), (0.001477, -0.0078116, -0.01875), (0.0006237, -0.0079255, -0.01875), (-0.0002368, -0.0079465, -0.01875), (-0.0010946, -0.0078743, -0.01875), (-0.0019395, -0.0077098, -0.01875), (-0.0027617, -0.0074549, -0.01875), (-0.0035516, -0.0071126, -0.01875), (-0.0042997, -0.0066869, -0.01875), (-0.0049975, -0.0061828, -0.01875), (-0.0056367, -0.0056062, -0.01875), (-0.0062098, -0.0049639, -0.01875), (-0.0067101, -0.0042635, -0.01875), (-0.0071317, -0.003513, -0.01875), (-0.0074697, -0.0027213, -0.01875), (-0.0077202, -0.0018977, -0.01875), (-0.0078801, -0.0010519, -0.01875), (-0.0079476, -0.0001938, -0.01875), (-0.007922, 0.0006667, -0.01875), (-0.0078035, 0.0015193, -0.01875), (-0.0075935, 0.0023541, -0.01875), (-0.0072944, 0.0031613, -0.01875), (-0.0069099, 0.0039314, -0.01875), (-0.0064443, 0.0046555, -0.01875), (-0.0059032, 0.0053249, -0.01875), (-0.0052929, 0.005932, -0.01875), (-0.0046205, 0.0064694, -0.01875), (-0.0038939, 0.0069311, -0.01875), (-0.0031217, 0.0073114, -0.01875), (-0.0023129, 0.0076061, -0.01875), (-0.001477, 0.0078116, -0.01875), (-0.0280541, -0.001996, -0.00375), (-0.0238694, 0.014875, -0.00375), (-0.0240902, 0.0145147, -0.00375), (-0.023842, 0.0149247, -0.00375), (-0.0280209, -0.0024173, -0.00375), (-0.021523, 0.0181045, -0.00375), (-0.0215618, 0.0180631, -0.00375), (-0.0280611, -0.0019396, -0.00375), (-0.0212486, -0.0184259, -0.00375), (0.0145147, 0.0240902, -0.00375), (0.0144677, 0.0241221, -0.00375), (-0.0212486, 0.0184259, -0.00375), (-0.0238201, 0.0149771, -0.00375), (-0.0272978, 0.0067709, -0.00375), (-0.0280741, -0.0018844, -0.00375), (-0.021523, -0.0181045, -0.00375), (-0.0024172, -0.0280209, -0.00375), (0.014875, 0.0238694, -0.00375), (0.0112918, 0.025876, -0.00375), (0.011236, 0.0258654, -0.00375), (0.0114479, 0.0259423, -0.00375), (0.0113983, 0.0259147, -0.00375), (-0.0216516, 0.0179938, -0.00375), (-0.0217015, 0.0179668, -0.00375), (-0.0212137, 0.0184707, -0.00375), (-0.0244537, 0.0142656, -0.00375), (-0.02451, 0.0142589, -0.00375), (-0.0243447, 0.014297, -0.00375), (-0.0243984, 0.0142784, -0.00375), (-0.0241221, 0.0144677, -0.00375), (-0.0260642, 0.0105675, -0.00375), (-0.0260883, 0.0105161, -0.00375), (-0.0258832, 0.0110113, -0.00375), (-0.0259025, 0.0109579, -0.00375), (-0.0273964, 0.00636, -0.00375), (-0.0280191, -0.002474, -0.00375), (-0.0260642, -0.0105675, -0.00375), (-0.0259025, -0.0109579, -0.00375), (-0.0215618, -0.0180631, -0.00375), (-0.0109579, -0.0259025, -0.00375), (-0.0105675, -0.0260642, -0.00375), (-0.0110113, -0.0258832, -0.00375), (-0.001996, -0.0280541, -0.00375), (0.0238694, -0.014875, -0.00375), (0.0240902, -0.0145147, -0.00375), (0.023842, -0.0149247, -0.00375), (0.0149247, 0.023842, -0.00375), (0.0109579, 0.0259025, -0.00375), (0.0105675, 0.0260642, -0.00375), (0.0110113, 0.0258832, -0.00375), (0.0113461, 0.0258925, -0.00375), (0.0114942, 0.0259751, -0.00375), (0.0062529, 0.0274337, -0.00375), (0.006203, 0.0274607, -0.00375), (0.0024172, 0.0280209, -0.00375), (-0.00636, 0.0273965, -0.00375), (-0.0067709, 0.0272978, -0.00375), (-0.014875, 0.0238694, -0.00375), (-0.021754, 0.0179452, -0.00375), (-0.0216048, 0.0180261, -0.00375), (-0.0211839, 0.018519, -0.00375), (-0.0211404, 0.0186237, -0.00375), (-0.0211593, 0.0185702, -0.00375), (-0.0241587, 0.0144244, -0.00375), (-0.0237909, 0.0152006, -0.00375), (-0.0237892, 0.0151439, -0.00375), (-0.0274929, 0.0061562, -0.00375), (-0.0275299, 0.0061132, -0.00375), (-0.0272871, 0.0068267, -0.00375), (-0.0273046, 0.0070514, -0.00375), (-0.0272912, 0.0069963, -0.00375), (-0.0273787, 0.0072041, -0.00375), (-0.0273486, 0.0071559, -0.00375), (-0.0280496, -0.0026408, -0.00375), (-0.0280715, -0.0026932, -0.00375), (-0.0280233, -0.0025306, -0.00375), (-0.0281174, -0.0017796, -0.00375), (-0.028093, -0.0018308, -0.00375), (-0.0273951, -0.0127124, -0.00375), (-0.0246233, -0.0142635, -0.00375), (-0.0216048, -0.0180261, -0.00375), (-0.001609, -0.0282649, -0.00375), (-0.0015774, -0.028312, -0.00375), (-0.002474, -0.0280191, -0.00375), (-0.0027896, -0.0281313, -0.00375), (-0.002743, -0.0280989, -0.00375), (0.00636, -0.0273965, -0.00375), (0.0067709, -0.0272978, -0.00375), (0.014875, -0.0238694, -0.00375), (0.0260642, 0.0105675, -0.00375), (0.0259025, 0.0109579, -0.00375), (0.0184259, 0.0212486, -0.00375), (0.0181045, 0.021523, -0.00375), (0.0184707, 0.0212137, -0.00375), (0.0144244, 0.0241588, -0.00375), (0.0149771, 0.0238201, -0.00375), (0.0103126, 0.0262816, -0.00375), (0.0102858, 0.0263316, -0.00375), (0.0104675, 0.0261178, -0.00375), (0.0104224, 0.0261523, -0.00375), (0.0111794, 0.0258608, -0.00375), (0.0111227, 0.0258622, -0.00375), (0.00604, 0.0276165, -0.00375), (0.0060108, 0.0276652, -0.00375), (0.0061562, 0.0274929, -0.00375), (0.0019396, 0.0280611, -0.00375), (0.0018844, 0.0280742, -0.00375), (0.001996, 0.0280541, -0.00375), (-0.0145147, 0.0240902, -0.00375), (-0.0168414, 0.0250692, -0.00375), (-0.0179399, 0.0220889, -0.00375), (-0.0211201, 0.0187352, -0.00375), (-0.0211273, 0.0186789, -0.00375), (-0.0242934, 0.0143212, -0.00375), (-0.0241998, 0.0143852, -0.00375), (-0.0242449, 0.0143507, -0.00375), (-0.0238038, 0.0150315, -0.00375), (-0.0237935, 0.0150873, -0.00375), (-0.0263316, 0.0102858, -0.00375), (-0.0263842, 0.0102646, -0.00375), (-0.0274607, 0.006203, -0.00375), (-0.0272824, 0.0068833, -0.00375), (-0.0272838, 0.00694, -0.00375), (-0.0273238, 0.0071049, -0.00375), (-0.0274534, 0.0072893, -0.00375), (-0.0274138, 0.0072487, -0.00375), (-0.0275445, 0.0073568, -0.00375), (-0.0274971, 0.0073255, -0.00375), (-0.0281686, -0.0028324, -0.00375), (-0.0282102, -0.002871, -0.00375), (-0.0280335, -0.0025864, -0.00375), (-0.028182, -0.0016864, -0.00375), (-0.0281472, -0.0017313, -0.00375), (-0.0282649, -0.001609, -0.00375), (-0.0282214, -0.0016455, -0.00375), (-0.0260883, -0.0105161, -0.00375), (-0.0264389, -0.0102491, -0.00375), (-0.0263842, -0.0102646, -0.00375), (-0.0245668, -0.0142582, -0.00375), (-0.0211839, -0.018519, -0.00375), (-0.0211593, -0.0185702, -0.00375), (-0.0212137, -0.0184707, -0.00375), (-0.021754, -0.0179452, -0.00375), (-0.0217015, -0.0179668, -0.00375), (-0.0184259, -0.0212486, -0.00375), (-0.0181045, -0.021523, -0.00375), (-0.0184707, -0.0212137, -0.00375), (-0.0105161, -0.0260883, -0.00375), (-0.0104675, -0.0261178, -0.00375), (-0.0110664, -0.0258697, -0.00375), (-0.0016455, -0.0282214, -0.00375), (-0.0017313, -0.0281472, -0.00375), (-0.0016864, -0.028182, -0.00375), (-0.0025306, -0.0280233, -0.00375), (-0.0026409, -0.0280497, -0.00375), (-0.0025864, -0.0280335, -0.00375), (-0.0026932, -0.0280715, -0.00375), (0.0145147, -0.0240902, -0.00375), (0.021523, -0.0181045, -0.00375), (0.0215619, -0.0180631, -0.00375), (0.0238201, -0.0149771, -0.00375), (0.0143852, 0.0241999, -0.00375), (0.0143507, 0.0242449, -0.00375), (0.0152569, 0.0237988, -0.00375), (0.0152006, 0.023791, -0.00375), (0.0102395, 0.0264948, -0.00375), (0.010236, 0.0265515, -0.00375), (0.0102646, 0.0263843, -0.00375), (0.0102491, 0.0264389, -0.00375), (0.0103445, 0.0262346, -0.00375), (0.0103813, 0.0261914, -0.00375), (0.0110664, 0.0258697, -0.00375), (0.0115751, 0.0260545, -0.00375), (0.0115368, 0.0260127, -0.00375), (0.00694, 0.0272838, -0.00375), (0.0068832, 0.0272824, -0.00375), (0.0070514, 0.0273046, -0.00375), (0.0069963, 0.0272912, -0.00375), (0.0060743, 0.0275712, -0.00375), (0.0061132, 0.0275299, -0.00375), (0.0067709, 0.0272978, -0.00375), (0.00636, 0.0273965, -0.00375), (0.001609, 0.0282649, -0.00375), (0.0015774, 0.028312, -0.00375), (0.0016864, 0.028182, -0.00375), (0.0016455, 0.0282214, -0.00375), (0.0017796, 0.0281175, -0.00375), (0.0017313, 0.0281472, -0.00375), (0.0018308, 0.028093, -0.00375), (0.002474, 0.0280191, -0.00375), (-0.0063055, 0.0274122, -0.00375), (-0.0144677, 0.0241221, -0.00375), (-0.0179293, 0.0218085, -0.00375), (-0.0179452, 0.021754, -0.00375), (-0.0179175, 0.0219777, -0.00375), (-0.0179154, 0.021921, -0.00375), (-0.0179257, 0.0220339, -0.00375), (-0.0211191, 0.018792, -0.00375), (-0.0238125, 0.0153119, -0.00375), (-0.0237987, 0.0152569, -0.00375), (-0.0238572, 0.0154161, -0.00375), (-0.0238321, 0.0153652, -0.00375), (-0.0264389, 0.0102491, -0.00375), (-0.0262346, 0.0103445, -0.00375), (-0.0262815, 0.0103126, -0.00375), (-0.0258697, 0.0110664, -0.00375), (-0.0276652, 0.0060108, -0.00375), (-0.0277167, 0.005987, -0.00375), (-0.0275712, 0.0060743, -0.00375), (-0.0276165, 0.00604, -0.00375), (-0.0274337, 0.0062529, -0.00375), (-0.0274122, 0.0063055, -0.00375), (-0.0301805, -0.0011103, -0.00375), (-0.028415, 0.0015301, -0.00375), (-0.0282557, -0.0029049, -0.00375), (-0.0283622, -0.001551, -0.00375), (-0.028312, -0.0015774, -0.00375), (-0.0284697, -0.001515, -0.00375), (-0.028415, -0.0015301, -0.00375), (-0.0276165, -0.00604, -0.00375), (-0.0275712, -0.0060743, -0.00375), (-0.0277167, -0.005987, -0.00375), (-0.0276652, -0.0060108, -0.00375), (-0.0299826, -0.0036247, -0.00375), (-0.0278822, -0.00595, -0.00375), (-0.0278258, -0.0059564, -0.00375), (-0.0261178, -0.0104675, -0.00375), (-0.0261913, -0.0103813, -0.00375), (-0.0261523, -0.0104224, -0.00375), (-0.0262815, -0.0103126, -0.00375), (-0.0262346, -0.0103445, -0.00375), (-0.0263316, -0.0102858, -0.00375), (-0.0266082, -0.0102385, -0.00375), (-0.0265515, -0.010236, -0.00375), (-0.0240902, -0.0145147, -0.00375), (-0.0238694, -0.014875, -0.00375), (-0.0241221, -0.0144677, -0.00375), (-0.02451, -0.0142589, -0.00375), (-0.0216516, -0.0179938, -0.00375), (-0.0218644, -0.0179193, -0.00375), (-0.0218085, -0.0179293, -0.00375), (-0.0221259, -0.0205558, -0.00375), (-0.0190105, -0.0211744, -0.00375), (-0.006203, -0.0274607, -0.00375), (-0.0061562, -0.0274929, -0.00375), (-0.0018844, -0.0280742, -0.00375), (-0.0018308, -0.028093, -0.00375), (-0.0028324, -0.0281686, -0.00375), (0.0071559, -0.0273486, -0.00375), (0.007204, -0.0273787, -0.00375), (0.0063055, -0.0274122, -0.00375), (0.0152569, -0.0237988, -0.00375), (0.0153119, -0.0238125, -0.00375), (0.0150873, -0.0237935, -0.00375), (0.0151439, -0.0237892, -0.00375), (0.0144677, -0.0241221, -0.00375), (0.018519, -0.0211839, -0.00375), (0.0185702, -0.0211593, -0.00375), (0.0212486, -0.0184259, -0.00375), (0.0241221, -0.0144677, -0.00375), (0.0272978, -0.0067709, -0.00375), (0.0260883, 0.0105161, -0.00375), (0.018519, 0.0211839, -0.00375), (0.0189042, 0.021135, -0.00375), (0.0188485, 0.021124, -0.00375), (0.022126, 0.0205558, -0.00375), (0.0190105, 0.0211744, -0.00375), (0.0142582, 0.0245668, -0.00375), (0.0142635, 0.0246233, -0.00375), (0.0150873, 0.0237935, -0.00375), (0.0150315, 0.0238039, -0.00375), (0.0151439, 0.0237892, -0.00375), (0.0105161, 0.0260883, -0.00375), (0.0125488, 0.0272331, -0.00375), (0.0119545, 0.0265712, -0.00375), (0.0071559, 0.0273486, -0.00375), (0.0071049, 0.0273238, -0.00375), (0.0072487, 0.0274138, -0.00375), (0.007204, 0.0273787, -0.00375), (0.0063055, 0.0274122, -0.00375), (0.0068267, 0.0272871, -0.00375), (0.0025306, 0.0280233, -0.00375), (0.0029049, 0.0282557, -0.00375), (0.002871, 0.0282102, -0.00375), (-0.0062529, 0.0274337, -0.00375), (-0.005987, 0.0277167, -0.00375), (-0.0060108, 0.0276652, -0.00375), (-0.0152569, 0.0237988, -0.00375), (-0.0153119, 0.0238125, -0.00375), (-0.0150315, 0.0238039, -0.00375), (-0.0150873, 0.0237935, -0.00375), (-0.0144244, 0.0241588, -0.00375), (-0.0142784, 0.0243984, -0.00375), (-0.014297, 0.0243447, -0.00375), (-0.0181045, 0.021523, -0.00375), (-0.0184259, 0.0212486, -0.00375), (-0.0180631, 0.0215619, -0.00375), (-0.0179193, 0.0218644, -0.00375), (-0.0220339, 0.0179257, -0.00375), (-0.0220889, 0.0179399, -0.00375), (-0.0218644, 0.0179193, -0.00375), (-0.021921, 0.0179154, -0.00375), (-0.021135, 0.0189042, -0.00375), (-0.021124, 0.0188485, -0.00375), (-0.0211744, 0.0190105, -0.00375), (-0.0211519, 0.0189584, -0.00375), (-0.0245668, 0.0142582, -0.00375), (-0.0246233, 0.0142635, -0.00375), (-0.023923, 0.0155085, -0.00375), (-0.0238876, 0.0154641, -0.00375), (-0.0249348, 0.0166545, -0.00375), (-0.024374, 0.0159639, -0.00375), (-0.0252895, 0.0144699, -0.00375), (-0.0259751, 0.0114942, -0.00375), (-0.0260545, 0.0115751, -0.00375), (-0.0260126, 0.0115368, -0.00375), (-0.0272331, 0.0125488, -0.00375), (-0.0261594, 0.0146561, -0.00375), (-0.026387, 0.014691, -0.00375), (-0.0264948, 0.0102395, -0.00375), (-0.0265515, 0.010236, -0.00375), (-0.0258622, 0.0111227, -0.00375), (-0.0258653, 0.011236, -0.00375), (-0.0258607, 0.0111794, -0.00375), (-0.0277704, 0.0059688, -0.00375), (-0.0278258, 0.0059564, -0.00375), (-0.0288609, 0.0081341, -0.00375), (-0.0281142, 0.0076506, -0.00375), (-0.0280233, 0.0025306, -0.00375), (-0.0283622, 0.001551, -0.00375), (-0.0282649, 0.001609, -0.00375), (-0.028312, 0.0015774, -0.00375), (-0.0283046, -0.0029338, -0.00375), (-0.0280988, -0.002743, -0.00375), (-0.0281313, -0.0027896, -0.00375), (-0.0299619, -0.0011826, -0.00375), (-0.0291023, -0.0014116, -0.00375), (-0.0274122, -0.0063055, -0.00375), (-0.0273964, -0.00636, -0.00375), (-0.0274337, -0.0062529, -0.00375), (-0.0275299, -0.0061132, -0.00375), (-0.0274929, -0.0061562, -0.00375), (-0.0264948, -0.0102395, -0.00375), (-0.0246789, -0.0142749, -0.00375), (-0.021921, -0.0179154, -0.00375), (-0.0179452, -0.021754, -0.00375), (-0.0179293, -0.0218085, -0.00375), (-0.018519, -0.0211839, -0.00375), (-0.0190599, -0.0212024, -0.00375), (-0.014297, -0.0243447, -0.00375), (-0.0142784, -0.0243984, -0.00375), (-0.0145147, -0.0240902, -0.00375), (-0.0144677, -0.0241221, -0.00375), (-0.0102491, -0.0264389, -0.00375), (-0.0102395, -0.0264948, -0.00375), (-0.0103126, -0.0262816, -0.00375), (-0.0102858, -0.0263316, -0.00375), (-0.0104224, -0.0261523, -0.00375), (-0.011236, -0.0258654, -0.00375), (-0.0111794, -0.0258608, -0.00375), (-0.0113461, -0.0258925, -0.00375), (-0.0112918, -0.025876, -0.00375), (-0.0114942, -0.0259751, -0.00375), (-0.0114479, -0.0259423, -0.00375), (-0.0070514, -0.0273046, -0.00375), (-0.0069963, -0.0272912, -0.00375), (-0.0060108, -0.0276652, -0.00375), (-0.005987, -0.0277167, -0.00375), (-0.0061132, -0.0275299, -0.00375), (-0.0060743, -0.0275712, -0.00375), (-0.0062529, -0.0274337, -0.00375), (-0.0067709, -0.0272978, -0.00375), (-0.00636, -0.0273965, -0.00375), (-0.0017796, -0.0281175, -0.00375), (-0.0019396, -0.0280611, -0.00375), (-0.0029049, -0.0282557, -0.00375), (-0.002871, -0.0282102, -0.00375), (0.0072893, -0.0274534, -0.00375), (0.0073255, -0.0274972, -0.00375), (0.0072487, -0.0274138, -0.00375), (0.0062529, -0.0274337, -0.00375), (0.0105675, -0.0260642, -0.00375), (0.0109579, -0.0259025, -0.00375), (0.0082704, -0.0290465, -0.00375), (0.010236, -0.0265515, -0.00375), (0.0154161, -0.0238572, -0.00375), (0.0154641, -0.0238877, -0.00375), (0.0153652, -0.0238321, -0.00375), (0.0150315, -0.0238039, -0.00375), (0.0144244, -0.0241588, -0.00375), (0.0186237, -0.0211404, -0.00375), (0.0186789, -0.0211273, -0.00375), (0.0184707, -0.0212137, -0.00375), (0.0181045, -0.021523, -0.00375), (0.0184259, -0.0212486, -0.00375), (0.0180631, -0.0215619, -0.00375), (0.0179193, -0.0218644, -0.00375), (0.0179293, -0.0218085, -0.00375), (0.0212137, -0.0184707, -0.00375), (0.0245668, -0.0142582, -0.00375), (0.0246233, -0.0142635, -0.00375), (0.0238039, -0.0150315, -0.00375), (0.0237892, -0.0151439, -0.00375), (0.0237935, -0.0150873, -0.00375), (0.0273965, -0.00636, -0.00375), (0.025876, 0.0112918, -0.00375), (0.0258925, 0.0113461, -0.00375), (0.0261178, 0.0104675, -0.00375), (0.0262346, 0.0103445, -0.00375), (0.0261914, 0.0103813, -0.00375), (0.0273951, 0.0127124, -0.00375), (0.0246233, 0.0142635, -0.00375), (0.0211191, 0.018792, -0.00375), (0.021124, 0.0188485, -0.00375), (0.0212486, 0.0184259, -0.00375), (0.0218644, 0.0179193, -0.00375), (0.0218085, 0.0179293, -0.00375), (0.0179452, 0.021754, -0.00375), (0.0179293, 0.0218085, -0.00375), (0.0179938, 0.0216516, -0.00375), (0.0179668, 0.0217015, -0.00375), (0.0185702, 0.0211593, -0.00375), (0.0187352, 0.0211202, -0.00375), (0.0186789, 0.0211273, -0.00375), (0.018792, 0.0211191, -0.00375), (0.0189584, 0.0211519, -0.00375), (0.0142589, 0.0245101, -0.00375), (0.0143212, 0.0242934, -0.00375), (0.0127124, 0.0273951, -0.00375), (0.0072893, 0.0274534, -0.00375), (0.0103834, 0.0281301, -0.00375), (0.0073255, 0.0274972, -0.00375), (0.0081341, 0.0288609, -0.00375), (0.0076506, 0.0281142, -0.00375), (0.0103822, 0.0283603, -0.00375), (0.001551, 0.0283623, -0.00375), (0.0015301, 0.0284151, -0.00375), (0.0025864, 0.0280335, -0.00375), (0.0026932, 0.0280715, -0.00375), (0.0026409, 0.0280497, -0.00375), (0.0028324, 0.0281686, -0.00375), (0.0029573, 0.0283563, -0.00375), (0.0029338, 0.0283046, -0.00375), (-0.0027896, 0.0281313, -0.00375), (-0.0028324, 0.0281686, -0.00375), (-0.0072893, 0.0274534, -0.00375), (-0.0073255, 0.0274972, -0.00375), (-0.0071559, 0.0273486, -0.00375), (-0.007204, 0.0273787, -0.00375), (-0.00694, 0.0272838, -0.00375), (-0.0069963, 0.0272912, -0.00375), (-0.006203, 0.0274607, -0.00375), (-0.0060743, 0.0275712, -0.00375), (-0.0061132, 0.0275299, -0.00375), (-0.0059688, 0.0277705, -0.00375), (-0.0105675, 0.0260642, -0.00375), (-0.0109579, 0.0259025, -0.00375), (-0.0102646, 0.0263843, -0.00375), (-0.0102858, 0.0263316, -0.00375), (-0.0110664, 0.0258697, -0.00375), (-0.0154161, 0.0238572, -0.00375), (-0.0154641, 0.0238877, -0.00375), (-0.0152006, 0.023791, -0.00375), (-0.0151439, 0.0237892, -0.00375), (-0.0143852, 0.0241999, -0.00375), (-0.0143212, 0.0242934, -0.00375), (-0.0142589, 0.0245101, -0.00375), (-0.0142656, 0.0244537, -0.00375), (-0.0220225, 0.0203501, -0.00375), (-0.0203501, 0.0220225, -0.00375), (-0.0205558, 0.022126, -0.00375), (-0.0195803, 0.0215766, -0.00375), (-0.0215766, 0.0195803, -0.00375), (-0.0212355, 0.019106, -0.00375), (-0.0189042, 0.021135, -0.00375), (-0.0188485, 0.021124, -0.00375), (-0.0250692, 0.0168414, -0.00375), (-0.0219777, 0.0179175, -0.00375), (-0.0218085, 0.0179293, -0.00375), (-0.0258759, 0.0112918, -0.00375), (-0.0259423, 0.0114479, -0.00375), (-0.0259147, 0.0113983, -0.00375), (-0.0273951, 0.0127124, -0.00375), (-0.0265712, 0.0119545, -0.00375), (-0.0290465, 0.0082704, -0.00375), (-0.0266643, 0.010247, -0.00375), (-0.0272418, 0.0103356, -0.00375), (-0.0261913, 0.0103813, -0.00375), (-0.0261178, 0.0104675, -0.00375), (-0.0261523, 0.0104224, -0.00375), (-0.027939, 0.0059497, -0.00375), (-0.029408, 0.0058551, -0.00375), (-0.0280191, 0.002474, -0.00375), (-0.028182, 0.0016864, -0.00375), (-0.0282214, 0.0016455, -0.00375), (-0.028093, 0.0018308, -0.00375), (-0.0281174, 0.0017796, -0.00375), (-0.0280611, 0.0019396, -0.00375), (-0.0284101, -0.0029752, -0.00375), (-0.029778, -0.0035191, -0.00375), (-0.0277704, -0.0059688, -0.00375), (-0.029408, -0.0058551, -0.00375), (-0.0285232, -0.0059468, -0.00375), (-0.0273238, -0.0071049, -0.00375), (-0.0273486, -0.0071559, -0.00375), (-0.0259751, -0.0114942, -0.00375), (-0.0260126, -0.0115368, -0.00375), (-0.0259147, -0.0113983, -0.00375), (-0.0259423, -0.0114479, -0.00375), (-0.0258759, -0.0112918, -0.00375), (-0.0258924, -0.0113461, -0.00375), (-0.0258607, -0.0111794, -0.00375), (-0.0258653, -0.011236, -0.00375), (-0.0258832, -0.0110113, -0.00375), (-0.0241587, -0.0144244, -0.00375), (-0.0243984, -0.0142784, -0.00375), (-0.0243447, -0.014297, -0.00375), (-0.0244537, -0.0142656, -0.00375), (-0.0238321, -0.0153652, -0.00375), (-0.0238572, -0.0154161, -0.00375), (-0.0179668, -0.0217015, -0.00375), (-0.0180261, -0.0216049, -0.00375), (-0.0179938, -0.0216516, -0.00375), (-0.0180631, -0.0215619, -0.00375), (-0.0186237, -0.0211404, -0.00375), (-0.0185702, -0.0211593, -0.00375), (-0.0187352, -0.0211202, -0.00375), (-0.0186789, -0.0211273, -0.00375), (-0.0189042, -0.021135, -0.00375), (-0.0188485, -0.021124, -0.00375), (-0.0189584, -0.0211519, -0.00375), (-0.0142582, -0.0245668, -0.00375), (-0.0142635, -0.0246233, -0.00375), (-0.0142656, -0.0244537, -0.00375), (-0.014875, -0.0238694, -0.00375), (-0.010236, -0.0265515, -0.00375), (-0.0102646, -0.0263843, -0.00375), (-0.0111227, -0.0258622, -0.00375), (-0.0113983, -0.0259147, -0.00375), (-0.0115751, -0.0260545, -0.00375), (-0.0115368, -0.0260127, -0.00375), (-0.00694, -0.0272838, -0.00375), (-0.0068832, -0.0272824, -0.00375), (-0.0071049, -0.0273238, -0.00375), (-0.0059688, -0.0277705, -0.00375), (-0.0059564, -0.0278259, -0.00375), (-0.00604, -0.0276165, -0.00375), (-0.0068267, -0.0272871, -0.00375), (-0.001551, -0.0283623, -0.00375), (-0.0015301, -0.0284151, -0.00375), (-0.0029573, -0.0283563, -0.00375), (-0.0029338, -0.0283046, -0.00375), (-0.0035191, -0.029778, -0.00375), (-0.0031584, -0.0289649, -0.00375), (0.0019396, -0.0280611, -0.00375), (0.001996, -0.0280541, -0.00375), (0.0018844, -0.0280742, -0.00375), (0.001609, -0.0282649, -0.00375), (0.0016455, -0.0282214, -0.00375), (0.00694, -0.0272838, -0.00375), (0.0069963, -0.0272912, -0.00375), (0.0068267, -0.0272871, -0.00375), (0.0060108, -0.0276652, -0.00375), (0.00604, -0.0276165, -0.00375), (0.0059688, -0.0277705, -0.00375), (0.005987, -0.0277167, -0.00375), (0.00595, -0.0278823, -0.00375), (0.0059564, -0.0278259, -0.00375), (0.0105161, -0.0260883, -0.00375), (0.0104675, -0.0261178, -0.00375), (0.0102395, -0.0264948, -0.00375), (0.0111794, -0.0258608, -0.00375), (0.011236, -0.0258654, -0.00375), (0.0152006, -0.023791, -0.00375), (0.0149247, -0.023842, -0.00375), (0.0149771, -0.0238201, -0.00375), (0.0143852, -0.0241999, -0.00375), (0.0187352, -0.0211202, -0.00375), (0.018792, -0.0211191, -0.00375), (0.0179668, -0.0217015, -0.00375), (0.0179938, -0.0216516, -0.00375), (0.0179452, -0.021754, -0.00375), (0.021754, -0.0179452, -0.00375), (0.0218085, -0.0179293, -0.00375), (0.0216516, -0.0179938, -0.00375), (0.0217015, -0.0179668, -0.00375), (0.0211839, -0.018519, -0.00375), (0.0245101, -0.0142589, -0.00375), (0.0243984, -0.0142784, -0.00375), (0.0244537, -0.0142656, -0.00375), (0.0241999, -0.0143852, -0.00375), (0.0242449, -0.0143507, -0.00375), (0.0241588, -0.0144244, -0.00375), (0.023791, -0.0152006, -0.00375), (0.0272871, -0.0068267, -0.00375), (0.0259423, 0.0114479, -0.00375), (0.0259751, 0.0114942, -0.00375), (0.0259147, 0.0113983, -0.00375), (0.0258832, 0.0110113, -0.00375), (0.0261523, 0.0104224, -0.00375), (0.0240902, 0.0145147, -0.00375), (0.0238694, 0.014875, -0.00375), (0.0241221, 0.0144677, -0.00375), (0.0245668, 0.0142582, -0.00375), (0.0245101, 0.0142589, -0.00375), (0.024679, 0.0142749, -0.00375), (0.0211202, 0.0187352, -0.00375), (0.0211404, 0.0186237, -0.00375), (0.0211273, 0.0186789, -0.00375), (0.021523, 0.0181045, -0.00375), (0.021921, 0.0179154, -0.00375), (0.0220339, 0.0179257, -0.00375), (0.0219777, 0.0179175, -0.00375), (0.0179175, 0.0219777, -0.00375), (0.0179257, 0.0220339, -0.00375), (0.0179193, 0.0218644, -0.00375), (0.0179154, 0.021921, -0.00375), (0.0180631, 0.0215619, -0.00375), (0.0180261, 0.0216049, -0.00375), (0.0186237, 0.0211404, -0.00375), (0.0190599, 0.0212024, -0.00375), (0.0142656, 0.0244537, -0.00375), (0.014297, 0.0243447, -0.00375), (0.0142784, 0.0243984, -0.00375), (0.0102385, 0.0266082, -0.00375), (0.010247, 0.0266643, -0.00375), (0.0116088, 0.0261003, -0.00375), (0.0073568, 0.0275445, -0.00375), (0.0082704, 0.0290465, -0.00375), (0.0036247, 0.0299827, -0.00375), (0.0059497, 0.027939, -0.00375), (0.0059468, 0.0285232, -0.00375), (0.0059688, 0.0277705, -0.00375), (0.0059564, 0.0278259, -0.00375), (0.0027896, 0.0281313, -0.00375), (0.002743, 0.0280989, -0.00375), (0.0035191, 0.029778, -0.00375), (0.0031584, 0.0289649, -0.00375), (-0.0018844, 0.0280742, -0.00375), (-0.0019396, 0.0280611, -0.00375), (-0.0017796, 0.0281175, -0.00375), (-0.0018308, 0.028093, -0.00375), (-0.0016455, 0.0282214, -0.00375), (-0.0016864, 0.028182, -0.00375), (-0.0015774, 0.028312, -0.00375), (-0.001609, 0.0282649, -0.00375), (-0.0015301, 0.0284151, -0.00375), (-0.001551, 0.0283623, -0.00375), (0.0011103, 0.0301805, -0.00375), (-0.001515, 0.0284698, -0.00375), (-0.0058179, 0.0296353, -0.00375), (-0.0029338, 0.0283046, -0.00375), (-0.002743, 0.0280989, -0.00375), (-0.0072487, 0.0274138, -0.00375), (-0.0071049, 0.0273238, -0.00375), (-0.0068832, 0.0272824, -0.00375), (-0.0068267, 0.0272871, -0.00375), (-0.0061562, 0.0274929, -0.00375), (-0.00604, 0.0276165, -0.00375), (-0.00595, 0.0278823, -0.00375), (-0.0059564, 0.0278259, -0.00375), (-0.0105161, 0.0260883, -0.00375), (-0.0104675, 0.0261178, -0.00375), (-0.0103445, 0.0262346, -0.00375), (-0.0103813, 0.0261914, -0.00375), (-0.0103126, 0.0262816, -0.00375), (-0.0111227, 0.0258622, -0.00375), (-0.0153652, 0.0238321, -0.00375), (-0.0143507, 0.0242449, -0.00375), (-0.0142749, 0.024679, -0.00375), (-0.0142635, 0.0246233, -0.00375), (-0.0180261, 0.0216049, -0.00375), (-0.0179668, 0.0217015, -0.00375), (-0.0221259, 0.0205558, -0.00375), (-0.019106, 0.0212355, -0.00375), (-0.0221927, 0.0179852, -0.00375), (-0.0227146, 0.0182479, -0.00375), (-0.0239629, 0.0155488, -0.00375), (-0.0258924, 0.0113461, -0.00375), (-0.0261002, 0.0116088, -0.00375), (-0.02813, 0.0103834, -0.00375), (-0.0278822, 0.00595, -0.00375), (-0.0275949, 0.0073829, -0.00375), (-0.0280335, 0.0025864, -0.00375), (-0.0280988, 0.002743, -0.00375), (-0.0280715, 0.0026932, -0.00375), (-0.0281686, 0.0028324, -0.00375), (-0.0281313, 0.0027896, -0.00375), (-0.0283046, 0.0029338, -0.00375), (-0.0282557, 0.0029049, -0.00375), (-0.0285258, 0.0015058, -0.00375), (-0.0291023, 0.0014116, -0.00375), (-0.0281472, 0.0017313, -0.00375), (-0.0280741, 0.0018844, -0.00375), (-0.0280209, 0.0024173, -0.00375), (-0.0280541, 0.001996, -0.00375), (-0.0283562, -0.0029573, -0.00375), (-0.0285258, -0.0015058, -0.00375), (-0.0274607, -0.006203, -0.00375), (-0.0296353, -0.0058179, -0.00375), (-0.0283603, -0.0103822, -0.00375), (-0.0274971, -0.0073255, -0.00375), (-0.0273787, -0.0072041, -0.00375), (-0.0274138, -0.0072487, -0.00375), (-0.0273046, -0.0070514, -0.00375), (-0.0272824, -0.0068833, -0.00375), (-0.0272838, -0.00694, -0.00375), (-0.0272871, -0.0068267, -0.00375), (-0.0258697, -0.0110664, -0.00375), (-0.0258622, -0.0111227, -0.00375), (-0.02813, -0.0103834, -0.00375), (-0.0272418, -0.0103356, -0.00375), (-0.023842, -0.0149247, -0.00375), (-0.0242934, -0.0143212, -0.00375), (-0.0242449, -0.0143507, -0.00375), (-0.0235446, -0.0185679, -0.00375), (-0.0249348, -0.0166545, -0.00375), (-0.0250692, -0.0168414, -0.00375), (-0.0238125, -0.0153119, -0.00375), (-0.0237909, -0.0152006, -0.00375), (-0.0237987, -0.0152569, -0.00375), (-0.021135, -0.0189042, -0.00375), (-0.0211519, -0.0189584, -0.00375), (-0.0211273, -0.0186789, -0.00375), (-0.0211201, -0.0187352, -0.00375), (-0.0211404, -0.0186237, -0.00375), (-0.0220339, -0.0179257, -0.00375), (-0.0219777, -0.0179175, -0.00375), (-0.022142, -0.0179598, -0.00375), (-0.0220889, -0.0179399, -0.00375), (-0.0179175, -0.0219777, -0.00375), (-0.0179257, -0.0220339, -0.00375), (-0.018792, -0.0211191, -0.00375), (-0.0142589, -0.0245101, -0.00375), (-0.0143212, -0.0242934, -0.00375), (-0.0143852, -0.0241999, -0.00375), (-0.0143507, -0.0242449, -0.00375), (-0.0149247, -0.023842, -0.00375), (-0.0151439, -0.0237892, -0.00375), (-0.0150873, -0.0237935, -0.00375), (-0.0103813, -0.0261914, -0.00375), (-0.0103445, -0.0262346, -0.00375), (-0.0125488, -0.0272331, -0.00375), (-0.0119545, -0.0265712, -0.00375), (-0.0103834, -0.0281301, -0.00375), (-0.0073255, -0.0274972, -0.00375), (-0.0036247, -0.0299827, -0.00375), (-0.0059497, -0.027939, -0.00375), (-0.0059468, -0.0285232, -0.00375), (-0.0063055, -0.0274122, -0.00375), (-0.0015058, -0.0285258, -0.00375), (-0.0011826, -0.0299619, -0.00375), (0.0017796, -0.0281175, -0.00375), (0.0018308, -0.028093, -0.00375), (0.0016864, -0.028182, -0.00375), (-0.0011103, -0.0301805, -0.00375), (0.001515, -0.0284698, -0.00375), (0.0015301, -0.0284151, -0.00375), (0.0026409, -0.0280497, -0.00375), (0.0026932, -0.0280715, -0.00375), (0.0025306, -0.0280233, -0.00375), (0.0025864, -0.0280335, -0.00375), (0.002474, -0.0280191, -0.00375), (0.0071049, -0.0273238, -0.00375), (0.0070514, -0.0273046, -0.00375), (0.006203, -0.0274607, -0.00375), (0.0060743, -0.0275712, -0.00375), (0.0102491, -0.0264389, -0.00375), (0.0113461, -0.0258925, -0.00375), (0.0113983, -0.0259147, -0.00375), (0.0112918, -0.025876, -0.00375), (0.0110664, -0.0258697, -0.00375), (0.0143212, -0.0242934, -0.00375), (0.0143507, -0.0242449, -0.00375), (0.0142784, -0.0243984, -0.00375), (0.014297, -0.0243447, -0.00375), (0.0142749, -0.024679, -0.00375), (0.0142635, -0.0246233, -0.00375), (0.0180261, -0.0216049, -0.00375), (0.0220339, -0.0179257, -0.00375), (0.0220889, -0.0179399, -0.00375), (0.0218644, -0.0179193, -0.00375), (0.021921, -0.0179154, -0.00375), (0.0211404, -0.0186237, -0.00375), (0.0211593, -0.0185702, -0.00375), (0.0242934, -0.0143212, -0.00375), (0.0243447, -0.014297, -0.00375), (0.0237988, -0.0152569, -0.00375), (0.0264948, -0.0102395, -0.00375), (0.0265515, -0.010236, -0.00375), (0.0260642, -0.0105675, -0.00375), (0.0260883, -0.0105161, -0.00375), (0.0276652, -0.0060108, -0.00375), (0.0277167, -0.005987, -0.00375), (0.0275712, -0.0060743, -0.00375), (0.0276165, -0.00604, -0.00375), (0.0272824, -0.0068833, -0.00375), (0.0273486, -0.0071559, -0.00375), (0.0273238, -0.0071049, -0.00375), (0.0280541, 0.001996, -0.00375), (0.0238201, 0.0149771, -0.00375), (0.0238039, 0.0150315, -0.00375), (0.0244537, 0.0142656, -0.00375), (0.0243984, 0.0142784, -0.00375), (0.021135, 0.0189042, -0.00375), (0.0211519, 0.0189584, -0.00375), (0.0215619, 0.0180631, -0.00375), (0.021754, 0.0179452, -0.00375), (0.0217015, 0.0179668, -0.00375), (0.0179399, 0.0220889, -0.00375), (0.0203501, 0.0220225, -0.00375), (0.0195803, 0.0215766, -0.00375), (0.0153652, 0.0238321, -0.00375), (0.0153119, 0.0238125, -0.00375), (0.0179852, 0.0221928, -0.00375), (0.0154161, 0.0238572, -0.00375), (0.0166545, 0.0249348, -0.00375), (0.0185679, 0.0235446, -0.00375), (0.0186379, 0.023764, -0.00375), (0.0182479, 0.0227146, -0.00375), (0.0159639, 0.024374, -0.00375), (0.0142921, 0.024733, -0.00375), (0.0144699, 0.0252895, -0.00375), (0.0073829, 0.0275949, -0.00375), (0.0058551, 0.029408, -0.00375), (0.005987, 0.0277167, -0.00375), (0.0015058, 0.0285258, -0.00375), (0.0011826, 0.0299619, -0.00375), (-0.0017313, 0.0281472, -0.00375), (-0.0011826, 0.0299619, -0.00375), (-0.0014116, 0.0291024, -0.00375), (-0.0029049, 0.0282557, -0.00375), (-0.002871, 0.0282102, -0.00375), (-0.0026409, 0.0280497, -0.00375), (-0.0026932, 0.0280715, -0.00375), (-0.0025306, 0.0280233, -0.00375), (-0.0025864, 0.0280335, -0.00375), (-0.0070514, 0.0273046, -0.00375), (-0.0058551, 0.029408, -0.00375), (-0.0059468, 0.0285232, -0.00375), (-0.0102395, 0.0264948, -0.00375), (-0.0102491, 0.0264389, -0.00375), (-0.0082704, 0.0290465, -0.00375), (-0.010236, 0.0265515, -0.00375), (-0.0113983, 0.0259147, -0.00375), (-0.0114479, 0.0259423, -0.00375), (-0.0112918, 0.025876, -0.00375), (-0.0113461, 0.0258925, -0.00375), (-0.0111794, 0.0258608, -0.00375), (-0.0149247, 0.023842, -0.00375), (-0.0149771, 0.0238201, -0.00375), (-0.0142582, 0.0245668, -0.00375), (-0.0186789, 0.0211273, -0.00375), (-0.0187352, 0.0211202, -0.00375), (-0.018519, 0.0211839, -0.00375), (-0.0185702, 0.0211593, -0.00375), (-0.0179938, 0.0216516, -0.00375), (-0.0179598, 0.022142, -0.00375), (-0.0189584, 0.0211519, -0.00375), (-0.0235446, 0.0185679, -0.00375), (-0.0212024, 0.0190599, -0.00375), (-0.0246789, 0.0142749, -0.00375), (-0.024733, 0.0142921, -0.00375), (-0.0266082, 0.0102385, -0.00375), (-0.0296353, 0.0058179, -0.00375), (-0.0280496, 0.0026408, -0.00375), (-0.0282102, 0.002871, -0.00375), (-0.0283562, 0.0029573, -0.00375), (-0.029778, 0.0035191, -0.00375), (-0.0289649, 0.0031584, -0.00375), (-0.0299619, 0.0011826, -0.00375), (-0.027939, -0.0059497, -0.00375), (-0.0275949, -0.0073829, -0.00375), (-0.0281142, -0.0076506, -0.00375), (-0.0274534, -0.0072893, -0.00375), (-0.0272912, -0.0069963, -0.00375), (-0.0272978, -0.0067709, -0.00375), (-0.0261002, -0.0116088, -0.00375), (-0.0272331, -0.0125488, -0.00375), (-0.0238201, -0.0149771, -0.00375), (-0.0238038, -0.0150315, -0.00375), (-0.0241998, -0.0143852, -0.00375), (-0.0261594, -0.0146561, -0.00375), (-0.0252895, -0.0144699, -0.00375), (-0.0237639, -0.0186379, -0.00375), (-0.0227146, -0.0182479, -0.00375), (-0.0239629, -0.0155488, -0.00375), (-0.024374, -0.0159639, -0.00375), (-0.0237892, -0.0151439, -0.00375), (-0.0211744, -0.0190105, -0.00375), (-0.0211191, -0.018792, -0.00375), (-0.021124, -0.0188485, -0.00375), (-0.0179399, -0.0220889, -0.00375), (-0.0179193, -0.0218644, -0.00375), (-0.0179154, -0.021921, -0.00375), (-0.0203501, -0.0220225, -0.00375), (-0.0195803, -0.0215766, -0.00375), (-0.0166545, -0.0249348, -0.00375), (-0.0185679, -0.0235446, -0.00375), (-0.0186379, -0.023764, -0.00375), (-0.0182479, -0.0227146, -0.00375), (-0.0159639, -0.024374, -0.00375), (-0.0127124, -0.0273951, -0.00375), (-0.0144244, -0.0241588, -0.00375), (-0.0149771, -0.0238201, -0.00375), (-0.0150315, -0.0238039, -0.00375), (-0.0071559, -0.0273486, -0.00375), (-0.0072487, -0.0274138, -0.00375), (-0.007204, -0.0273787, -0.00375), (-0.0072893, -0.0274534, -0.00375), (-0.0081341, -0.0288609, -0.00375), (-0.0076506, -0.0281142, -0.00375), (-0.0103822, -0.0283603, -0.00375), (-0.0058551, -0.029408, -0.00375), (-0.001515, -0.0284698, -0.00375), (-0.0029752, -0.0284101, -0.00375), (0.0017313, -0.0281472, -0.00375), (0.001551, -0.0283623, -0.00375), (0.0015774, -0.028312, -0.00375), (0.0011826, -0.0299619, -0.00375), (0.0014116, -0.0291024, -0.00375), (0.0027896, -0.0281313, -0.00375), (0.0028324, -0.0281686, -0.00375), (0.0024172, -0.0280209, -0.00375), (0.0068832, -0.0272824, -0.00375), (0.0061132, -0.0275299, -0.00375), (0.0061562, -0.0274929, -0.00375), (0.0058551, -0.029408, -0.00375), (0.0059468, -0.0285232, -0.00375), (0.0104224, -0.0261523, -0.00375), (0.0102646, -0.0263843, -0.00375), (0.0102858, -0.0263316, -0.00375), (0.0102385, -0.0266082, -0.00375), (0.0114942, -0.0259751, -0.00375), (0.0115368, -0.0260127, -0.00375), (0.0111227, -0.0258622, -0.00375), (0.0142589, -0.0245101, -0.00375), (0.0142656, -0.0244537, -0.00375), (0.0142582, -0.0245668, -0.00375), (0.0179154, -0.021921, -0.00375), (0.0250692, -0.0168414, -0.00375), (0.0219777, -0.0179175, -0.00375), (0.0216049, -0.0180261, -0.00375), (0.0211202, -0.0187352, -0.00375), (0.0211273, -0.0186789, -0.00375), (0.021124, -0.0188485, -0.00375), (0.0211191, -0.018792, -0.00375), (0.0211744, -0.0190105, -0.00375), (0.0211519, -0.0189584, -0.00375), (0.0238572, -0.0154161, -0.00375), (0.0238321, -0.0153652, -0.00375), (0.0290465, -0.0082704, -0.00375), (0.0262346, -0.0103445, -0.00375), (0.0262816, -0.0103126, -0.00375), (0.0261178, -0.0104675, -0.00375), (0.0261523, -0.0104224, -0.00375), (0.0259025, -0.0109579, -0.00375), (0.0277705, -0.0059688, -0.00375), (0.0278259, -0.0059564, -0.00375), (0.0274122, -0.0063055, -0.00375), (0.0273787, -0.0072041, -0.00375), (0.0274534, -0.0072893, -0.00375), (0.0274138, -0.0072487, -0.00375), (0.0280611, 0.0019396, -0.00375), (0.0273046, 0.0070514, -0.00375), (0.0273238, 0.0071049, -0.00375), (0.0272871, 0.0068267, -0.00375), (0.0272824, 0.0068833, -0.00375), (0.0260127, 0.0115368, -0.00375), (0.0258608, 0.0111794, -0.00375), (0.0258654, 0.011236, -0.00375), (0.0262816, 0.0103126, -0.00375), (0.0263843, 0.0102646, -0.00375), (0.0263316, 0.0102858, -0.00375), (0.0264948, 0.0102395, -0.00375), (0.0264389, 0.0102491, -0.00375), (0.0266082, 0.0102385, -0.00375), (0.0265515, 0.010236, -0.00375), (0.023842, 0.0149247, -0.00375), (0.0241588, 0.0144244, -0.00375), (0.0235446, 0.0185679, -0.00375), (0.0249348, 0.0166545, -0.00375), (0.0250692, 0.0168414, -0.00375), (0.0238321, 0.0153652, -0.00375), (0.0238572, 0.0154161, -0.00375), (0.023791, 0.0152006, -0.00375), (0.0237988, 0.0152569, -0.00375), (0.0212137, 0.0184707, -0.00375), (0.0211839, 0.018519, -0.00375), (0.0216049, 0.0180261, -0.00375), (0.022142, 0.0179598, -0.00375), (0.0220889, 0.0179399, -0.00375), (0.0205558, 0.022126, -0.00375), (0.0168414, 0.0250692, -0.00375), (0.0155488, 0.0239629, -0.00375), (0.0146561, 0.0261594, -0.00375), (0.00595, 0.0278823, -0.00375), (0.001515, 0.0284698, -0.00375), (0.0029752, 0.0284101, -0.00375), (-0.0011103, 0.0301805, -0.00375), (-0.0029752, 0.0284101, -0.00375), (-0.0031584, 0.0289649, -0.00375), (-0.002474, 0.0280191, -0.00375), (-0.001996, 0.0280541, -0.00375), (-0.0024172, 0.0280209, -0.00375), (-0.0073829, 0.0275949, -0.00375), (-0.0081341, 0.0288609, -0.00375), (-0.0110113, 0.0258832, -0.00375), (-0.0102385, 0.0266082, -0.00375), (-0.0103834, 0.0281301, -0.00375), (-0.0103356, 0.0272418, -0.00375), (-0.0146561, 0.0261594, -0.00375), (-0.0125488, 0.0272331, -0.00375), (-0.0127124, 0.0273951, -0.00375), (-0.0116088, 0.0261003, -0.00375), (-0.0119545, 0.0265712, -0.00375), (-0.0114942, 0.0259751, -0.00375), (-0.0115368, 0.0260127, -0.00375), (-0.011236, 0.0258654, -0.00375), (-0.0155488, 0.0239629, -0.00375), (-0.0166545, 0.0249348, -0.00375), (-0.0144699, 0.0252895, -0.00375), (-0.0186237, 0.0211404, -0.00375), (-0.0184707, 0.0212137, -0.00375), (-0.0185679, 0.0235446, -0.00375), (-0.0182479, 0.0227146, -0.00375), (-0.0190599, 0.0212024, -0.00375), (-0.0190105, 0.0211744, -0.00375), (-0.022142, 0.0179598, -0.00375), (-0.0299826, 0.0036247, -0.00375), (-0.0284697, 0.001515, -0.00375), (-0.0288609, -0.0081341, -0.00375), (-0.0260545, -0.0115751, -0.00375), (-0.0266643, -0.010247, -0.00375), (-0.0237935, -0.0150873, -0.00375), (-0.026387, -0.014691, -0.00375), (-0.0238876, -0.0154641, -0.00375), (-0.0212355, -0.019106, -0.00375), (-0.0220225, -0.0203501, -0.00375), (-0.0205558, -0.022126, -0.00375), (-0.0153652, -0.0238321, -0.00375), (-0.0153119, -0.0238125, -0.00375), (-0.0179852, -0.0221928, -0.00375), (-0.0154161, -0.0238572, -0.00375), (-0.0168414, -0.0250692, -0.00375), (-0.0155488, -0.0239629, -0.00375), (-0.0142921, -0.024733, -0.00375), (-0.0144699, -0.0252895, -0.00375), (-0.0152006, -0.023791, -0.00375), (-0.0152569, -0.0237988, -0.00375), (-0.0102385, -0.0266082, -0.00375), (-0.010247, -0.0266643, -0.00375), (-0.0116088, -0.0261003, -0.00375), (-0.0073568, -0.0275445, -0.00375), (-0.0082704, -0.0290465, -0.00375), (-0.00595, -0.0278823, -0.00375), (0.0011103, -0.0301805, -0.00375), (0.0058179, -0.0296353, -0.00375), (0.0029752, -0.0284101, -0.00375), (0.0031584, -0.0289649, -0.00375), (0.0029338, -0.0283046, -0.00375), (0.002871, -0.0282102, -0.00375), (0.0029049, -0.0282557, -0.00375), (0.002743, -0.0280989, -0.00375), (0.0073829, -0.0275949, -0.00375), (0.0081341, -0.0288609, -0.00375), (0.0103813, -0.0261914, -0.00375), (0.0103126, -0.0262816, -0.00375), (0.0103445, -0.0262346, -0.00375), (0.0103834, -0.0281301, -0.00375), (0.0103356, -0.0272418, -0.00375), (0.0146561, -0.0261594, -0.00375), (0.0125488, -0.0272331, -0.00375), (0.0127124, -0.0273951, -0.00375), (0.0116088, -0.0261003, -0.00375), (0.0119545, -0.0265712, -0.00375), (0.0114479, -0.0259423, -0.00375), (0.0155488, -0.0239629, -0.00375), (0.0166545, -0.0249348, -0.00375), (0.0144699, -0.0252895, -0.00375), (0.0179257, -0.0220339, -0.00375), (0.0179175, -0.0219777, -0.00375), (0.0168414, -0.0250692, -0.00375), (0.0179399, -0.0220889, -0.00375), (0.0185679, -0.0235446, -0.00375), (0.0182479, -0.0227146, -0.00375), (0.0220225, -0.0203501, -0.00375), (0.0203501, -0.0220225, -0.00375), (0.0205558, -0.022126, -0.00375), (0.0195803, -0.0215766, -0.00375), (0.0215766, -0.0195803, -0.00375), (0.0212355, -0.019106, -0.00375), (0.0189042, -0.021135, -0.00375), (0.021135, -0.0189042, -0.00375), (0.0238125, -0.0153119, -0.00375), (0.0249348, -0.0166545, -0.00375), (0.024374, -0.0159639, -0.00375), (0.0264389, -0.0102491, -0.00375), (0.0263316, -0.0102858, -0.00375), (0.0263843, -0.0102646, -0.00375), (0.0261914, -0.0103813, -0.00375), (0.0258832, -0.0110113, -0.00375), (0.0274929, -0.0061562, -0.00375), (0.0275299, -0.0061132, -0.00375), (0.0272838, -0.00694, -0.00375), (0.0273046, -0.0070514, -0.00375), (0.0272912, -0.0069963, -0.00375), (0.0275445, -0.0073568, -0.00375), (0.0274972, -0.0073255, -0.00375), (0.0280209, 0.0024173, -0.00375), (0.0281472, 0.0017313, -0.00375), (0.0281175, 0.0017796, -0.00375), (0.0282649, 0.001609, -0.00375), (0.0282214, 0.0016455, -0.00375), (0.0283603, 0.0103822, -0.00375), (0.0274972, 0.0073255, -0.00375), (0.0273787, 0.0072041, -0.00375), (0.0274138, 0.0072487, -0.00375), (0.0273486, 0.0071559, -0.00375), (0.0272978, 0.0067709, -0.00375), (0.0258697, 0.0110664, -0.00375), (0.0258622, 0.0111227, -0.00375), (0.0281301, 0.0103834, -0.00375), (0.0272418, 0.0103356, -0.00375), (0.0237935, 0.0150873, -0.00375), (0.0241999, 0.0143852, -0.00375), (0.0242934, 0.0143212, -0.00375), (0.0242449, 0.0143507, -0.00375), (0.0243447, 0.014297, -0.00375), (0.0261594, 0.0146561, -0.00375), (0.0252895, 0.0144699, -0.00375), (0.0227146, 0.0182479, -0.00375), (0.0239629, 0.0155488, -0.00375), (0.024374, 0.0159639, -0.00375), (0.0238125, 0.0153119, -0.00375), (0.0237892, 0.0151439, -0.00375), (0.0211744, 0.0190105, -0.00375), (0.0211593, 0.0185702, -0.00375), (0.0216516, 0.0179938, -0.00375), (0.019106, 0.0212355, -0.00375), (0.0154641, 0.0238877, -0.00375), (0.0142749, 0.024679, -0.00375), (-0.0015058, 0.0285258, -0.00375), (-0.0035191, 0.029778, -0.00375), (-0.0073568, 0.0275445, -0.00375), (-0.0059497, 0.027939, -0.00375), (-0.0104224, 0.0261523, -0.00375), (-0.0103822, 0.0283603, -0.00375), (-0.0155085, 0.023923, -0.00375), (-0.0142921, 0.024733, -0.00375), (-0.018792, 0.0211191, -0.00375), (-0.0186379, 0.023764, -0.00375), (-0.0285232, 0.0059468, -0.00375), (-0.0284101, 0.0029752, -0.00375), (-0.0275445, -0.0073568, -0.00375), (-0.024733, -0.0142921, -0.00375), (-0.023923, -0.0155085, -0.00375), (-0.0212024, -0.0190599, -0.00375), (-0.0221927, -0.0179852, -0.00375), (-0.019106, -0.0212355, -0.00375), (-0.0155085, -0.023923, -0.00375), (-0.0154641, -0.0238877, -0.00375), (-0.0146561, -0.0261594, -0.00375), (-0.0073829, -0.0275949, -0.00375), (0.0015058, -0.0285258, -0.00375), (0.0035191, -0.029778, -0.00375), (0.0073568, -0.0275445, -0.00375), (0.0059497, -0.027939, -0.00375), (0.0110113, -0.0258832, -0.00375), (0.0103822, -0.0283603, -0.00375), (0.0155085, -0.023923, -0.00375), (0.0142921, -0.024733, -0.00375), (0.0179598, -0.022142, -0.00375), (0.0186379, -0.023764, -0.00375), (0.022126, -0.0205558, -0.00375), (0.019106, -0.0212355, -0.00375), (0.0189584, -0.0211519, -0.00375), (0.0188485, -0.021124, -0.00375), (0.0221928, -0.0179852, -0.00375), (0.0227146, -0.0182479, -0.00375), (0.023923, -0.0155085, -0.00375), (0.0238877, -0.0154641, -0.00375), (0.025876, -0.0112918, -0.00375), (0.0258654, -0.011236, -0.00375), (0.0258697, -0.0110664, -0.00375), (0.0274337, -0.0062529, -0.00375), (0.0274607, -0.006203, -0.00375), (0.0288609, -0.0081341, -0.00375), (0.0281142, -0.0076506, -0.00375), (0.0280989, 0.002743, -0.00375), (0.0281313, 0.0027896, -0.00375), (0.0280497, 0.0026408, -0.00375), (0.0280715, 0.0026932, -0.00375), (0.0280191, 0.002474, -0.00375), (0.028093, 0.0018308, -0.00375), (0.028182, 0.0016864, -0.00375), (0.0283623, 0.001551, -0.00375), (0.028312, 0.0015774, -0.00375), (0.0284698, 0.001515, -0.00375), (0.0284151, 0.0015301, -0.00375), (0.0274122, 0.0063055, -0.00375), (0.0273965, 0.00636, -0.00375), (0.0274337, 0.0062529, -0.00375), (0.0275949, 0.0073829, -0.00375), (0.0281142, 0.0076506, -0.00375), (0.0274534, 0.0072893, -0.00375), (0.0272838, 0.00694, -0.00375), (0.0272912, 0.0069963, -0.00375), (0.0261003, 0.0116088, -0.00375), (0.0272331, 0.0125488, -0.00375), (0.026387, 0.014691, -0.00375), (0.023764, 0.0186379, -0.00375), (0.0238877, 0.0154641, -0.00375), (0.0212355, 0.019106, -0.00375), (0.0220225, 0.0203501, -0.00375), (0.0155085, 0.023923, -0.00375), (0.0058179, 0.0296353, -0.00375), (-0.0029573, 0.0283563, -0.00375), (-0.010247, 0.0266643, -0.00375), (-0.0115751, 0.0260545, -0.00375), (-0.0179852, 0.0221928, -0.00375), (-0.0237639, 0.0186379, -0.00375), (-0.0283603, 0.0103822, -0.00375), (-0.0289649, -0.0031584, -0.00375), (-0.0142749, -0.024679, -0.00375), (-0.0014116, -0.0291024, -0.00375), (0.0029573, -0.0283563, -0.00375), (0.010247, -0.0266643, -0.00375), (0.0115751, -0.0260545, -0.00375), (0.0179852, -0.0221928, -0.00375), (0.0235446, -0.0185679, -0.00375), (0.0212024, -0.0190599, -0.00375), (0.0239629, -0.0155488, -0.00375), (0.0258925, -0.0113461, -0.00375), (0.0252895, -0.0144699, -0.00375), (0.0259751, -0.0114942, -0.00375), (0.0272331, -0.0125488, -0.00375), (0.0261594, -0.0146561, -0.00375), (0.026387, -0.014691, -0.00375), (0.0266643, -0.010247, -0.00375), (0.0272418, -0.0103356, -0.00375), (0.0258622, -0.0111227, -0.00375), (0.027939, -0.0059497, -0.00375), (0.029408, -0.0058551, -0.00375), (0.0282557, 0.0029049, -0.00375), (0.0283046, 0.0029338, -0.00375), (0.0281686, 0.0028324, -0.00375), (0.0282102, 0.002871, -0.00375), (0.0280233, 0.0025306, -0.00375), (0.0299827, 0.0036247, -0.00375), (0.0278823, 0.00595, -0.00375), (0.0278259, 0.0059564, -0.00375), (0.0288609, 0.0081341, -0.00375), (0.0260545, 0.0115751, -0.00375), (0.0266643, 0.010247, -0.00375), (0.024733, 0.0142921, -0.00375), (0.023923, 0.0155085, -0.00375), (0.0212024, 0.0190599, -0.00375), (0.0221928, 0.0179852, -0.00375), (0.0179598, 0.022142, -0.00375), (0.0103356, 0.0272418, -0.00375), (-0.0301805, 0.0011103, -0.00375), (-0.0265712, -0.0119545, -0.00375), (-0.0179598, -0.022142, -0.00375), (0.0190599, -0.0212024, -0.00375), (0.0190105, -0.0211744, -0.00375), (0.022142, -0.0179598, -0.00375), (0.024679, -0.0142749, -0.00375), (0.024733, -0.0142921, -0.00375), (0.0259147, -0.0113983, -0.00375), (0.0259423, -0.0114479, -0.00375), (0.0273951, -0.0127124, -0.00375), (0.0265712, -0.0119545, -0.00375), (0.0281301, -0.0103834, -0.00375), (0.0258608, -0.0111794, -0.00375), (0.0278823, -0.00595, -0.00375), (0.0275949, -0.0073829, -0.00375), (0.0281472, -0.0017313, -0.00375), (0.028182, -0.0016864, -0.00375), (0.028093, -0.0018308, -0.00375), (0.0281175, -0.0017796, -0.00375), (0.0280335, 0.0025864, -0.00375), (0.0280742, 0.0018844, -0.00375), (0.0299619, 0.0011826, -0.00375), (0.0291024, 0.0014116, -0.00375), (0.0274607, 0.006203, -0.00375), (0.0275299, 0.0061132, -0.00375), (0.0274929, 0.0061562, -0.00375), (0.0277705, 0.0059688, -0.00375), (0.0277167, 0.005987, -0.00375), (0.0275445, 0.0073568, -0.00375), (0.0014116, 0.0291024, -0.00375), (-0.0076506, 0.0281142, -0.00375), (-0.014691, 0.026387, -0.00375), (-0.014691, -0.026387, -0.00375), (-0.0058179, -0.0296353, -0.00375), (0.0076506, -0.0281142, -0.00375), (0.014691, -0.026387, -0.00375), (0.0260545, -0.0115751, -0.00375), (0.0260127, -0.0115368, -0.00375), (0.0261003, -0.0116088, -0.00375), (0.0266082, -0.0102385, -0.00375), (0.0296353, -0.0058179, -0.00375), (0.0280989, -0.002743, -0.00375), (0.0280715, -0.0026932, -0.00375), (0.0282557, -0.0029049, -0.00375), (0.0282102, -0.002871, -0.00375), (0.028312, -0.0015774, -0.00375), (0.0283623, -0.001551, -0.00375), (0.0284101, 0.0029752, -0.00375), (0.029778, 0.0035191, -0.00375), (0.0301805, 0.0011103, -0.00375), (0.0276652, 0.0060108, -0.00375), (0.0276165, 0.00604, -0.00375), (0.029408, 0.0058551, -0.00375), (0.0285232, 0.0059468, -0.00375), (0.014691, 0.026387, -0.00375), (-0.0215766, -0.0195803, -0.00375), (-0.0103356, -0.0272418, -0.00375), (0.0280233, -0.0025306, -0.00375), (0.0280497, -0.0026408, -0.00375), (0.0281686, -0.0028324, -0.00375), (0.0283563, -0.0029573, -0.00375), (0.0283046, -0.0029338, -0.00375), (0.0282649, -0.001609, -0.00375), (0.0282214, -0.0016455, -0.00375), (0.0280611, -0.0019396, -0.00375), (0.0283563, 0.0029573, -0.00375), (0.0285258, 0.0015058, -0.00375), (0.0275712, 0.0060743, -0.00375), (0.0296353, 0.0058179, -0.00375), (0.0265712, 0.0119545, -0.00375), (0.0215766, 0.0195803, -0.00375), (-0.0036247, 0.0299827, -0.00375), (-0.0290465, -0.0082704, -0.00375), (0.0036247, -0.0299827, -0.00375), (0.023764, -0.0186379, -0.00375), (0.0285232, -0.0059468, -0.00375), (0.0280191, -0.002474, -0.00375), (0.0280335, -0.0025864, -0.00375), (0.0281313, -0.0027896, -0.00375), (0.029778, -0.0035191, -0.00375), (0.0289649, -0.0031584, -0.00375), (0.0285258, -0.0015058, -0.00375), (0.0291024, -0.0014116, -0.00375), (0.0284151, -0.0015301, -0.00375), (0.0280742, -0.0018844, -0.00375), (0.0280209, -0.0024173, -0.00375), (0.0280541, -0.001996, -0.00375), (0.027939, 0.0059497, -0.00375), (-0.0159639, 0.024374, -0.00375), (0.0159639, -0.024374, -0.00375), (0.0283603, -0.0103822, -0.00375), (0.0299827, -0.0036247, -0.00375), (0.0299619, -0.0011826, -0.00375), (0.0284101, -0.0029752, -0.00375), (0.0284698, -0.001515, -0.00375), (0.0290465, 0.0082704, -0.00375), (0.0301805, -0.0011103, -0.00375), (0.0289649, 0.0031584, -0.00375), (0.0280209, 0.0024173, -0.01875), (0.0280541, 0.001996, -0.01875), (0.0280611, 0.0019396, -0.01875), (0.0280742, 0.0018844, -0.01875), (0.028093, 0.0018308, -0.01875), (0.0281175, 0.0017796, -0.01875), (0.0281472, 0.0017313, -0.01875), (0.028182, 0.0016864, -0.01875), (0.0282214, 0.0016455, -0.01875), (0.0282649, 0.001609, -0.01875), (0.028312, 0.0015774, -0.01875), (0.0283623, 0.001551, -0.01875), (0.0284151, 0.0015301, -0.01875), (0.0284698, 0.001515, -0.01875), (0.0285258, 0.0015058, -0.01875), (0.0283563, 0.0029573, -0.01875), (0.0284101, 0.0029752, -0.01875), (0.0283046, 0.0029338, -0.01875), (0.0282557, 0.0029049, -0.01875), (0.0282102, 0.002871, -0.01875), (0.0281686, 0.0028324, -0.01875), (0.0281313, 0.0027896, -0.01875), (0.0280989, 0.002743, -0.01875), (0.0280715, 0.0026932, -0.01875), (0.0280497, 0.0026408, -0.01875), (0.0280335, 0.0025864, -0.01875), (0.0280233, 0.0025306, -0.01875), (0.0280191, 0.002474, -0.01875), (0.0280541, -0.001996, -0.01875), (0.0280209, -0.0024173, -0.01875), (0.0280191, -0.002474, -0.01875), (0.0280233, -0.0025306, -0.01875), (0.0280335, -0.0025864, -0.01875), (0.0280497, -0.0026408, -0.01875), (0.0280715, -0.0026932, -0.01875), (0.0280989, -0.002743, -0.01875), (0.0281313, -0.0027896, -0.01875), (0.0281686, -0.0028324, -0.01875), (0.0282102, -0.002871, -0.01875), (0.0282557, -0.0029049, -0.01875), (0.0283046, -0.0029338, -0.01875), (0.0283563, -0.0029573, -0.01875), (0.0284101, -0.0029752, -0.01875), (0.0284698, -0.001515, -0.01875), (0.0285258, -0.0015058, -0.01875), (0.0284151, -0.0015301, -0.01875), (0.0283623, -0.001551, -0.01875), (0.028312, -0.0015774, -0.01875), (0.0282649, -0.001609, -0.01875), (0.0282214, -0.0016455, -0.01875), (0.028182, -0.0016864, -0.01875), (0.0281472, -0.0017313, -0.01875), (0.0281175, -0.0017796, -0.01875), (0.028093, -0.0018308, -0.01875), (0.0280742, -0.0018844, -0.01875), (0.0280611, -0.0019396, -0.01875), (0.0273965, -0.00636, -0.01875), (0.0272978, -0.0067709, -0.01875), (0.0272871, -0.0068267, -0.01875), (0.0272824, -0.0068833, -0.01875), (0.0272838, -0.00694, -0.01875), (0.0272912, -0.0069963, -0.01875), (0.0273046, -0.0070514, -0.01875), (0.0273238, -0.0071049, -0.01875), (0.0273486, -0.0071559, -0.01875), (0.0273787, -0.0072041, -0.01875), (0.0274138, -0.0072487, -0.01875), (0.0274534, -0.0072893, -0.01875), (0.0274972, -0.0073255, -0.01875), (0.0275445, -0.0073568, -0.01875), (0.0275949, -0.0073829, -0.01875), (0.0278823, -0.00595, -0.01875), (0.027939, -0.0059497, -0.01875), (0.0278259, -0.0059564, -0.01875), (0.0277705, -0.0059688, -0.01875), (0.0277167, -0.005987, -0.01875), (0.0276652, -0.0060108, -0.01875), (0.0276165, -0.00604, -0.01875), (0.0275712, -0.0060743, -0.01875), (0.0275299, -0.0061132, -0.01875), (0.0274929, -0.0061562, -0.01875), (0.0274607, -0.006203, -0.01875), (0.0274337, -0.0062529, -0.01875), (0.0274122, -0.0063055, -0.01875), (0.0260642, -0.0105675, -0.01875), (0.0259025, -0.0109579, -0.01875), (0.0258832, -0.0110113, -0.01875), (0.0258697, -0.0110664, -0.01875), (0.0258622, -0.0111227, -0.01875), (0.0258608, -0.0111794, -0.01875), (0.0258654, -0.011236, -0.01875), (0.025876, -0.0112918, -0.01875), (0.0258925, -0.0113461, -0.01875), (0.0259147, -0.0113983, -0.01875), (0.0259423, -0.0114479, -0.01875), (0.0259751, -0.0114942, -0.01875), (0.0260127, -0.0115368, -0.01875), (0.0260545, -0.0115751, -0.01875), (0.0261003, -0.0116088, -0.01875), (0.0266082, -0.0102385, -0.01875), (0.0266643, -0.010247, -0.01875), (0.0265515, -0.010236, -0.01875), (0.0264948, -0.0102395, -0.01875), (0.0264389, -0.0102491, -0.01875), (0.0263843, -0.0102646, -0.01875), (0.0263316, -0.0102858, -0.01875), (0.0262816, -0.0103126, -0.01875), (0.0262346, -0.0103445, -0.01875), (0.0261914, -0.0103813, -0.01875), (0.0261523, -0.0104224, -0.01875), (0.0261178, -0.0104675, -0.01875), (0.0260883, -0.0105161, -0.01875), (0.014875, -0.0238694, -0.01875), (0.0145147, -0.0240902, -0.01875), (0.0144677, -0.0241221, -0.01875), (0.0144244, -0.0241588, -0.01875), (0.0143852, -0.0241999, -0.01875), (0.0143507, -0.0242449, -0.01875), (0.0143212, -0.0242934, -0.01875), (0.014297, -0.0243447, -0.01875), (0.0142784, -0.0243984, -0.01875), (0.0142656, -0.0244537, -0.01875), (0.0142589, -0.0245101, -0.01875), (0.0142582, -0.0245668, -0.01875), (0.0142635, -0.0246233, -0.01875), (0.0142749, -0.024679, -0.01875), (0.0142921, -0.024733, -0.01875), (0.0155085, -0.023923, -0.01875), (0.0155488, -0.0239629, -0.01875), (0.0154641, -0.0238877, -0.01875), (0.0154161, -0.0238572, -0.01875), (0.0153652, -0.0238321, -0.01875), (0.0153119, -0.0238125, -0.01875), (0.0152569, -0.0237988, -0.01875), (0.0152006, -0.023791, -0.01875), (0.0151439, -0.0237892, -0.01875), (0.0150873, -0.0237935, -0.01875), (0.0150315, -0.0238039, -0.01875), (0.0149771, -0.0238201, -0.01875), (0.0149247, -0.023842, -0.01875), (0.0184259, -0.0212486, -0.01875), (0.0181045, -0.021523, -0.01875), (0.0180631, -0.0215619, -0.01875), (0.0180261, -0.0216049, -0.01875), (0.0179938, -0.0216516, -0.01875), (0.0179668, -0.0217015, -0.01875), (0.0179452, -0.021754, -0.01875), (0.0179293, -0.0218085, -0.01875), (0.0179193, -0.0218644, -0.01875), (0.0179154, -0.021921, -0.01875), (0.0179175, -0.0219777, -0.01875), (0.0179257, -0.0220339, -0.01875), (0.0179399, -0.0220889, -0.01875), (0.0179598, -0.022142, -0.01875), (0.0179852, -0.0221928, -0.01875), (0.0190599, -0.0212024, -0.01875), (0.019106, -0.0212355, -0.01875), (0.0190105, -0.0211744, -0.01875), (0.0189584, -0.0211519, -0.01875), (0.0189042, -0.021135, -0.01875), (0.0188485, -0.021124, -0.01875), (0.018792, -0.0211191, -0.01875), (0.0187352, -0.0211202, -0.01875), (0.0186789, -0.0211273, -0.01875), (0.0186237, -0.0211404, -0.01875), (0.0185702, -0.0211593, -0.01875), (0.018519, -0.0211839, -0.01875), (0.0184707, -0.0212137, -0.01875), (0.0240902, -0.0145147, -0.01875), (0.0238694, -0.014875, -0.01875), (0.023842, -0.0149247, -0.01875), (0.0238201, -0.0149771, -0.01875), (0.0238039, -0.0150315, -0.01875), (0.0237935, -0.0150873, -0.01875), (0.0237892, -0.0151439, -0.01875), (0.023791, -0.0152006, -0.01875), (0.0237988, -0.0152569, -0.01875), (0.0238125, -0.0153119, -0.01875), (0.0238321, -0.0153652, -0.01875), (0.0238572, -0.0154161, -0.01875), (0.0238877, -0.0154641, -0.01875), (0.023923, -0.0155085, -0.01875), (0.0239629, -0.0155488, -0.01875), (0.024679, -0.0142749, -0.01875), (0.024733, -0.0142921, -0.01875), (0.0246233, -0.0142635, -0.01875), (0.0245668, -0.0142582, -0.01875), (0.0245101, -0.0142589, -0.01875), (0.0244537, -0.0142656, -0.01875), (0.0243984, -0.0142784, -0.01875), (0.0243447, -0.014297, -0.01875), (0.0242934, -0.0143212, -0.01875), (0.0242449, -0.0143507, -0.01875), (0.0241999, -0.0143852, -0.01875), (0.0241588, -0.0144244, -0.01875), (0.0241221, -0.0144677, -0.01875), (0.021523, -0.0181045, -0.01875), (0.0212486, -0.0184259, -0.01875), (0.0212137, -0.0184707, -0.01875), (0.0211839, -0.018519, -0.01875), (0.0211593, -0.0185702, -0.01875), (0.0211404, -0.0186237, -0.01875), (0.0211273, -0.0186789, -0.01875), (0.0211202, -0.0187352, -0.01875), (0.0211191, -0.018792, -0.01875), (0.021124, -0.0188485, -0.01875), (0.021135, -0.0189042, -0.01875), (0.0211519, -0.0189584, -0.01875), (0.0211744, -0.0190105, -0.01875), (0.0212024, -0.0190599, -0.01875), (0.0212355, -0.019106, -0.01875), (0.022142, -0.0179598, -0.01875), (0.0221928, -0.0179852, -0.01875), (0.0220889, -0.0179399, -0.01875), (0.0220339, -0.0179257, -0.01875), (0.0219777, -0.0179175, -0.01875), (0.021921, -0.0179154, -0.01875), (0.0218644, -0.0179193, -0.01875), (0.0218085, -0.0179293, -0.01875), (0.021754, -0.0179452, -0.01875), (0.0217015, -0.0179668, -0.01875), (0.0216516, -0.0179938, -0.01875), (0.0216049, -0.0180261, -0.01875), (0.0215619, -0.0180631, -0.01875), (0.00636, 0.0273965, -0.01875), (0.0067709, 0.0272978, -0.01875), (0.0068267, 0.0272871, -0.01875), (0.0068832, 0.0272824, -0.01875), (0.00694, 0.0272838, -0.01875), (0.0069963, 0.0272912, -0.01875), (0.0070514, 0.0273046, -0.01875), (0.0071049, 0.0273238, -0.01875), (0.0071559, 0.0273486, -0.01875), (0.007204, 0.0273787, -0.01875), (0.0072487, 0.0274138, -0.01875), (0.0072893, 0.0274534, -0.01875), (0.0073255, 0.0274972, -0.01875), (0.0073568, 0.0275445, -0.01875), (0.0073829, 0.0275949, -0.01875), (0.00595, 0.0278823, -0.01875), (0.0059497, 0.027939, -0.01875), (0.0059564, 0.0278259, -0.01875), (0.0059688, 0.0277705, -0.01875), (0.005987, 0.0277167, -0.01875), (0.0060108, 0.0276652, -0.01875), (0.00604, 0.0276165, -0.01875), (0.0060743, 0.0275712, -0.01875), (0.0061132, 0.0275299, -0.01875), (0.0061562, 0.0274929, -0.01875), (0.006203, 0.0274607, -0.01875), (0.0062529, 0.0274337, -0.01875), (0.0063055, 0.0274122, -0.01875), (0.0105675, 0.0260642, -0.01875), (0.0109579, 0.0259025, -0.01875), (0.0110113, 0.0258832, -0.01875), (0.0110664, 0.0258697, -0.01875), (0.0111227, 0.0258622, -0.01875), (0.0111794, 0.0258608, -0.01875), (0.011236, 0.0258654, -0.01875), (0.0112918, 0.025876, -0.01875), (0.0113461, 0.0258925, -0.01875), (0.0113983, 0.0259147, -0.01875), (0.0114479, 0.0259423, -0.01875), (0.0114942, 0.0259751, -0.01875), (0.0115368, 0.0260127, -0.01875), (0.0115751, 0.0260545, -0.01875), (0.0116088, 0.0261003, -0.01875), (0.0102385, 0.0266082, -0.01875), (0.010247, 0.0266643, -0.01875), (0.010236, 0.0265515, -0.01875), (0.0102395, 0.0264948, -0.01875), (0.0102491, 0.0264389, -0.01875), (0.0102646, 0.0263843, -0.01875), (0.0102858, 0.0263316, -0.01875), (0.0103126, 0.0262816, -0.01875), (0.0103445, 0.0262346, -0.01875), (0.0103813, 0.0261914, -0.01875), (0.0104224, 0.0261523, -0.01875), (0.0104675, 0.0261178, -0.01875), (0.0105161, 0.0260883, -0.01875), (0.0181045, 0.021523, -0.01875), (0.0184259, 0.0212486, -0.01875), (0.0184707, 0.0212137, -0.01875), (0.018519, 0.0211839, -0.01875), (0.0185702, 0.0211593, -0.01875), (0.0186237, 0.0211404, -0.01875), (0.0186789, 0.0211273, -0.01875), (0.0187352, 0.0211202, -0.01875), (0.018792, 0.0211191, -0.01875), (0.0188485, 0.021124, -0.01875), (0.0189042, 0.021135, -0.01875), (0.0189584, 0.0211519, -0.01875), (0.0190105, 0.0211744, -0.01875), (0.0190599, 0.0212024, -0.01875), (0.019106, 0.0212355, -0.01875), (0.0179598, 0.022142, -0.01875), (0.0179852, 0.0221928, -0.01875), (0.0179399, 0.0220889, -0.01875), (0.0179257, 0.0220339, -0.01875), (0.0179175, 0.0219777, -0.01875), (0.0179154, 0.021921, -0.01875), (0.0179193, 0.0218644, -0.01875), (0.0179293, 0.0218085, -0.01875), (0.0179452, 0.021754, -0.01875), (0.0179668, 0.0217015, -0.01875), (0.0179938, 0.0216516, -0.01875), (0.0180261, 0.0216049, -0.01875), (0.0180631, 0.0215619, -0.01875), (0.0145147, 0.0240902, -0.01875), (0.014875, 0.0238694, -0.01875), (0.0149247, 0.023842, -0.01875), (0.0149771, 0.0238201, -0.01875), (0.0150315, 0.0238039, -0.01875), (0.0150873, 0.0237935, -0.01875), (0.0151439, 0.0237892, -0.01875), (0.0152006, 0.023791, -0.01875), (0.0152569, 0.0237988, -0.01875), (0.0153119, 0.0238125, -0.01875), (0.0153652, 0.0238321, -0.01875), (0.0154161, 0.0238572, -0.01875), (0.0154641, 0.0238877, -0.01875), (0.0155085, 0.023923, -0.01875), (0.0155488, 0.0239629, -0.01875), (0.0142749, 0.024679, -0.01875), (0.0142921, 0.024733, -0.01875), (0.0142635, 0.0246233, -0.01875), (0.0142582, 0.0245668, -0.01875), (0.0142589, 0.0245101, -0.01875), (0.0142656, 0.0244537, -0.01875), (0.0142784, 0.0243984, -0.01875), (0.014297, 0.0243447, -0.01875), (0.0143212, 0.0242934, -0.01875), (0.0143507, 0.0242449, -0.01875), (0.0143852, 0.0241999, -0.01875), (0.0144244, 0.0241588, -0.01875), (0.0144677, 0.0241221, -0.01875), (0.0212486, 0.0184259, -0.01875), (0.021523, 0.0181045, -0.01875), (0.0215619, 0.0180631, -0.01875), (0.0216049, 0.0180261, -0.01875), (0.0216516, 0.0179938, -0.01875), (0.0217015, 0.0179668, -0.01875), (0.021754, 0.0179452, -0.01875), (0.0218085, 0.0179293, -0.01875), (0.0218644, 0.0179193, -0.01875), (0.021921, 0.0179154, -0.01875), (0.0219777, 0.0179175, -0.01875), (0.0220339, 0.0179257, -0.01875), (0.0220889, 0.0179399, -0.01875), (0.022142, 0.0179598, -0.01875), (0.0221928, 0.0179852, -0.01875), (0.0212024, 0.0190599, -0.01875), (0.0212355, 0.019106, -0.01875), (0.0211744, 0.0190105, -0.01875), (0.0211519, 0.0189584, -0.01875), (0.021135, 0.0189042, -0.01875), (0.021124, 0.0188485, -0.01875), (0.0211191, 0.018792, -0.01875), (0.0211202, 0.0187352, -0.01875), (0.0211273, 0.0186789, -0.01875), (0.0211404, 0.0186237, -0.01875), (0.0211593, 0.0185702, -0.01875), (0.0211839, 0.018519, -0.01875), (0.0212137, 0.0184707, -0.01875), (0.0238694, 0.014875, -0.01875), (0.0240902, 0.0145147, -0.01875), (0.0241221, 0.0144677, -0.01875), (0.0241588, 0.0144244, -0.01875), (0.0241999, 0.0143852, -0.01875), (0.0242449, 0.0143507, -0.01875), (0.0242934, 0.0143212, -0.01875), (0.0243447, 0.014297, -0.01875), (0.0243984, 0.0142784, -0.01875), (0.0244537, 0.0142656, -0.01875), (0.0245101, 0.0142589, -0.01875), (0.0245668, 0.0142582, -0.01875), (0.0246233, 0.0142635, -0.01875), (0.024679, 0.0142749, -0.01875), (0.024733, 0.0142921, -0.01875), (0.023923, 0.0155085, -0.01875), (0.0239629, 0.0155488, -0.01875), (0.0238877, 0.0154641, -0.01875), (0.0238572, 0.0154161, -0.01875), (0.0238321, 0.0153652, -0.01875), (0.0238125, 0.0153119, -0.01875), (0.0237988, 0.0152569, -0.01875), (0.023791, 0.0152006, -0.01875), (0.0237892, 0.0151439, -0.01875), (0.0237935, 0.0150873, -0.01875), (0.0238039, 0.0150315, -0.01875), (0.0238201, 0.0149771, -0.01875), (0.023842, 0.0149247, -0.01875), (0.0259025, 0.0109579, -0.01875), (0.0260642, 0.0105675, -0.01875), (0.0260883, 0.0105161, -0.01875), (0.0261178, 0.0104675, -0.01875), (0.0261523, 0.0104224, -0.01875), (0.0261914, 0.0103813, -0.01875), (0.0262346, 0.0103445, -0.01875), (0.0262816, 0.0103126, -0.01875), (0.0263316, 0.0102858, -0.01875), (0.0263843, 0.0102646, -0.01875), (0.0264389, 0.0102491, -0.01875), (0.0264948, 0.0102395, -0.01875), (0.0265515, 0.010236, -0.01875), (0.0266082, 0.0102385, -0.01875), (0.0266643, 0.010247, -0.01875), (0.0260545, 0.0115751, -0.01875), (0.0261003, 0.0116088, -0.01875), (0.0260127, 0.0115368, -0.01875), (0.0259751, 0.0114942, -0.01875), (0.0259423, 0.0114479, -0.01875), (0.0259147, 0.0113983, -0.01875), (0.0258925, 0.0113461, -0.01875), (0.025876, 0.0112918, -0.01875), (0.0258654, 0.011236, -0.01875), (0.0258608, 0.0111794, -0.01875), (0.0258622, 0.0111227, -0.01875), (0.0258697, 0.0110664, -0.01875), (0.0258832, 0.0110113, -0.01875), (0.0272978, 0.0067709, -0.01875), (0.0273965, 0.00636, -0.01875), (0.0274122, 0.0063055, -0.01875), (0.0274337, 0.0062529, -0.01875), (0.0274607, 0.006203, -0.01875), (0.0274929, 0.0061562, -0.01875), (0.0275299, 0.0061132, -0.01875), (0.0275712, 0.0060743, -0.01875), (0.0276165, 0.00604, -0.01875), (0.0276652, 0.0060108, -0.01875), (0.0277167, 0.005987, -0.01875), (0.0277705, 0.0059688, -0.01875), (0.0278259, 0.0059564, -0.01875), (0.0278823, 0.00595, -0.01875), (0.027939, 0.0059497, -0.01875), (0.0275445, 0.0073568, -0.01875), (0.0275949, 0.0073829, -0.01875), (0.0274972, 0.0073255, -0.01875), (0.0274534, 0.0072893, -0.01875), (0.0274138, 0.0072487, -0.01875), (0.0273787, 0.0072041, -0.01875), (0.0273486, 0.0071559, -0.01875), (0.0273238, 0.0071049, -0.01875), (0.0273046, 0.0070514, -0.01875), (0.0272912, 0.0069963, -0.01875), (0.0272838, 0.00694, -0.01875), (0.0272824, 0.0068833, -0.01875), (0.0272871, 0.0068267, -0.01875), (0.001996, 0.0280541, -0.01875), (0.0024172, 0.0280209, -0.01875), (0.002474, 0.0280191, -0.01875), (0.0025306, 0.0280233, -0.01875), (0.0025864, 0.0280335, -0.01875), (0.0026409, 0.0280497, -0.01875), (0.0026932, 0.0280715, -0.01875), (0.002743, 0.0280989, -0.01875), (0.0027896, 0.0281313, -0.01875), (0.0028324, 0.0281686, -0.01875), (0.002871, 0.0282102, -0.01875), (0.0029049, 0.0282557, -0.01875), (0.0029338, 0.0283046, -0.01875), (0.0029573, 0.0283563, -0.01875), (0.0029752, 0.0284101, -0.01875), (0.001515, 0.0284698, -0.01875), (0.0015058, 0.0285258, -0.01875), (0.0015301, 0.0284151, -0.01875), (0.001551, 0.0283623, -0.01875), (0.0015774, 0.028312, -0.01875), (0.001609, 0.0282649, -0.01875), (0.0016455, 0.0282214, -0.01875), (0.0016864, 0.028182, -0.01875), (0.0017313, 0.0281472, -0.01875), (0.0017796, 0.0281175, -0.01875), (0.0018308, 0.028093, -0.01875), (0.0018844, 0.0280742, -0.01875), (0.0019396, 0.0280611, -0.01875), (-0.0024172, 0.0280209, -0.01875), (-0.001996, 0.0280541, -0.01875), (-0.0019396, 0.0280611, -0.01875), (-0.0018844, 0.0280742, -0.01875), (-0.0018308, 0.028093, -0.01875), (-0.0017796, 0.0281175, -0.01875), (-0.0017313, 0.0281472, -0.01875), (-0.0016864, 0.028182, -0.01875), (-0.0016455, 0.0282214, -0.01875), (-0.001609, 0.0282649, -0.01875), (-0.0015774, 0.028312, -0.01875), (-0.001551, 0.0283623, -0.01875), (-0.0015301, 0.0284151, -0.01875), (-0.001515, 0.0284698, -0.01875), (-0.0015058, 0.0285258, -0.01875), (-0.0029573, 0.0283563, -0.01875), (-0.0029752, 0.0284101, -0.01875), (-0.0029338, 0.0283046, -0.01875), (-0.0029049, 0.0282557, -0.01875), (-0.002871, 0.0282102, -0.01875), (-0.0028324, 0.0281686, -0.01875), (-0.0027896, 0.0281313, -0.01875), (-0.002743, 0.0280989, -0.01875), (-0.0026932, 0.0280715, -0.01875), (-0.0026409, 0.0280497, -0.01875), (-0.0025864, 0.0280335, -0.01875), (-0.0025306, 0.0280233, -0.01875), (-0.002474, 0.0280191, -0.01875), (-0.0067709, 0.0272978, -0.01875), (-0.00636, 0.0273965, -0.01875), (-0.0063055, 0.0274122, -0.01875), (-0.0062529, 0.0274337, -0.01875), (-0.006203, 0.0274607, -0.01875), (-0.0061562, 0.0274929, -0.01875), (-0.0061132, 0.0275299, -0.01875), (-0.0060743, 0.0275712, -0.01875), (-0.00604, 0.0276165, -0.01875), (-0.0060108, 0.0276652, -0.01875), (-0.005987, 0.0277167, -0.01875), (-0.0059688, 0.0277705, -0.01875), (-0.0059564, 0.0278259, -0.01875), (-0.00595, 0.0278823, -0.01875), (-0.0059497, 0.027939, -0.01875), (-0.0073568, 0.0275445, -0.01875), (-0.0073829, 0.0275949, -0.01875), (-0.0073255, 0.0274972, -0.01875), (-0.0072893, 0.0274534, -0.01875), (-0.0072487, 0.0274138, -0.01875), (-0.007204, 0.0273787, -0.01875), (-0.0071559, 0.0273486, -0.01875), (-0.0071049, 0.0273238, -0.01875), (-0.0070514, 0.0273046, -0.01875), (-0.0069963, 0.0272912, -0.01875), (-0.00694, 0.0272838, -0.01875), (-0.0068832, 0.0272824, -0.01875), (-0.0068267, 0.0272871, -0.01875), (-0.0109579, 0.0259025, -0.01875), (-0.0105675, 0.0260642, -0.01875), (-0.0105161, 0.0260883, -0.01875), (-0.0104675, 0.0261178, -0.01875), (-0.0104224, 0.0261523, -0.01875), (-0.0103813, 0.0261914, -0.01875), (-0.0103445, 0.0262346, -0.01875), (-0.0103126, 0.0262816, -0.01875), (-0.0102858, 0.0263316, -0.01875), (-0.0102646, 0.0263843, -0.01875), (-0.0102491, 0.0264389, -0.01875), (-0.0102395, 0.0264948, -0.01875), (-0.010236, 0.0265515, -0.01875), (-0.0102385, 0.0266082, -0.01875), (-0.010247, 0.0266643, -0.01875), (-0.0115751, 0.0260545, -0.01875), (-0.0116088, 0.0261003, -0.01875), (-0.0115368, 0.0260127, -0.01875), (-0.0114942, 0.0259751, -0.01875), (-0.0114479, 0.0259423, -0.01875), (-0.0113983, 0.0259147, -0.01875), (-0.0113461, 0.0258925, -0.01875), (-0.0112918, 0.025876, -0.01875), (-0.011236, 0.0258654, -0.01875), (-0.0111794, 0.0258608, -0.01875), (-0.0111227, 0.0258622, -0.01875), (-0.0110664, 0.0258697, -0.01875), (-0.0110113, 0.0258832, -0.01875), (-0.021523, 0.0181045, -0.01875), (-0.0212486, 0.0184259, -0.01875), (-0.0212137, 0.0184707, -0.01875), (-0.0211839, 0.018519, -0.01875), (-0.0211593, 0.0185702, -0.01875), (-0.0211404, 0.0186237, -0.01875), (-0.0211273, 0.0186789, -0.01875), (-0.0211201, 0.0187352, -0.01875), (-0.0211191, 0.018792, -0.01875), (-0.021124, 0.0188485, -0.01875), (-0.021135, 0.0189042, -0.01875), (-0.0211519, 0.0189584, -0.01875), (-0.0211744, 0.0190105, -0.01875), (-0.0212024, 0.0190599, -0.01875), (-0.0212355, 0.019106, -0.01875), (-0.022142, 0.0179598, -0.01875), (-0.0221927, 0.0179852, -0.01875), (-0.0220889, 0.0179399, -0.01875), (-0.0220339, 0.0179257, -0.01875), (-0.0219777, 0.0179175, -0.01875), (-0.021921, 0.0179154, -0.01875), (-0.0218644, 0.0179193, -0.01875), (-0.0218085, 0.0179293, -0.01875), (-0.021754, 0.0179452, -0.01875), (-0.0217015, 0.0179668, -0.01875), (-0.0216516, 0.0179938, -0.01875), (-0.0216048, 0.0180261, -0.01875), (-0.0215618, 0.0180631, -0.01875), (-0.0240902, 0.0145147, -0.01875), (-0.0238694, 0.014875, -0.01875), (-0.023842, 0.0149247, -0.01875), (-0.0238201, 0.0149771, -0.01875), (-0.0238038, 0.0150315, -0.01875), (-0.0237935, 0.0150873, -0.01875), (-0.0237892, 0.0151439, -0.01875), (-0.0237909, 0.0152006, -0.01875), (-0.0237987, 0.0152569, -0.01875), (-0.0238125, 0.0153119, -0.01875), (-0.0238321, 0.0153652, -0.01875), (-0.0238572, 0.0154161, -0.01875), (-0.0238876, 0.0154641, -0.01875), (-0.023923, 0.0155085, -0.01875), (-0.0239629, 0.0155488, -0.01875), (-0.0246789, 0.0142749, -0.01875), (-0.024733, 0.0142921, -0.01875), (-0.0246233, 0.0142635, -0.01875), (-0.0245668, 0.0142582, -0.01875), (-0.02451, 0.0142589, -0.01875), (-0.0244537, 0.0142656, -0.01875), (-0.0243984, 0.0142784, -0.01875), (-0.0243447, 0.014297, -0.01875), (-0.0242934, 0.0143212, -0.01875), (-0.0242449, 0.0143507, -0.01875), (-0.0241998, 0.0143852, -0.01875), (-0.0241587, 0.0144244, -0.01875), (-0.0241221, 0.0144677, -0.01875), (-0.0184259, 0.0212486, -0.01875), (-0.0181045, 0.021523, -0.01875), (-0.0180631, 0.0215619, -0.01875), (-0.0180261, 0.0216049, -0.01875), (-0.0179938, 0.0216516, -0.01875), (-0.0179668, 0.0217015, -0.01875), (-0.0179452, 0.021754, -0.01875), (-0.0179293, 0.0218085, -0.01875), (-0.0179193, 0.0218644, -0.01875), (-0.0179154, 0.021921, -0.01875), (-0.0179175, 0.0219777, -0.01875), (-0.0179257, 0.0220339, -0.01875), (-0.0179399, 0.0220889, -0.01875), (-0.0179598, 0.022142, -0.01875), (-0.0179852, 0.0221928, -0.01875), (-0.0190599, 0.0212024, -0.01875), (-0.019106, 0.0212355, -0.01875), (-0.0190105, 0.0211744, -0.01875), (-0.0189584, 0.0211519, -0.01875), (-0.0189042, 0.021135, -0.01875), (-0.0188485, 0.021124, -0.01875), (-0.018792, 0.0211191, -0.01875), (-0.0187352, 0.0211202, -0.01875), (-0.0186789, 0.0211273, -0.01875), (-0.0186237, 0.0211404, -0.01875), (-0.0185702, 0.0211593, -0.01875), (-0.018519, 0.0211839, -0.01875), (-0.0184707, 0.0212137, -0.01875), (-0.014875, 0.0238694, -0.01875), (-0.0145147, 0.0240902, -0.01875), (-0.0144677, 0.0241221, -0.01875), (-0.0144244, 0.0241588, -0.01875), (-0.0143852, 0.0241999, -0.01875), (-0.0143507, 0.0242449, -0.01875), (-0.0143212, 0.0242934, -0.01875), (-0.014297, 0.0243447, -0.01875), (-0.0142784, 0.0243984, -0.01875), (-0.0142656, 0.0244537, -0.01875), (-0.0142589, 0.0245101, -0.01875), (-0.0142582, 0.0245668, -0.01875), (-0.0142635, 0.0246233, -0.01875), (-0.0142749, 0.024679, -0.01875), (-0.0142921, 0.024733, -0.01875), (-0.0155085, 0.023923, -0.01875), (-0.0155488, 0.0239629, -0.01875), (-0.0154641, 0.0238877, -0.01875), (-0.0154161, 0.0238572, -0.01875), (-0.0153652, 0.0238321, -0.01875), (-0.0153119, 0.0238125, -0.01875), (-0.0152569, 0.0237988, -0.01875), (-0.0152006, 0.023791, -0.01875), (-0.0151439, 0.0237892, -0.01875), (-0.0150873, 0.0237935, -0.01875), (-0.0150315, 0.0238039, -0.01875), (-0.0149771, 0.0238201, -0.01875), (-0.0149247, 0.023842, -0.01875), (0.0109579, -0.0259025, -0.01875), (0.0105675, -0.0260642, -0.01875), (0.0105161, -0.0260883, -0.01875), (0.0104675, -0.0261178, -0.01875), (0.0104224, -0.0261523, -0.01875), (0.0103813, -0.0261914, -0.01875), (0.0103445, -0.0262346, -0.01875), (0.0103126, -0.0262816, -0.01875), (0.0102858, -0.0263316, -0.01875), (0.0102646, -0.0263843, -0.01875), (0.0102491, -0.0264389, -0.01875), (0.0102395, -0.0264948, -0.01875), (0.010236, -0.0265515, -0.01875), (0.0102385, -0.0266082, -0.01875), (0.010247, -0.0266643, -0.01875), (0.0115751, -0.0260545, -0.01875), (0.0116088, -0.0261003, -0.01875), (0.0115368, -0.0260127, -0.01875), (0.0114942, -0.0259751, -0.01875), (0.0114479, -0.0259423, -0.01875), (0.0113983, -0.0259147, -0.01875), (0.0113461, -0.0258925, -0.01875), (0.0112918, -0.025876, -0.01875), (0.011236, -0.0258654, -0.01875), (0.0111794, -0.0258608, -0.01875), (0.0111227, -0.0258622, -0.01875), (0.0110664, -0.0258697, -0.01875), (0.0110113, -0.0258832, -0.01875), (0.0067709, -0.0272978, -0.01875), (0.00636, -0.0273965, -0.01875), (0.0063055, -0.0274122, -0.01875), (0.0062529, -0.0274337, -0.01875), (0.006203, -0.0274607, -0.01875), (0.0061562, -0.0274929, -0.01875), (0.0061132, -0.0275299, -0.01875), (0.0060743, -0.0275712, -0.01875), (0.00604, -0.0276165, -0.01875), (0.0060108, -0.0276652, -0.01875), (0.005987, -0.0277167, -0.01875), (0.0059688, -0.0277705, -0.01875), (0.0059564, -0.0278259, -0.01875), (0.00595, -0.0278823, -0.01875), (0.0059497, -0.027939, -0.01875), (0.0073568, -0.0275445, -0.01875), (0.0073829, -0.0275949, -0.01875), (0.0073255, -0.0274972, -0.01875), (0.0072893, -0.0274534, -0.01875), (0.0072487, -0.0274138, -0.01875), (0.007204, -0.0273787, -0.01875), (0.0071559, -0.0273486, -0.01875), (0.0071049, -0.0273238, -0.01875), (0.0070514, -0.0273046, -0.01875), (0.0069963, -0.0272912, -0.01875), (0.00694, -0.0272838, -0.01875), (0.0068832, -0.0272824, -0.01875), (0.0068267, -0.0272871, -0.01875), (0.0024172, -0.0280209, -0.01875), (0.001996, -0.0280541, -0.01875), (0.0019396, -0.0280611, -0.01875), (0.0018844, -0.0280742, -0.01875), (0.0018308, -0.028093, -0.01875), (0.0017796, -0.0281175, -0.01875), (0.0017313, -0.0281472, -0.01875), (0.0016864, -0.028182, -0.01875), (0.0016455, -0.0282214, -0.01875), (0.001609, -0.0282649, -0.01875), (0.0015774, -0.028312, -0.01875), (0.001551, -0.0283623, -0.01875), (0.0015301, -0.0284151, -0.01875), (0.001515, -0.0284698, -0.01875), (0.0015058, -0.0285258, -0.01875), (0.0029573, -0.0283563, -0.01875), (0.0029752, -0.0284101, -0.01875), (0.0029338, -0.0283046, -0.01875), (0.0029049, -0.0282557, -0.01875), (0.002871, -0.0282102, -0.01875), (0.0028324, -0.0281686, -0.01875), (0.0027896, -0.0281313, -0.01875), (0.002743, -0.0280989, -0.01875), (0.0026932, -0.0280715, -0.01875), (0.0026409, -0.0280497, -0.01875), (0.0025864, -0.0280335, -0.01875), (0.0025306, -0.0280233, -0.01875), (0.002474, -0.0280191, -0.01875), (-0.001996, -0.0280541, -0.01875), (-0.0024172, -0.0280209, -0.01875), (-0.002474, -0.0280191, -0.01875), (-0.0025306, -0.0280233, -0.01875), (-0.0025864, -0.0280335, -0.01875), (-0.0026409, -0.0280497, -0.01875), (-0.0026932, -0.0280715, -0.01875), (-0.002743, -0.0280989, -0.01875), (-0.0027896, -0.0281313, -0.01875), (-0.0028324, -0.0281686, -0.01875), (-0.002871, -0.0282102, -0.01875), (-0.0029049, -0.0282557, -0.01875), (-0.0029338, -0.0283046, -0.01875), (-0.0029573, -0.0283563, -0.01875), (-0.0029752, -0.0284101, -0.01875), (-0.001515, -0.0284698, -0.01875), (-0.0015058, -0.0285258, -0.01875), (-0.0015301, -0.0284151, -0.01875), (-0.001551, -0.0283623, -0.01875), (-0.0015774, -0.028312, -0.01875), (-0.001609, -0.0282649, -0.01875), (-0.0016455, -0.0282214, -0.01875), (-0.0016864, -0.028182, -0.01875), (-0.0017313, -0.0281472, -0.01875), (-0.0017796, -0.0281175, -0.01875), (-0.0018308, -0.028093, -0.01875), (-0.0018844, -0.0280742, -0.01875), (-0.0019396, -0.0280611, -0.01875), (-0.00636, -0.0273965, -0.01875), (-0.0067709, -0.0272978, -0.01875), (-0.0068267, -0.0272871, -0.01875), (-0.0068832, -0.0272824, -0.01875), (-0.00694, -0.0272838, -0.01875), (-0.0069963, -0.0272912, -0.01875), (-0.0070514, -0.0273046, -0.01875), (-0.0071049, -0.0273238, -0.01875), (-0.0071559, -0.0273486, -0.01875), (-0.007204, -0.0273787, -0.01875), (-0.0072487, -0.0274138, -0.01875), (-0.0072893, -0.0274534, -0.01875), (-0.0073255, -0.0274972, -0.01875), (-0.0073568, -0.0275445, -0.01875), (-0.0073829, -0.0275949, -0.01875), (-0.00595, -0.0278823, -0.01875), (-0.0059497, -0.027939, -0.01875), (-0.0059564, -0.0278259, -0.01875), (-0.0059688, -0.0277705, -0.01875), (-0.005987, -0.0277167, -0.01875), (-0.0060108, -0.0276652, -0.01875), (-0.00604, -0.0276165, -0.01875), (-0.0060743, -0.0275712, -0.01875), (-0.0061132, -0.0275299, -0.01875), (-0.0061562, -0.0274929, -0.01875), (-0.006203, -0.0274607, -0.01875), (-0.0062529, -0.0274337, -0.01875), (-0.0063055, -0.0274122, -0.01875), (-0.0105675, -0.0260642, -0.01875), (-0.0109579, -0.0259025, -0.01875), (-0.0110113, -0.0258832, -0.01875), (-0.0110664, -0.0258697, -0.01875), (-0.0111227, -0.0258622, -0.01875), (-0.0111794, -0.0258608, -0.01875), (-0.011236, -0.0258654, -0.01875), (-0.0112918, -0.025876, -0.01875), (-0.0113461, -0.0258925, -0.01875), (-0.0113983, -0.0259147, -0.01875), (-0.0114479, -0.0259423, -0.01875), (-0.0114942, -0.0259751, -0.01875), (-0.0115368, -0.0260127, -0.01875), (-0.0115751, -0.0260545, -0.01875), (-0.0116088, -0.0261003, -0.01875), (-0.0102385, -0.0266082, -0.01875), (-0.010247, -0.0266643, -0.01875), (-0.010236, -0.0265515, -0.01875), (-0.0102395, -0.0264948, -0.01875), (-0.0102491, -0.0264389, -0.01875), (-0.0102646, -0.0263843, -0.01875), (-0.0102858, -0.0263316, -0.01875), (-0.0103126, -0.0262816, -0.01875), (-0.0103445, -0.0262346, -0.01875), (-0.0103813, -0.0261914, -0.01875), (-0.0104224, -0.0261523, -0.01875), (-0.0104675, -0.0261178, -0.01875), (-0.0105161, -0.0260883, -0.01875), (-0.0181045, -0.021523, -0.01875), (-0.0184259, -0.0212486, -0.01875), (-0.0184707, -0.0212137, -0.01875), (-0.018519, -0.0211839, -0.01875), (-0.0185702, -0.0211593, -0.01875), (-0.0186237, -0.0211404, -0.01875), (-0.0186789, -0.0211273, -0.01875), (-0.0187352, -0.0211202, -0.01875), (-0.018792, -0.0211191, -0.01875), (-0.0188485, -0.021124, -0.01875), (-0.0189042, -0.021135, -0.01875), (-0.0189584, -0.0211519, -0.01875), (-0.0190105, -0.0211744, -0.01875), (-0.0190599, -0.0212024, -0.01875), (-0.019106, -0.0212355, -0.01875), (-0.0179598, -0.022142, -0.01875), (-0.0179852, -0.0221928, -0.01875), (-0.0179399, -0.0220889, -0.01875), (-0.0179257, -0.0220339, -0.01875), (-0.0179175, -0.0219777, -0.01875), (-0.0179154, -0.021921, -0.01875), (-0.0179193, -0.0218644, -0.01875), (-0.0179293, -0.0218085, -0.01875), (-0.0179452, -0.021754, -0.01875), (-0.0179668, -0.0217015, -0.01875), (-0.0179938, -0.0216516, -0.01875), (-0.0180261, -0.0216049, -0.01875), (-0.0180631, -0.0215619, -0.01875), (-0.0145147, -0.0240902, -0.01875), (-0.014875, -0.0238694, -0.01875), (-0.0149247, -0.023842, -0.01875), (-0.0149771, -0.0238201, -0.01875), (-0.0150315, -0.0238039, -0.01875), (-0.0150873, -0.0237935, -0.01875), (-0.0151439, -0.0237892, -0.01875), (-0.0152006, -0.023791, -0.01875), (-0.0152569, -0.0237988, -0.01875), (-0.0153119, -0.0238125, -0.01875), (-0.0153652, -0.0238321, -0.01875), (-0.0154161, -0.0238572, -0.01875), (-0.0154641, -0.0238877, -0.01875), (-0.0155085, -0.023923, -0.01875), (-0.0155488, -0.0239629, -0.01875), (-0.0142749, -0.024679, -0.01875), (-0.0142921, -0.024733, -0.01875), (-0.0142635, -0.0246233, -0.01875), (-0.0142582, -0.0245668, -0.01875), (-0.0142589, -0.0245101, -0.01875), (-0.0142656, -0.0244537, -0.01875), (-0.0142784, -0.0243984, -0.01875), (-0.014297, -0.0243447, -0.01875), (-0.0143212, -0.0242934, -0.01875), (-0.0143507, -0.0242449, -0.01875), (-0.0143852, -0.0241999, -0.01875), (-0.0144244, -0.0241588, -0.01875), (-0.0144677, -0.0241221, -0.01875), (-0.0212486, -0.0184259, -0.01875), (-0.021523, -0.0181045, -0.01875), (-0.0215618, -0.0180631, -0.01875), (-0.0216048, -0.0180261, -0.01875), (-0.0216516, -0.0179938, -0.01875), (-0.0217015, -0.0179668, -0.01875), (-0.021754, -0.0179452, -0.01875), (-0.0218085, -0.0179293, -0.01875), (-0.0218644, -0.0179193, -0.01875), (-0.021921, -0.0179154, -0.01875), (-0.0219777, -0.0179175, -0.01875), (-0.0220339, -0.0179257, -0.01875), (-0.0220889, -0.0179399, -0.01875), (-0.022142, -0.0179598, -0.01875), (-0.0221927, -0.0179852, -0.01875), (-0.0212024, -0.0190599, -0.01875), (-0.0212355, -0.019106, -0.01875), (-0.0211744, -0.0190105, -0.01875), (-0.0211519, -0.0189584, -0.01875), (-0.021135, -0.0189042, -0.01875), (-0.021124, -0.0188485, -0.01875), (-0.0211191, -0.018792, -0.01875), (-0.0211201, -0.0187352, -0.01875), (-0.0211273, -0.0186789, -0.01875), (-0.0211404, -0.0186237, -0.01875), (-0.0211593, -0.0185702, -0.01875), (-0.0211839, -0.018519, -0.01875), (-0.0212137, -0.0184707, -0.01875), (-0.0238694, -0.014875, -0.01875), (-0.0240902, -0.0145147, -0.01875), (-0.0241221, -0.0144677, -0.01875), (-0.0241587, -0.0144244, -0.01875), (-0.0241998, -0.0143852, -0.01875), (-0.0242449, -0.0143507, -0.01875), (-0.0242934, -0.0143212, -0.01875), (-0.0243447, -0.014297, -0.01875), (-0.0243984, -0.0142784, -0.01875), (-0.0244537, -0.0142656, -0.01875), (-0.02451, -0.0142589, -0.01875), (-0.0245668, -0.0142582, -0.01875), (-0.0246233, -0.0142635, -0.01875), (-0.0246789, -0.0142749, -0.01875), (-0.024733, -0.0142921, -0.01875), (-0.023923, -0.0155085, -0.01875), (-0.0239629, -0.0155488, -0.01875), (-0.0238876, -0.0154641, -0.01875), (-0.0238572, -0.0154161, -0.01875), (-0.0238321, -0.0153652, -0.01875), (-0.0238125, -0.0153119, -0.01875), (-0.0237987, -0.0152569, -0.01875), (-0.0237909, -0.0152006, -0.01875), (-0.0237892, -0.0151439, -0.01875), (-0.0237935, -0.0150873, -0.01875), (-0.0238038, -0.0150315, -0.01875), (-0.0238201, -0.0149771, -0.01875), (-0.023842, -0.0149247, -0.01875), (-0.0259025, -0.0109579, -0.01875), (-0.0260642, -0.0105675, -0.01875), (-0.0260883, -0.0105161, -0.01875), (-0.0261178, -0.0104675, -0.01875), (-0.0261523, -0.0104224, -0.01875), (-0.0261913, -0.0103813, -0.01875), (-0.0262346, -0.0103445, -0.01875), (-0.0262815, -0.0103126, -0.01875), (-0.0263316, -0.0102858, -0.01875), (-0.0263842, -0.0102646, -0.01875), (-0.0264389, -0.0102491, -0.01875), (-0.0264948, -0.0102395, -0.01875), (-0.0265515, -0.010236, -0.01875), (-0.0266082, -0.0102385, -0.01875), (-0.0266643, -0.010247, -0.01875), (-0.0260545, -0.0115751, -0.01875), (-0.0261002, -0.0116088, -0.01875), (-0.0260126, -0.0115368, -0.01875), (-0.0259751, -0.0114942, -0.01875), (-0.0259423, -0.0114479, -0.01875), (-0.0259147, -0.0113983, -0.01875), (-0.0258924, -0.0113461, -0.01875), (-0.0258759, -0.0112918, -0.01875), (-0.0258653, -0.011236, -0.01875), (-0.0258607, -0.0111794, -0.01875), (-0.0258622, -0.0111227, -0.01875), (-0.0258697, -0.0110664, -0.01875), (-0.0258832, -0.0110113, -0.01875), (-0.0272978, -0.0067709, -0.01875), (-0.0273964, -0.00636, -0.01875), (-0.0274122, -0.0063055, -0.01875), (-0.0274337, -0.0062529, -0.01875), (-0.0274607, -0.006203, -0.01875), (-0.0274929, -0.0061562, -0.01875), (-0.0275299, -0.0061132, -0.01875), (-0.0275712, -0.0060743, -0.01875), (-0.0276165, -0.00604, -0.01875), (-0.0276652, -0.0060108, -0.01875), (-0.0277167, -0.005987, -0.01875), (-0.0277704, -0.0059688, -0.01875), (-0.0278258, -0.0059564, -0.01875), (-0.0278822, -0.00595, -0.01875), (-0.027939, -0.0059497, -0.01875), (-0.0275445, -0.0073568, -0.01875), (-0.0275949, -0.0073829, -0.01875), (-0.0274971, -0.0073255, -0.01875), (-0.0274534, -0.0072893, -0.01875), (-0.0274138, -0.0072487, -0.01875), (-0.0273787, -0.0072041, -0.01875), (-0.0273486, -0.0071559, -0.01875), (-0.0273238, -0.0071049, -0.01875), (-0.0273046, -0.0070514, -0.01875), (-0.0272912, -0.0069963, -0.01875), (-0.0272838, -0.00694, -0.01875), (-0.0272824, -0.0068833, -0.01875), (-0.0272871, -0.0068267, -0.01875), (-0.0280209, -0.0024173, -0.01875), (-0.0280541, -0.001996, -0.01875), (-0.0280611, -0.0019396, -0.01875), (-0.0280741, -0.0018844, -0.01875), (-0.028093, -0.0018308, -0.01875), (-0.0281174, -0.0017796, -0.01875), (-0.0281472, -0.0017313, -0.01875), (-0.028182, -0.0016864, -0.01875), (-0.0282214, -0.0016455, -0.01875), (-0.0282649, -0.001609, -0.01875), (-0.028312, -0.0015774, -0.01875), (-0.0283622, -0.001551, -0.01875), (-0.028415, -0.0015301, -0.01875), (-0.0284697, -0.001515, -0.01875), (-0.0285258, -0.0015058, -0.01875), (-0.0283562, -0.0029573, -0.01875), (-0.0284101, -0.0029752, -0.01875), (-0.0283046, -0.0029338, -0.01875), (-0.0282557, -0.0029049, -0.01875), (-0.0282102, -0.002871, -0.01875), (-0.0281686, -0.0028324, -0.01875), (-0.0281313, -0.0027896, -0.01875), (-0.0280988, -0.002743, -0.01875), (-0.0280715, -0.0026932, -0.01875), (-0.0280496, -0.0026408, -0.01875), (-0.0280335, -0.0025864, -0.01875), (-0.0280233, -0.0025306, -0.01875), (-0.0280191, -0.002474, -0.01875), (-0.0280541, 0.001996, -0.01875), (-0.0280209, 0.0024173, -0.01875), (-0.0280191, 0.002474, -0.01875), (-0.0280233, 0.0025306, -0.01875), (-0.0280335, 0.0025864, -0.01875), (-0.0280496, 0.0026408, -0.01875), (-0.0280715, 0.0026932, -0.01875), (-0.0280988, 0.002743, -0.01875), (-0.0281313, 0.0027896, -0.01875), (-0.0281686, 0.0028324, -0.01875), (-0.0282102, 0.002871, -0.01875), (-0.0282557, 0.0029049, -0.01875), (-0.0283046, 0.0029338, -0.01875), (-0.0283562, 0.0029573, -0.01875), (-0.0284101, 0.0029752, -0.01875), (-0.0284697, 0.001515, -0.01875), (-0.0285258, 0.0015058, -0.01875), (-0.028415, 0.0015301, -0.01875), (-0.0283622, 0.001551, -0.01875), (-0.028312, 0.0015774, -0.01875), (-0.0282649, 0.001609, -0.01875), (-0.0282214, 0.0016455, -0.01875), (-0.028182, 0.0016864, -0.01875), (-0.0281472, 0.0017313, -0.01875), (-0.0281174, 0.0017796, -0.01875), (-0.028093, 0.0018308, -0.01875), (-0.0280741, 0.0018844, -0.01875), (-0.0280611, 0.0019396, -0.01875), (-0.0273964, 0.00636, -0.01875), (-0.0272978, 0.0067709, -0.01875), (-0.0272871, 0.0068267, -0.01875), (-0.0272824, 0.0068833, -0.01875), (-0.0272838, 0.00694, -0.01875), (-0.0272912, 0.0069963, -0.01875), (-0.0273046, 0.0070514, -0.01875), (-0.0273238, 0.0071049, -0.01875), (-0.0273486, 0.0071559, -0.01875), (-0.0273787, 0.0072041, -0.01875), (-0.0274138, 0.0072487, -0.01875), (-0.0274534, 0.0072893, -0.01875), (-0.0274971, 0.0073255, -0.01875), (-0.0275445, 0.0073568, -0.01875), (-0.0275949, 0.0073829, -0.01875), (-0.0278822, 0.00595, -0.01875), (-0.027939, 0.0059497, -0.01875), (-0.0278258, 0.0059564, -0.01875), (-0.0277704, 0.0059688, -0.01875), (-0.0277167, 0.005987, -0.01875), (-0.0276652, 0.0060108, -0.01875), (-0.0276165, 0.00604, -0.01875), (-0.0275712, 0.0060743, -0.01875), (-0.0275299, 0.0061132, -0.01875), (-0.0274929, 0.0061562, -0.01875), (-0.0274607, 0.006203, -0.01875), (-0.0274337, 0.0062529, -0.01875), (-0.0274122, 0.0063055, -0.01875), (-0.0260642, 0.0105675, -0.01875), (-0.0259025, 0.0109579, -0.01875), (-0.0258832, 0.0110113, -0.01875), (-0.0258697, 0.0110664, -0.01875), (-0.0258622, 0.0111227, -0.01875), (-0.0258607, 0.0111794, -0.01875), (-0.0258653, 0.011236, -0.01875), (-0.0258759, 0.0112918, -0.01875), (-0.0258924, 0.0113461, -0.01875), (-0.0259147, 0.0113983, -0.01875), (-0.0259423, 0.0114479, -0.01875), (-0.0259751, 0.0114942, -0.01875), (-0.0260126, 0.0115368, -0.01875), (-0.0260545, 0.0115751, -0.01875), (-0.0261002, 0.0116088, -0.01875), (-0.0266082, 0.0102385, -0.01875), (-0.0266643, 0.010247, -0.01875), (-0.0265515, 0.010236, -0.01875), (-0.0264948, 0.0102395, -0.01875), (-0.0264389, 0.0102491, -0.01875), (-0.0263842, 0.0102646, -0.01875), (-0.0263316, 0.0102858, -0.01875), (-0.0262815, 0.0103126, -0.01875), (-0.0262346, 0.0103445, -0.01875), (-0.0261913, 0.0103813, -0.01875), (-0.0261523, 0.0104224, -0.01875), (-0.0261178, 0.0104675, -0.01875), (-0.0260883, 0.0105161, -0.01875), (-0.0273316, 0.0147681, -0.0042503), (-0.0278031, 0.0148065, -0.0045), (-0.028321, 0.0137902, -0.0045), (-0.0280127, 0.0134313, -0.0042503), (-0.0252895, 0.0144699, -0.01875), (-0.0261594, 0.0146561, -0.01875), (-0.026387, 0.014691, -0.01875), (-0.0273316, 0.0147681, -0.0182497), (-0.0278031, 0.0148065, -0.018), (-0.0272331, 0.0125488, -0.01875), (-0.0265712, 0.0119545, -0.01875), (-0.0280127, 0.0134313, -0.0182497), (-0.0273951, 0.0127124, -0.01875), (-0.028321, 0.0137902, -0.018), (-0.0293053, 0.0103106, -0.0042503), (-0.0297771, 0.0102749, -0.0045), (-0.0301296, 0.00919, -0.0045), (-0.0297689, 0.0088838, -0.0042503), (-0.0288609, 0.0081341, -0.01875), (-0.0281142, 0.0076506, -0.01875), (-0.0297689, 0.0088838, -0.0182497), (-0.0290465, 0.0082704, -0.01875), (-0.0301296, 0.00919, -0.018), (-0.0272418, 0.0103356, -0.01875), (-0.02813, 0.0103834, -0.01875), (-0.0283603, 0.0103822, -0.01875), (-0.0293053, 0.0103106, -0.0182497), (-0.0297771, 0.0102749, -0.018), (-0.0305575, 0.0055993, -0.0042503), (-0.0310178, 0.0054902, -0.0045), (-0.0311963, 0.0043635, -0.0045), (-0.0307922, 0.0041175, -0.0042503), (-0.029778, 0.0035191, -0.01875), (-0.0289649, 0.0031584, -0.01875), (-0.0307922, 0.0041175, -0.0182497), (-0.0299826, 0.0036247, -0.01875), (-0.0311963, 0.0043635, -0.018), (-0.0285232, 0.0059468, -0.01875), (-0.029408, 0.0058551, -0.01875), (-0.0296353, 0.0058179, -0.01875), (-0.0305575, 0.0055993, -0.0182497), (-0.0310178, 0.0054902, -0.018), (-0.0310572, 0.0007501, -0.0042503), (-0.0314948, 0.0005704, -0.0045), (-0.0314948, -0.0005704, -0.0045), (-0.0310572, -0.0007501, -0.0042503), (-0.0299619, -0.0011826, -0.01875), (-0.0291023, -0.0014116, -0.01875), (-0.0310572, -0.0007501, -0.0182497), (-0.0301805, -0.0011103, -0.01875), (-0.0314948, -0.0005704, -0.018), (-0.0291023, 0.0014116, -0.01875), (-0.0299619, 0.0011826, -0.01875), (-0.0301805, 0.0011103, -0.01875), (-0.0310572, 0.0007501, -0.0182497), (-0.0314948, 0.0005704, -0.018), (-0.0305575, -0.0055993, -0.0042503), (-0.0307922, -0.0041175, -0.0042503), (-0.0311963, -0.0043635, -0.0045), (-0.0310178, -0.0054902, -0.0045), (-0.029408, -0.0058551, -0.01875), (-0.0285232, -0.0059468, -0.01875), (-0.0305575, -0.0055993, -0.0182497), (-0.0296353, -0.0058179, -0.01875), (-0.0310178, -0.0054902, -0.018), (-0.0289649, -0.0031584, -0.01875), (-0.029778, -0.0035191, -0.01875), (-0.0299826, -0.0036247, -0.01875), (-0.0307922, -0.0041175, -0.0182497), (-0.0311963, -0.0043635, -0.018), (-0.0297689, -0.0088838, -0.0042503), (-0.0301296, -0.00919, -0.0045), (-0.0297771, -0.0102749, -0.0045), (-0.0293053, -0.0103106, -0.0042503), (-0.02813, -0.0103834, -0.01875), (-0.0272418, -0.0103356, -0.01875), (-0.0293053, -0.0103106, -0.0182497), (-0.0283603, -0.0103822, -0.01875), (-0.0297771, -0.0102749, -0.018), (-0.0281142, -0.0076506, -0.01875), (-0.0288609, -0.0081341, -0.01875), (-0.0290465, -0.0082704, -0.01875), (-0.0297689, -0.0088838, -0.0182497), (-0.0301296, -0.00919, -0.018), (-0.0280127, -0.0134313, -0.0042503), (-0.028321, -0.0137902, -0.0045), (-0.0278031, -0.0148065, -0.0045), (-0.0273316, -0.0147681, -0.0042503), (-0.0261594, -0.0146561, -0.01875), (-0.0252895, -0.0144699, -0.01875), (-0.0273316, -0.0147681, -0.0182497), (-0.026387, -0.014691, -0.01875), (-0.0278031, -0.0148065, -0.018), (-0.0265712, -0.0119545, -0.01875), (-0.0272331, -0.0125488, -0.01875), (-0.0273951, -0.0127124, -0.01875), (-0.0280127, -0.0134313, -0.0182497), (-0.028321, -0.0137902, -0.018), (-0.0255667, -0.0176481, -0.0042503), (-0.0258151, -0.0180508, -0.0045), (-0.0251446, -0.0189736, -0.0045), (-0.0246849, -0.0188618, -0.0042503), (-0.0235446, -0.0185679, -0.01875), (-0.0227146, -0.0182479, -0.01875), (-0.0246849, -0.0188618, -0.0182497), (-0.0237639, -0.0186379, -0.01875), (-0.0251446, -0.0189736, -0.018), (-0.0249348, -0.0166545, -0.01875), (-0.024374, -0.0159639, -0.01875), (-0.0250692, -0.0168414, -0.01875), (-0.0255667, -0.0176481, -0.0182497), (-0.0258151, -0.0180508, -0.018), (-0.0176481, -0.0255667, -0.0042503), (-0.0188618, -0.0246849, -0.0042503), (-0.0189736, -0.0251446, -0.0045), (-0.0180508, -0.0258151, -0.0045), (-0.0182479, -0.0227146, -0.01875), (-0.0185679, -0.0235446, -0.01875), (-0.0186379, -0.023764, -0.01875), (-0.0188618, -0.0246849, -0.0182497), (-0.0189736, -0.0251446, -0.018), (-0.0166545, -0.0249348, -0.01875), (-0.0159639, -0.024374, -0.01875), (-0.0176481, -0.0255667, -0.0182497), (-0.0168414, -0.0250692, -0.01875), (-0.0180508, -0.0258151, -0.018), (-0.0224912, -0.0214303, -0.0042503), (-0.0226735, -0.0218669, -0.0045), (-0.0218669, -0.0226735, -0.0045), (-0.0214303, -0.0224912, -0.0042503), (-0.0203501, -0.0220225, -0.01875), (-0.0195803, -0.0215766, -0.01875), (-0.0214303, -0.0224912, -0.0182497), (-0.0205558, -0.022126, -0.01875), (-0.0218669, -0.0226735, -0.018), (-0.0215766, -0.0195803, -0.01875), (-0.0220225, -0.0203501, -0.01875), (-0.0221259, -0.0205558, -0.01875), (-0.0224912, -0.0214303, -0.0182497), (-0.0226735, -0.0218669, -0.018), (-0.0147681, -0.0273316, -0.0042503), (-0.0148065, -0.0278032, -0.0045), (-0.0137902, -0.028321, -0.0045), (-0.0134313, -0.0280127, -0.0042503), (-0.0125488, -0.0272331, -0.01875), (-0.0119545, -0.0265712, -0.01875), (-0.0134313, -0.0280127, -0.0182497), (-0.0127124, -0.0273951, -0.01875), (-0.0137902, -0.028321, -0.018), (-0.0144699, -0.0252895, -0.01875), (-0.0146561, -0.0261594, -0.01875), (-0.014691, -0.026387, -0.01875), (-0.0147681, -0.0273316, -0.0182497), (-0.0148065, -0.0278032, -0.018), (-0.0103106, -0.0293054, -0.0042503), (-0.0102749, -0.0297771, -0.0045), (-0.00919, -0.0301296, -0.0045), (-0.0088838, -0.029769, -0.0042503), (-0.0081341, -0.0288609, -0.01875), (-0.0076506, -0.0281142, -0.01875), (-0.0088838, -0.029769, -0.0182497), (-0.0082704, -0.0290465, -0.01875), (-0.00919, -0.0301296, -0.018), (-0.0103356, -0.0272418, -0.01875), (-0.0103834, -0.0281301, -0.01875), (-0.0103822, -0.0283603, -0.01875), (-0.0103106, -0.0293054, -0.0182497), (-0.0102749, -0.0297771, -0.018), (-0.0055993, -0.0305575, -0.0042503), (-0.0054902, -0.0310179, -0.0045), (-0.0043635, -0.0311963, -0.0045), (-0.0041175, -0.0307922, -0.0042503), (-0.0035191, -0.029778, -0.01875), (-0.0031584, -0.0289649, -0.01875), (-0.0041175, -0.0307922, -0.0182497), (-0.0036247, -0.0299827, -0.01875), (-0.0043635, -0.0311963, -0.018), (-0.0059468, -0.0285232, -0.01875), (-0.0058551, -0.029408, -0.01875), (-0.0058179, -0.0296353, -0.01875), (-0.0055993, -0.0305575, -0.0182497), (-0.0054902, -0.0310179, -0.018), (-0.0007501, -0.0310572, -0.0042503), (-0.0005704, -0.0314948, -0.0045), (0.0005704, -0.0314948, -0.0045), (0.0007501, -0.0310572, -0.0042503), (0.0011826, -0.0299619, -0.01875), (0.0014116, -0.0291024, -0.01875), (0.0007501, -0.0310572, -0.0182497), (0.0011103, -0.0301805, -0.01875), (0.0005704, -0.0314948, -0.018), (-0.0014116, -0.0291024, -0.01875), (-0.0011826, -0.0299619, -0.01875), (-0.0011103, -0.0301805, -0.01875), (-0.0007501, -0.0310572, -0.0182497), (-0.0005704, -0.0314948, -0.018), (0.0041175, -0.0307922, -0.0042503), (0.0043635, -0.0311963, -0.0045), (0.0054902, -0.0310179, -0.0045), (0.0055993, -0.0305575, -0.0042503), (0.0058551, -0.029408, -0.01875), (0.0059468, -0.0285232, -0.01875), (0.0055993, -0.0305575, -0.0182497), (0.0058179, -0.0296353, -0.01875), (0.0054902, -0.0310179, -0.018), (0.0031584, -0.0289649, -0.01875), (0.0035191, -0.029778, -0.01875), (0.0036247, -0.0299827, -0.01875), (0.0041175, -0.0307922, -0.0182497), (0.0043635, -0.0311963, -0.018), (0.0088838, -0.029769, -0.0042503), (0.00919, -0.0301296, -0.0045), (0.0102749, -0.0297771, -0.0045), (0.0103106, -0.0293054, -0.0042503), (0.0103834, -0.0281301, -0.01875), (0.0103356, -0.0272418, -0.01875), (0.0103106, -0.0293054, -0.0182497), (0.0103822, -0.0283603, -0.01875), (0.0102749, -0.0297771, -0.018), (0.0076506, -0.0281142, -0.01875), (0.0081341, -0.0288609, -0.01875), (0.0082704, -0.0290465, -0.01875), (0.0088838, -0.029769, -0.0182497), (0.00919, -0.0301296, -0.018), (-0.0147681, 0.0273316, -0.0042503), (-0.0134313, 0.0280127, -0.0042503), (-0.0137902, 0.028321, -0.0045), (-0.0148065, 0.0278032, -0.0045), (-0.0119545, 0.0265712, -0.01875), (-0.0125488, 0.0272331, -0.01875), (-0.0127124, 0.0273951, -0.01875), (-0.0134313, 0.0280127, -0.0182497), (-0.0137902, 0.028321, -0.018), (-0.0146561, 0.0261594, -0.01875), (-0.0144699, 0.0252895, -0.01875), (-0.0147681, 0.0273316, -0.0182497), (-0.014691, 0.026387, -0.01875), (-0.0148065, 0.0278032, -0.018), (-0.0176481, 0.0255667, -0.0042503), (-0.0180508, 0.0258151, -0.0045), (-0.0189736, 0.0251446, -0.0045), (-0.0188618, 0.0246849, -0.0042503), (-0.0185679, 0.0235446, -0.01875), (-0.0182479, 0.0227146, -0.01875), (-0.0188618, 0.0246849, -0.0182497), (-0.0186379, 0.023764, -0.01875), (-0.0189736, 0.0251446, -0.018), (-0.0159639, 0.024374, -0.01875), (-0.0166545, 0.0249348, -0.01875), (-0.0168414, 0.0250692, -0.01875), (-0.0176481, 0.0255667, -0.0182497), (-0.0180508, 0.0258151, -0.018), (-0.0255667, 0.0176481, -0.0042503), (-0.0246849, 0.0188618, -0.0042503), (-0.0251446, 0.0189736, -0.0045), (-0.0258151, 0.0180508, -0.0045), (-0.0227146, 0.0182479, -0.01875), (-0.0235446, 0.0185679, -0.01875), (-0.0237639, 0.0186379, -0.01875), (-0.0246849, 0.0188618, -0.0182497), (-0.0251446, 0.0189736, -0.018), (-0.0249348, 0.0166545, -0.01875), (-0.024374, 0.0159639, -0.01875), (-0.0255667, 0.0176481, -0.0182497), (-0.0250692, 0.0168414, -0.01875), (-0.0258151, 0.0180508, -0.018), (-0.0224912, 0.0214303, -0.0042503), (-0.0214303, 0.0224912, -0.0042503), (-0.0218669, 0.0226735, -0.0045), (-0.0226735, 0.0218669, -0.0045), (-0.0220225, 0.0203501, -0.01875), (-0.0215766, 0.0195803, -0.01875), (-0.0224912, 0.0214303, -0.0182497), (-0.0221259, 0.0205558, -0.01875), (-0.0226735, 0.0218669, -0.018), (-0.0195803, 0.0215766, -0.01875), (-0.0203501, 0.0220225, -0.01875), (-0.0205558, 0.022126, -0.01875), (-0.0214303, 0.0224912, -0.0182497), (-0.0218669, 0.0226735, -0.018), (-0.0103106, 0.0293054, -0.0042503), (-0.0088838, 0.029769, -0.0042503), (-0.00919, 0.0301296, -0.0045), (-0.0102749, 0.0297771, -0.0045), (-0.0076506, 0.0281142, -0.01875), (-0.0081341, 0.0288609, -0.01875), (-0.0082704, 0.0290465, -0.01875), (-0.0088838, 0.029769, -0.0182497), (-0.00919, 0.0301296, -0.018), (-0.0103834, 0.0281301, -0.01875), (-0.0103356, 0.0272418, -0.01875), (-0.0103106, 0.0293054, -0.0182497), (-0.0103822, 0.0283603, -0.01875), (-0.0102749, 0.0297771, -0.018), (-0.0055993, 0.0305575, -0.0042503), (-0.0041175, 0.0307922, -0.0042503), (-0.0043635, 0.0311963, -0.0045), (-0.0054902, 0.0310179, -0.0045), (-0.0031584, 0.0289649, -0.01875), (-0.0035191, 0.029778, -0.01875), (-0.0036247, 0.0299827, -0.01875), (-0.0041175, 0.0307922, -0.0182497), (-0.0043635, 0.0311963, -0.018), (-0.0058551, 0.029408, -0.01875), (-0.0059468, 0.0285232, -0.01875), (-0.0055993, 0.0305575, -0.0182497), (-0.0058179, 0.0296353, -0.01875), (-0.0054902, 0.0310179, -0.018), (0.0007501, 0.0310572, -0.0042503), (0.0005704, 0.0314948, -0.0045), (-0.0005704, 0.0314948, -0.0045), (-0.0007501, 0.0310572, -0.0042503), (0.0014116, 0.0291024, -0.01875), (0.0011826, 0.0299619, -0.01875), (0.0011103, 0.0301805, -0.01875), (0.0007501, 0.0310572, -0.0182497), (0.0005704, 0.0314948, -0.018), (-0.0011826, 0.0299619, -0.01875), (-0.0014116, 0.0291024, -0.01875), (-0.0007501, 0.0310572, -0.0182497), (-0.0011103, 0.0301805, -0.01875), (-0.0005704, 0.0314948, -0.018), (0.0055993, 0.0305575, -0.0042503), (0.0054902, 0.0310179, -0.0045), (0.0043635, 0.0311963, -0.0045), (0.0041175, 0.0307922, -0.0042503), (0.0059468, 0.0285232, -0.01875), (0.0058551, 0.029408, -0.01875), (0.0058179, 0.0296353, -0.01875), (0.0055993, 0.0305575, -0.0182497), (0.0054902, 0.0310179, -0.018), (0.0035191, 0.029778, -0.01875), (0.0031584, 0.0289649, -0.01875), (0.0041175, 0.0307922, -0.0182497), (0.0036247, 0.0299827, -0.01875), (0.0043635, 0.0311963, -0.018), (0.0307922, 0.0041175, -0.0042503), (0.0311963, 0.0043635, -0.0045), (0.0310179, 0.0054902, -0.0045), (0.0305575, 0.0055993, -0.0042503), (0.0289649, 0.0031584, -0.01875), (0.029778, 0.0035191, -0.01875), (0.0299827, 0.0036247, -0.01875), (0.0307922, 0.0041175, -0.0182497), (0.0311963, 0.0043635, -0.018), (0.029408, 0.0058551, -0.01875), (0.0285232, 0.0059468, -0.01875), (0.0305575, 0.0055993, -0.0182497), (0.0296353, 0.0058179, -0.01875), (0.0310179, 0.0054902, -0.018), (0.029769, 0.0088838, -0.0042503), (0.0301296, 0.00919, -0.0045), (0.0297771, 0.0102749, -0.0045), (0.0293054, 0.0103106, -0.0042503), (0.0281301, 0.0103834, -0.01875), (0.0272418, 0.0103356, -0.01875), (0.0293054, 0.0103106, -0.0182497), (0.0283603, 0.0103822, -0.01875), (0.0297771, 0.0102749, -0.018), (0.0281142, 0.0076506, -0.01875), (0.0288609, 0.0081341, -0.01875), (0.0290465, 0.0082704, -0.01875), (0.029769, 0.0088838, -0.0182497), (0.0301296, 0.00919, -0.018), (0.0280127, 0.0134313, -0.0042503), (0.028321, 0.0137902, -0.0045), (0.0278032, 0.0148065, -0.0045), (0.0273316, 0.0147681, -0.0042503), (0.0261594, 0.0146561, -0.01875), (0.0252895, 0.0144699, -0.01875), (0.0273316, 0.0147681, -0.0182497), (0.026387, 0.014691, -0.01875), (0.0278032, 0.0148065, -0.018), (0.0265712, 0.0119545, -0.01875), (0.0272331, 0.0125488, -0.01875), (0.0273951, 0.0127124, -0.01875), (0.0280127, 0.0134313, -0.0182497), (0.028321, 0.0137902, -0.018), (0.0255667, 0.0176481, -0.0042503), (0.0258151, 0.0180508, -0.0045), (0.0251446, 0.0189736, -0.0045), (0.0246849, 0.0188618, -0.0042503), (0.0235446, 0.0185679, -0.01875), (0.0227146, 0.0182479, -0.01875), (0.0246849, 0.0188618, -0.0182497), (0.023764, 0.0186379, -0.01875), (0.0251446, 0.0189736, -0.018), (0.024374, 0.0159639, -0.01875), (0.0249348, 0.0166545, -0.01875), (0.0250692, 0.0168414, -0.01875), (0.0255667, 0.0176481, -0.0182497), (0.0258151, 0.0180508, -0.018), (0.0176481, 0.0255667, -0.0042503), (0.0188618, 0.0246849, -0.0042503), (0.0189736, 0.0251446, -0.0045), (0.0180508, 0.0258151, -0.0045), (0.0182479, 0.0227146, -0.01875), (0.0185679, 0.0235446, -0.01875), (0.0186379, 0.023764, -0.01875), (0.0188618, 0.0246849, -0.0182497), (0.0189736, 0.0251446, -0.018), (0.0166545, 0.0249348, -0.01875), (0.0159639, 0.024374, -0.01875), (0.0176481, 0.0255667, -0.0182497), (0.0168414, 0.0250692, -0.01875), (0.0180508, 0.0258151, -0.018), (0.0224912, 0.0214303, -0.0042503), (0.0226735, 0.0218669, -0.0045), (0.0218669, 0.0226735, -0.0045), (0.0214303, 0.0224912, -0.0042503), (0.0203501, 0.0220225, -0.01875), (0.0195803, 0.0215766, -0.01875), (0.0214303, 0.0224912, -0.0182497), (0.0205558, 0.022126, -0.01875), (0.0218669, 0.0226735, -0.018), (0.0215766, 0.0195803, -0.01875), (0.0220225, 0.0203501, -0.01875), (0.022126, 0.0205558, -0.01875), (0.0224912, 0.0214303, -0.0182497), (0.0226735, 0.0218669, -0.018), (0.0147681, 0.0273316, -0.0042503), (0.0148065, 0.0278032, -0.0045), (0.0137902, 0.028321, -0.0045), (0.0134313, 0.0280127, -0.0042503), (0.0125488, 0.0272331, -0.01875), (0.0119545, 0.0265712, -0.01875), (0.0134313, 0.0280127, -0.0182497), (0.0127124, 0.0273951, -0.01875), (0.0137902, 0.028321, -0.018), (0.0144699, 0.0252895, -0.01875), (0.0146561, 0.0261594, -0.01875), (0.014691, 0.026387, -0.01875), (0.0147681, 0.0273316, -0.0182497), (0.0148065, 0.0278032, -0.018), (0.0103106, 0.0293054, -0.0042503), (0.0102749, 0.0297771, -0.0045), (0.00919, 0.0301296, -0.0045), (0.0088838, 0.029769, -0.0042503), (0.0081341, 0.0288609, -0.01875), (0.0076506, 0.0281142, -0.01875), (0.0088838, 0.029769, -0.0182497), (0.0082704, 0.0290465, -0.01875), (0.00919, 0.0301296, -0.018), (0.0103356, 0.0272418, -0.01875), (0.0103834, 0.0281301, -0.01875), (0.0103822, 0.0283603, -0.01875), (0.0103106, 0.0293054, -0.0182497), (0.0102749, 0.0297771, -0.018), (0.0214303, -0.0224912, -0.0042503), (0.0218669, -0.0226735, -0.0045), (0.0226735, -0.0218669, -0.0045), (0.0224912, -0.0214303, -0.0042503), (0.0195803, -0.0215766, -0.01875), (0.0203501, -0.0220225, -0.01875), (0.0205558, -0.022126, -0.01875), (0.0214303, -0.0224912, -0.0182497), (0.0218669, -0.0226735, -0.018), (0.0220225, -0.0203501, -0.01875), (0.0215766, -0.0195803, -0.01875), (0.0224912, -0.0214303, -0.0182497), (0.022126, -0.0205558, -0.01875), (0.0226735, -0.0218669, -0.018), (0.0246849, -0.0188618, -0.0042503), (0.0251446, -0.0189736, -0.0045), (0.0258151, -0.0180508, -0.0045), (0.0255667, -0.0176481, -0.0042503), (0.0249348, -0.0166545, -0.01875), (0.024374, -0.0159639, -0.01875), (0.0255667, -0.0176481, -0.0182497), (0.0250692, -0.0168414, -0.01875), (0.0258151, -0.0180508, -0.018), (0.0227146, -0.0182479, -0.01875), (0.0235446, -0.0185679, -0.01875), (0.023764, -0.0186379, -0.01875), (0.0246849, -0.0188618, -0.0182497), (0.0251446, -0.0189736, -0.018), (0.0176481, -0.0255667, -0.0042503), (0.0180508, -0.0258151, -0.0045), (0.0189736, -0.0251446, -0.0045), (0.0188618, -0.0246849, -0.0042503), (0.0159639, -0.024374, -0.01875), (0.0166545, -0.0249348, -0.01875), (0.0168414, -0.0250692, -0.01875), (0.0176481, -0.0255667, -0.0182497), (0.0180508, -0.0258151, -0.018), (0.0185679, -0.0235446, -0.01875), (0.0182479, -0.0227146, -0.01875), (0.0188618, -0.0246849, -0.0182497), (0.0186379, -0.023764, -0.01875), (0.0189736, -0.0251446, -0.018), (0.0134313, -0.0280127, -0.0042503), (0.0137902, -0.028321, -0.0045), (0.0148065, -0.0278032, -0.0045), (0.0147681, -0.0273316, -0.0042503), (0.0146561, -0.0261594, -0.01875), (0.0144699, -0.0252895, -0.01875), (0.0147681, -0.0273316, -0.0182497), (0.014691, -0.026387, -0.01875), (0.0148065, -0.0278032, -0.018), (0.0119545, -0.0265712, -0.01875), (0.0125488, -0.0272331, -0.01875), (0.0127124, -0.0273951, -0.01875), (0.0134313, -0.0280127, -0.0182497), (0.0137902, -0.028321, -0.018), (0.0273316, -0.0147681, -0.0042503), (0.0278032, -0.0148065, -0.0045), (0.028321, -0.0137902, -0.0045), (0.0280127, -0.0134313, -0.0042503), (0.0272331, -0.0125488, -0.01875), (0.0265712, -0.0119545, -0.01875), (0.0280127, -0.0134313, -0.0182497), (0.0273951, -0.0127124, -0.01875), (0.028321, -0.0137902, -0.018), (0.0252895, -0.0144699, -0.01875), (0.0261594, -0.0146561, -0.01875), (0.026387, -0.014691, -0.01875), (0.0273316, -0.0147681, -0.0182497), (0.0278032, -0.0148065, -0.018), (0.0293054, -0.0103106, -0.0042503), (0.0297771, -0.0102749, -0.0045), (0.0301296, -0.00919, -0.0045), (0.029769, -0.0088838, -0.0042503), (0.0288609, -0.0081341, -0.01875), (0.0281142, -0.0076506, -0.01875), (0.029769, -0.0088838, -0.0182497), (0.0290465, -0.0082704, -0.01875), (0.0301296, -0.00919, -0.018), (0.0272418, -0.0103356, -0.01875), (0.0281301, -0.0103834, -0.01875), (0.0283603, -0.0103822, -0.01875), (0.0293054, -0.0103106, -0.0182497), (0.0297771, -0.0102749, -0.018), (0.0305575, -0.0055993, -0.0042503), (0.0310179, -0.0054902, -0.0045), (0.0311963, -0.0043635, -0.0045), (0.0307922, -0.0041175, -0.0042503), (0.029778, -0.0035191, -0.01875), (0.0289649, -0.0031584, -0.01875), (0.0307922, -0.0041175, -0.0182497), (0.0299827, -0.0036247, -0.01875), (0.0311963, -0.0043635, -0.018), (0.0285232, -0.0059468, -0.01875), (0.029408, -0.0058551, -0.01875), (0.0296353, -0.0058179, -0.01875), (0.0305575, -0.0055993, -0.0182497), (0.0310179, -0.0054902, -0.018), (0.0301805, 0.0011103, -0.01875), (0.0299619, 0.0011826, -0.01875), (0.0299619, -0.0011826, -0.01875), (0.0291024, -0.0014116, -0.01875), (0.0301805, -0.0011103, -0.01875), (0.0291024, 0.0014116, -0.01875), (0.0310572, 0.0007501, -0.0042503), (0.0310572, 0.0007501, -0.0182497), (0.0314948, 0.0005704, -0.0045), (0.0314948, 0.0005704, -0.018), (0.0310572, -0.0007501, -0.0182497), (0.0310572, -0.0007501, -0.0042503), (0.0314948, -0.0005704, -0.018), (0.0314948, -0.0005704, -0.0045)]
            color3f[] primvars:displayColor = [(0.580392, 0.894118, 0.580392)]
            uniform token purpose = "render"
            uniform token subdivisionScheme = "none"
        }
    }

    def "collisions"
    {
        def Mesh "factory_gear_medium_collision" (
            prepend apiSchemas = ["PhysicsCollisionAPI", "PhysicsMeshCollisionAPI", "PhysxCollisionAPI", "NewtonCollisionAPI", "NewtonSDFCollisionAPI"]
        )
        {
            float3[] extent = [(-0.0314948, -0.0314948, -0.01875), (0.0314948, 0.0314948, 0.01875)]
            int[] faceVertexCounts = [3, 3, 3, 3, 3, 3, 3, 3, 3, 3, 3, 3, 3, 3, 3, 3, 3, 3, 3, 3, 3, 3, 3, 3, 3, 3, 3, 3, 3, 3, 3, 3, 3, 3, 3, 3, 3, 3, 3, 3, 3, 3, 3, 3, 3, 3, 3, 3, 3, 3, 3, 3, 3, 3, 3, 3, 3, 3, 3, 3, 3, 3, 3, 3, 3, 3, 3, 3, 3, 3, 3, 3, 3, 3, 3, 3, 3, 3, 3, 3, 3, 3, 3, 3, 3, 3, 3, 3, 3, 3, 3, 3, 3, 3, 3, 3, 3, 3, 3, 3, 3, 3, 3, 3, 3, 3, 3, 3, 3, 3, 3, 3, 3, 3, 3, 3, 3, 3, 3, 3, 3, 3, 3, 3, 3, 3, 3, 3, 3, 3, 3, 3, 3, 3, 3, 3, 3, 3, 3, 3, 3, 3, 3, 3, 3, 3, 3, 3, 3, 3, 3, 3, 3, 3, 3, 3, 3, 3, 3, 3, 3, 3, 3, 3, 3, 3, 3, 3, 3, 3, 3, 3, 3, 3, 3, 3, 3, 3, 3, 3, 3, 3, 3, 3, 3, 3, 3, 3, 3, 3, 3, 3, 3, 3, 3, 3, 3, 3, 3, 3, 3, 3, 3, 3, 3, 3, 3, 3, 3, 3, 3, 3, 3, 3, 3, 3, 3, 3, 3, 3, 3, 3, 3, 3, 3, 3, 3, 3, 3, 3, 3, 3, 3, 3, 3, 3, 3, 3, 3, 3, 3, 3, 3, 3, 3, 3, 3, 3, 3, 3, 3, 3, 3, 3, 3, 3, 3, 3, 3, 3, 3, 3, 3, 3, 3, 3, 3, 3, 3, 3, 3, 3, 3, 3, 3, 3, 3, 3, 3, 3, 3, 3, 3, 3, 3, 3, 3, 3, 3, 3, 3, 3, 3, 3, 3, 3, 3, 3, 3, 3, 3, 3, 3, 3, 3, 3, 3, 3, 3, 3, 3, 3, 3, 3, 3, 3, 3, 3, 3, 3, 3, 3, 3, 3, 3, 3, 3, 3, 3, 3, 3, 3, 3, 3, 3, 3, 3, 3, 3, 3, 3, 3, 3, 3, 3, 3, 3, 3, 3, 3, 3, 3, 3, 3, 3, 3, 3, 3, 3, 3, 3, 3, 3, 3, 3, 3, 3, 3, 3, 3, 3, 3, 3, 3, 3, 3, 3, 3, 3, 3, 3, 3, 3, 3, 3, 3, 3, 3, 3, 3, 3, 3, 3, 3, 3, 3, 3, 3, 3, 3, 3, 3, 3, 3, 3, 3, 3, 3, 3, 3, 3, 3, 3, 3, 3, 3, 3, 3, 3, 3, 3, 3, 3, 3, 3, 3, 3, 3, 3, 3, 3, 3, 3, 3, 3, 3, 3, 3, 3, 3, 3, 3, 3, 3, 3, 3, 3, 3, 3, 3, 3, 3, 3, 3, 3, 3, 3, 3, 3, 3, 3, 3, 3, 3, 3, 3, 3, 3, 3, 3, 3, 3, 3, 3, 3, 3, 3, 3, 3, 3, 3, 3, 3, 3, 3, 3, 3, 3, 3, 3, 3, 3, 3, 3, 3, 3, 3, 3, 3, 3, 3, 3, 3, 3, 3, 3, 3, 3, 3, 3, 3, 3, 3, 3, 3, 3, 3, 3, 3, 3, 3, 3, 3, 3, 3, 3, 3, 3, 3, 3, 3, 3, 3, 3, 3, 3, 3, 3, 3, 3, 3, 3, 3, 3, 3, 3, 3, 3, 3, 3, 3, 3, 3, 3, 3, 3, 3, 3, 3, 3, 3, 3, 3, 3, 3, 3, 3, 3, 3, 3, 3, 3, 3, 3, 3, 3, 3, 3, 3, 3, 3, 3, 3, 3, 3, 3, 3, 3, 3, 3, 3, 3, 3, 3, 3, 3, 3, 3, 3, 3, 3, 3, 3, 3, 3, 3, 3, 3, 3, 3, 3, 3, 3, 3, 3, 3, 3, 3, 3, 3, 3, 3, 3, 3, 3, 3, 3, 3, 3, 3, 3, 3, 3, 3, 3, 3, 3, 3, 3, 3, 3, 3, 3, 3, 3, 3, 3, 3, 3, 3, 3, 3, 3, 3, 3, 3, 3, 3, 3, 3, 3, 3, 3, 3, 3, 3, 3, 3, 3, 3, 3, 3, 3, 3, 3, 3, 3, 3, 3, 3, 3, 3, 3, 3, 3, 3, 3, 3, 3, 3, 3, 3, 3, 3, 3, 3, 3, 3, 3, 3, 3, 3, 3, 3, 3, 3, 3, 3, 3, 3, 3, 3, 3, 3, 3, 3, 3, 3, 3, 3, 3, 3, 3, 3, 3, 3, 3, 3, 3, 3, 3, 3, 3, 3, 3, 3, 3, 3, 3, 3, 3, 3, 3, 3, 3, 3, 3, 3, 3, 3, 3, 3, 3, 3, 3, 3, 3, 3, 3, 3, 3, 3, 3, 3, 3, 3, 3, 3, 3, 3, 3, 3, 3, 3, 3, 3, 3, 3, 3, 3, 3, 3, 3, 3, 3, 3, 3, 3, 3, 3, 3, 3, 3, 3, 3, 3, 3, 3, 3, 3, 3, 3, 3, 3, 3, 3, 3, 3, 3, 3, 3, 3, 3, 3, 3, 3, 3, 3, 3, 3, 3, 3, 3, 3, 3, 3, 3, 3, 3, 3, 3, 3, 3, 3, 3, 3, 3, 3, 3, 3, 3, 3, 3, 3, 3, 3, 3, 3, 3, 3, 3, 3, 3, 3, 3, 3, 3, 3, 3, 3, 3, 3, 3, 3, 3, 3, 3, 3, 3, 3, 3, 3, 3, 3, 3, 3, 3, 3, 3, 3, 3, 3, 3, 3, 3, 3, 3, 3, 3, 3, 3, 3, 3, 3, 3, 3, 3, 3, 3, 3, 3, 3, 3, 3, 3, 3, 3, 3, 3, 3, 3, 3, 3, 3, 3, 3, 3, 3, 3, 3, 3, 3, 3, 3, 3, 3, 3, 3, 3, 3, 3, 3, 3, 3, 3, 3, 3, 3, 3, 3, 3, 3, 3, 3, 3, 3, 3, 3, 3, 3, 3, 3, 3, 3, 3, 3, 3, 3, 3, 3, 3, 3, 3, 3, 3, 3, 3, 3, 3, 3, 3, 3, 3, 3, 3, 3, 3, 3, 3, 3, 3, 3, 3, 3, 3, 3, 3, 3, 3, 3, 3, 3, 3, 3, 3, 3, 3, 3, 3, 3, 3, 3, 3, 3, 3, 3, 3, 3, 3, 3, 3, 3, 3, 3, 3, 3, 3, 3, 3, 3, 3, 3, 3, 3, 3, 3, 3, 3, 3, 3, 3, 3, 3, 3, 3, 3, 3, 3, 3, 3, 3, 3, 3, 3, 3, 3, 3, 3, 3, 3, 3, 3, 3, 3, 3, 3, 3, 3, 3, 3, 3, 3, 3, 3, 3, 3, 3, 3, 3, 3, 3, 3, 3, 3, 3, 3, 3, 3, 3, 3, 3, 3, 3, 3, 3, 3, 3, 3, 3, 3, 3, 3, 3, 3, 3, 3, 3, 3, 3, 3, 3, 3, 3, 3, 3, 3, 3, 3, 3, 3, 3, 3, 3, 3, 3, 3, 3, 3, 3, 3, 3, 3, 3, 3, 3, 3, 3, 3, 3, 3, 3, 3, 3, 3, 3, 3, 3, 3, 3, 3, 3, 3, 3, 3, 3, 3, 3, 3, 3, 3, 3, 3, 3, 3, 3, 3, 3, 3, 3, 3, 3, 3, 3, 3, 3, 3, 3, 3, 3, 3, 3, 3, 3, 3, 3, 3, 3, 3, 3, 3, 3, 3, 3, 3, 3, 3, 3, 3, 3, 3, 3, 3, 3, 3, 3, 3, 3, 3, 3, 3, 3, 3, 3, 3, 3, 3, 3, 3, 3, 3, 3, 3, 3, 3, 3, 3, 3, 3, 3, 3, 3, 3, 3, 3, 3, 3, 3, 3, 3, 3, 3, 3, 3, 3, 3, 3, 3, 3, 3, 3, 3, 3, 3, 3, 3, 3, 3, 3, 3, 3, 3, 3, 3, 3, 3, 3, 3, 3, 3, 3, 3, 3, 3, 3, 3, 3, 3, 3, 3, 3, 3, 3, 3, 3, 3, 3, 3, 3, 3, 3, 3, 3, 3, 3, 3, 3, 3, 3, 3, 3, 3, 3, 3, 3, 3, 3, 3, 3, 3, 3, 3, 3, 3, 3, 3, 3, 3, 3, 3, 3, 3, 3, 3, 3, 3, 3, 3, 3, 3, 3, 3, 3, 3, 3, 3, 3, 3, 3, 3, 3, 3, 3, 3, 3, 3, 3, 3, 3, 3, 3, 3, 3, 3, 3, 3, 3, 3, 3, 3, 3, 3, 3, 3, 3, 3, 3, 3, 3, 3, 3, 3, 3, 3, 3, 3, 3, 3, 3, 3, 3, 3, 3, 3, 3, 3, 3, 3, 3, 3, 3, 3, 3, 3, 3, 3, 3, 3, 3, 3, 3, 3, 3, 3, 3, 3, 3, 3, 3, 3, 3, 3, 3, 3, 3, 3, 3, 3, 3, 3, 3, 3, 3, 3, 3, 3, 3, 3, 3, 3, 3, 3, 3, 3, 3, 3, 3, 3, 3, 3, 3, 3, 3, 3, 3, 3, 3, 3, 3, 3, 3, 3, 3, 3, 3, 3, 3, 3, 3, 3, 3, 3, 3, 3, 3, 3, 3, 3, 3, 3, 3, 3, 3, 3, 3, 3, 3, 3, 3, 3, 3, 3, 3, 3, 3, 3, 3, 3, 3, 3, 3, 3, 3, 3, 3, 3, 3, 3, 3, 3, 3, 3, 3, 3, 3, 3, 3, 3, 3, 3, 3, 3, 3, 3, 3, 3, 3, 3, 3, 3, 3, 3, 3, 3, 3, 3, 3, 3, 3, 3, 3, 3, 3, 3, 3, 3, 3, 3, 3, 3, 3, 3, 3, 3, 3, 3, 3, 3, 3, 3, 3, 3, 3, 3, 3, 3, 3, 3, 3, 3, 3, 3, 3, 3, 3, 3, 3, 3, 3, 3, 3, 3, 3, 3, 3, 3, 3, 3, 3, 3, 3, 3, 3, 3, 3, 3, 3, 3, 3, 3, 3, 3, 3, 3, 3, 3, 3, 3, 3, 3, 3, 3, 3, 3, 3, 3, 3, 3, 3, 3, 3, 3, 3, 3, 3, 3, 3, 3, 3, 3, 3, 3, 3, 3, 3, 3, 3, 3, 3, 3, 3, 3, 3, 3, 3, 3, 3, 3, 3, 3, 3, 3, 3, 3, 3, 3, 3, 3, 3, 3, 3, 3, 3, 3, 3, 3, 3, 3, 3, 3, 3, 3, 3, 3, 3, 3, 3, 3, 3, 3, 3, 3, 3, 3, 3, 3, 3, 3, 3, 3, 3, 3, 3, 3, 3, 3, 3, 3, 3, 3, 3, 3, 3, 3, 3, 3, 3, 3, 3, 3, 3, 3, 3, 3, 3, 3, 3, 3, 3, 3, 3, 3, 3, 3, 3, 3, 3, 3, 3, 3, 3, 3, 3, 3, 3, 3, 3, 3, 3, 3, 3, 3, 3, 3, 3, 3, 3, 3, 3, 3, 3, 3, 3, 3, 3, 3, 3, 3, 3, 3, 3, 3, 3, 3, 3, 3, 3, 3, 3, 3, 3, 3, 3, 3, 3, 3, 3, 3, 3, 3, 3, 3, 3, 3, 3, 3, 3, 3, 3, 3, 3, 3, 3, 3, 3, 3, 3, 3, 3, 3, 3, 3, 3, 3, 3, 3, 3, 3, 3, 3, 3, 3, 3, 3, 3, 3, 3, 3, 3, 3, 3, 3, 3, 3, 3, 3, 3, 3, 3, 3, 3, 3, 3, 3, 3, 3, 3, 3, 3, 3, 3, 3, 3, 3, 3, 3, 3, 3, 3, 3, 3, 3, 3, 3, 3, 3, 3, 3, 3, 3, 3, 3, 3, 3, 3, 3, 3, 3, 3, 3, 3, 3, 3, 3, 3, 3, 3, 3, 3, 3, 3, 3, 3, 3, 3, 3, 3, 3, 3, 3, 3, 3, 3, 3, 3, 3, 3, 3, 3, 3, 3, 3, 3, 3, 3, 3, 3, 3, 3, 3, 3, 3, 3, 3, 3, 3, 3, 3, 3, 3, 3, 3, 3, 3, 3, 3, 3, 3, 3, 3, 3, 3, 3, 3, 3, 3, 3, 3, 3, 3, 3, 3, 3, 3, 3, 3, 3, 3, 3, 3, 3, 3, 3, 3, 3, 3, 3, 3, 3, 3, 3, 3, 3, 3, 3, 3, 3, 3, 3, 3, 3, 3, 3, 3, 3, 3, 3, 3, 3, 3, 3, 3, 3, 3, 3, 3, 3, 3, 3, 3, 3, 3, 3, 3, 3, 3, 3, 3, 3, 3, 3, 3, 3, 3, 3, 3, 3, 3, 3, 3, 3, 3, 3, 3, 3, 3, 3, 3, 3, 3, 3, 3, 3, 3, 3, 3, 3, 3, 3, 3, 3, 3, 3, 3, 3, 3, 3, 3, 3, 3, 3, 3, 3, 3, 3, 3, 3, 3, 3, 3, 3, 3, 3, 3, 3, 3, 3, 3, 3, 3, 3, 3, 3, 3, 3, 3, 3, 3, 3, 3, 3, 3, 3, 3, 3, 3, 3, 3, 3, 3, 3, 3, 3, 3, 3, 3, 3, 3, 3, 3, 3, 3, 3, 3, 3, 3, 3, 3, 3, 3, 3, 3, 3, 3, 3, 3, 3, 3, 3, 3, 3, 3, 3, 3, 3, 3, 3, 3, 3, 3, 3, 3, 3, 3, 3, 3, 3, 3, 3, 3, 3, 3, 3, 3, 3, 3, 3, 3, 3, 3, 3, 3, 3, 3, 3, 3, 3, 3, 3, 3, 3, 3, 3, 3, 3, 3, 3, 3, 3, 3, 3, 3, 3, 3, 3, 3, 3, 3, 3, 3, 3, 3, 3, 3, 3, 3, 3, 3, 3, 3, 3, 3, 3, 3, 3, 3, 3, 3, 3, 3, 3, 3, 3, 3, 3, 3, 3, 3, 3, 3, 3, 3, 3, 3, 3, 3, 3, 3, 3, 3, 3, 3, 3, 3, 3, 3, 3, 3, 3, 3, 3, 3, 3, 3, 3, 3, 3, 3, 3, 3, 3, 3, 3, 3, 3, 3, 3, 3, 3, 3, 3, 3, 3, 3, 3, 3, 3, 3, 3, 3, 3, 3, 3, 3, 3, 3, 3, 3, 3, 3, 3, 3, 3, 3, 3, 3, 3, 3, 3, 3, 3, 3, 3, 3, 3, 3, 3, 3, 3, 3, 3, 3, 3, 3, 3, 3, 3, 3, 3, 3, 3, 3, 3, 3, 3, 3, 3, 3, 3, 3, 3, 3, 3, 3, 3, 3, 3, 3, 3, 3, 3, 3, 3, 3, 3, 3, 3, 3, 3, 3, 3, 3, 3, 3, 3, 3, 3, 3, 3, 3, 3, 3, 3, 3, 3, 3, 3, 3, 3, 3, 3, 3, 3, 3, 3, 3, 3, 3, 3, 3, 3, 3, 3, 3, 3, 3, 3, 3, 3, 3, 3, 3, 3, 3, 3, 3, 3, 3, 3, 3, 3, 3, 3, 3, 3, 3, 3, 3, 3, 3, 3, 3, 3, 3, 3, 3, 3, 3, 3, 3, 3, 3, 3, 3, 3, 3, 3, 3, 3, 3, 3, 3, 3, 3, 3, 3, 3, 3, 3, 3, 3, 3, 3, 3, 3, 3, 3, 3, 3, 3, 3, 3, 3, 3, 3, 3, 3, 3, 3, 3, 3, 3, 3, 3, 3, 3, 3, 3, 3, 3, 3, 3, 3, 3, 3, 3, 3, 3, 3, 3, 3, 3, 3, 3, 3, 3, 3, 3, 3, 3, 3, 3, 3, 3, 3, 3, 3, 3, 3, 3, 3, 3, 3, 3, 3, 3, 3, 3, 3, 3, 3, 3, 3, 3, 3, 3, 3, 3, 3, 3, 3, 3, 3, 3, 3, 3, 3, 3, 3, 3, 3, 3, 3, 3, 3, 3, 3, 3, 3, 3, 3, 3, 3, 3, 3, 3, 3, 3, 3, 3, 3, 3, 3, 3, 3, 3, 3, 3, 3, 3, 3, 3, 3, 3, 3, 3, 3, 3, 3, 3, 3, 3, 3, 3, 3, 3, 3, 3, 3, 3, 3, 3, 3, 3, 3, 3, 3, 3, 3, 3, 3, 3, 3, 3, 3, 3, 3, 3, 3, 3, 3, 3, 3, 3, 3, 3, 3, 3, 3, 3, 3, 3, 3, 3, 3, 3, 3, 3, 3, 3, 3, 3, 3, 3, 3, 3, 3, 3, 3, 3, 3, 3, 3, 3, 3, 3, 3, 3, 3, 3, 3, 3, 3, 3, 3, 3, 3, 3, 3, 3, 3, 3, 3, 3, 3, 3, 3, 3, 3, 3, 3, 3, 3, 3, 3, 3, 3, 3, 3, 3, 3, 3, 3, 3, 3, 3, 3, 3, 3, 3, 3, 3, 3, 3, 3, 3, 3, 3, 3, 3, 3, 3, 3, 3, 3, 3, 3, 3, 3, 3, 3, 3, 3, 3, 3, 3, 3, 3, 3, 3, 3, 3, 3, 3, 3, 3, 3, 3, 3, 3, 3, 3, 3, 3, 3, 3, 3, 3, 3, 3, 3, 3, 3, 3, 3, 3, 3, 3, 3, 3, 3, 3, 3, 3, 3, 3, 3, 3, 3, 3, 3, 3, 3, 3, 3, 3, 3, 3, 3, 3, 3, 3, 3, 3, 3, 3, 3, 3, 3, 3, 3, 3, 3, 3, 3, 3, 3, 3, 3, 3, 3, 3, 3, 3, 3, 3, 3, 3, 3, 3, 3, 3, 3, 3, 3, 3, 3, 3, 3, 3, 3, 3, 3, 3, 3, 3, 3, 3, 3, 3, 3, 3, 3, 3, 3, 3, 3, 3, 3, 3, 3, 3, 3, 3, 3, 3, 3, 3, 3, 3, 3, 3, 3, 3, 3, 3, 3, 3, 3, 3, 3, 3, 3, 3, 3, 3, 3, 3, 3, 3, 3, 3, 3, 3, 3, 3, 3, 3, 3, 3, 3, 3, 3, 3, 3, 3, 3, 3, 3, 3, 3, 3, 3, 3, 3, 3, 3, 3, 3, 3, 3, 3, 3, 3, 3, 3, 3, 3, 3, 3, 3, 3, 3, 3, 3, 3, 3, 3, 3, 3, 3, 3, 3, 3, 3, 3, 3, 3, 3, 3, 3, 3, 3, 3, 3, 3, 3, 3, 3, 3, 3, 3, 3, 3, 3, 3, 3, 3, 3, 3, 3, 3, 3, 3, 3, 3, 3, 3, 3, 3, 3, 3, 3, 3, 3, 3, 3, 3, 3, 3, 3, 3, 3, 3, 3, 3, 3, 3, 3, 3, 3, 3, 3, 3, 3, 3, 3, 3, 3, 3, 3, 3, 3, 3, 3, 3, 3, 3, 3, 3, 3, 3, 3, 3, 3, 3, 3, 3, 3, 3, 3, 3, 3, 3, 3, 3, 3, 3, 3, 3, 3, 3, 3, 3, 3, 3, 3, 3, 3, 3, 3, 3, 3, 3, 3, 3, 3, 3, 3, 3, 3, 3, 3, 3, 3, 3, 3, 3, 3, 3, 3, 3, 3, 3, 3, 3, 3, 3, 3, 3, 3, 3, 3, 3, 3, 3, 3, 3, 3, 3, 3, 3, 3, 3, 3, 3, 3, 3, 3, 3, 3, 3, 3, 3, 3, 3, 3, 3, 3, 3, 3, 3, 3, 3, 3, 3, 3, 3, 3, 3, 3, 3, 3, 3, 3, 3, 3, 3, 3, 3, 3, 3, 3, 3, 3, 3, 3, 3, 3, 3, 3, 3, 3, 3, 3, 3, 3, 3, 3, 3, 3, 3, 3, 3, 3, 3, 3, 3, 3, 3, 3, 3, 3, 3, 3, 3, 3, 3, 3, 3, 3, 3, 3, 3, 3, 3, 3, 3, 3, 3, 3, 3, 3, 3, 3, 3, 3, 3, 3, 3, 3, 3, 3, 3, 3, 3, 3, 3, 3, 3, 3, 3, 3, 3, 3, 3, 3, 3, 3, 3, 3, 3, 3, 3, 3, 3, 3, 3, 3, 3, 3, 3, 3, 3, 3, 3, 3, 3, 3, 3, 3, 3, 3, 3, 3, 3, 3, 3, 3, 3, 3, 3, 3, 3, 3, 3, 3, 3, 3, 3, 3, 3, 3, 3, 3, 3, 3, 3, 3, 3, 3, 3, 3, 3, 3, 3, 3, 3, 3, 3, 3, 3, 3, 3, 3, 3, 3, 3, 3, 3, 3, 3, 3, 3, 3, 3, 3, 3, 3, 3, 3, 3, 3, 3, 3, 3, 3, 3, 3, 3, 3, 3, 3, 3, 3, 3, 3, 3, 3, 3, 3, 3, 3, 3, 3, 3, 3, 3, 3, 3, 3, 3, 3, 3, 3, 3, 3, 3, 3, 3, 3, 3, 3, 3, 3, 3, 3, 3, 3, 3, 3, 3, 3, 3, 3, 3, 3, 3, 3, 3, 3, 3, 3, 3, 3, 3, 3, 3, 3, 3, 3, 3, 3, 3, 3, 3, 3, 3, 3, 3, 3, 3, 3, 3, 3, 3, 3, 3, 3, 3, 3, 3, 3, 3, 3, 3, 3, 3, 3, 3, 3, 3, 3, 3, 3, 3, 3, 3, 3, 3, 3, 3, 3, 3, 3, 3, 3, 3, 3, 3, 3, 3, 3, 3, 3, 3, 3, 3, 3, 3, 3, 3, 3, 3, 3, 3, 3, 3, 3, 3, 3, 3, 3, 3, 3, 3, 3, 3, 3, 3, 3, 3, 3, 3, 3, 3, 3, 3, 3, 3, 3, 3, 3, 3, 3, 3, 3, 3, 3, 3, 3, 3, 3, 3, 3, 3, 3, 3, 3, 3, 3, 3, 3, 3, 3, 3, 3, 3, 3, 3, 3, 3, 3, 3, 3, 3, 3, 3, 3, 3, 3, 3, 3, 3, 3, 3, 3, 3, 3, 3, 3, 3, 3, 3, 3, 3, 3, 3, 3, 3, 3, 3, 3, 3, 3, 3, 3, 3, 3, 3, 3, 3, 3, 3, 3, 3, 3, 3, 3, 3, 3, 3, 3, 3, 3, 3, 3, 3, 3, 3, 3, 3, 3, 3, 3, 3, 3, 3, 3, 3, 3, 3, 3, 3, 3, 3, 3, 3, 3, 3, 3, 3, 3, 3, 3, 3, 3, 3, 3, 3, 3, 3, 3, 3, 3, 3, 3, 3, 3, 3, 3, 3, 3, 3, 3, 3, 3, 3, 3, 3, 3, 3, 3, 3, 3, 3, 3, 3, 3, 3, 3, 3, 3, 3, 3, 3, 3, 3, 3, 3, 3, 3, 3, 3, 3, 3, 3, 3, 3, 3, 3, 3, 3, 3, 3, 3, 3, 3, 3, 3, 3, 3, 3, 3, 3, 3, 3, 3, 3, 3, 3, 3, 3, 3, 3, 3, 3, 3, 3, 3, 3, 3, 3, 3, 3, 3, 3, 3, 3, 3, 3, 3, 3, 3, 3, 3, 3, 3, 3, 3, 3, 3, 3, 3, 3, 3, 3, 3, 3, 3, 3, 3, 3, 3, 3, 3, 3, 3, 3, 3, 3, 3, 3, 3, 3, 3, 3, 3, 3, 3, 3, 3, 3, 3, 3, 3, 3, 3, 3, 3, 3, 3, 3, 3, 3, 3, 3, 3, 3, 3, 3, 3, 3, 3, 3, 3, 3, 3, 3, 3, 3, 3, 3, 3, 3, 3, 3, 3, 3, 3, 3, 3, 3, 3, 3, 3, 3, 3, 3, 3, 3, 3, 3, 3, 3, 3, 3, 3, 3, 3, 3, 3, 3, 3, 3, 3, 3, 3, 3, 3, 3, 3, 3, 3, 3, 3, 3, 3, 3, 3, 3, 3, 3, 3, 3, 3, 3, 3, 3, 3, 3, 3, 3, 3, 3, 3, 3, 3, 3, 3, 3, 3, 3, 3, 3, 3, 3, 3, 3, 3, 3, 3, 3, 3, 3, 3, 3, 3, 3, 3, 3, 3, 3, 3, 3, 3, 3, 3, 3, 3, 3, 3, 3, 3, 3, 3, 3, 3, 3, 3, 3, 3, 3, 3, 3, 3, 3, 3, 3, 3, 3, 3, 3, 3, 3, 3, 3, 3, 3, 3, 3, 3, 3, 3, 3, 3, 3, 3, 3, 3, 3, 3, 3, 3, 3, 3, 3, 3, 3, 3, 3, 3, 3, 3, 3, 3, 3, 3, 3, 3, 3, 3, 3, 3, 3, 3, 3, 3, 3, 3, 3, 3, 3, 3, 3, 3, 3, 3, 3, 3, 3, 3, 3, 3, 3, 3, 3, 3, 3, 3, 3, 3, 3, 3, 3, 3, 3, 3, 3, 3, 3, 3, 3, 3, 3, 3, 3, 3, 3, 3, 3, 3, 3, 3, 3, 3, 3, 3, 3, 3, 3, 3, 3, 3, 3, 3, 3, 3, 3, 3, 3, 3, 3, 3, 3, 3, 3, 3, 3, 3, 3, 3, 3, 3, 3, 3, 3, 3, 3, 3, 3, 3, 3, 3, 3, 3, 3, 3, 3, 3, 3, 3, 3, 3, 3, 3, 3, 3, 3, 3, 3, 3, 3, 3, 3, 3, 3, 3, 3, 3, 3, 3, 3, 3, 3, 3, 3, 3, 3, 3, 3, 3, 3, 3, 3, 3, 3, 3, 3, 3, 3, 3, 3, 3, 3, 3, 3, 3, 3, 3, 3, 3, 3, 3, 3, 3, 3, 3, 3, 3, 3, 3, 3, 3, 3, 3, 3, 3, 3, 3, 3, 3, 3, 3, 3, 3, 3, 3, 3, 3, 3, 3, 3, 3, 3, 3, 3, 3, 3, 3, 3, 3, 3, 3, 3, 3, 3, 3, 3, 3, 3, 3, 3, 3, 3, 3, 3, 3, 3, 3, 3, 3, 3, 3, 3, 3, 3, 3, 3, 3, 3, 3, 3, 3, 3, 3, 3, 3, 3, 3, 3, 3, 3, 3, 3, 3, 3, 3, 3, 3, 3, 3, 3, 3, 3, 3, 3, 3, 3, 3, 3, 3, 3, 3, 3, 3, 3, 3, 3, 3, 3, 3, 3, 3, 3, 3, 3, 3, 3, 3, 3, 3, 3, 3, 3, 3, 3, 3, 3, 3, 3, 3, 3, 3, 3, 3, 3, 3, 3, 3, 3, 3, 3, 3, 3, 3, 3, 3, 3, 3, 3, 3, 3, 3, 3, 3, 3, 3, 3, 3, 3, 3, 3, 3, 3, 3, 3, 3, 3, 3, 3, 3, 3, 3, 3, 3, 3, 3, 3, 3, 3, 3, 3, 3, 3, 3, 3, 3, 3, 3, 3, 3, 3, 3, 3, 3, 3, 3, 3, 3, 3, 3, 3, 3, 3, 3, 3, 3, 3, 3, 3, 3, 3, 3, 3, 3, 3, 3, 3, 3, 3, 3, 3, 3, 3, 3, 3, 3, 3, 3, 3, 3, 3, 3, 3, 3, 3, 3, 3, 3, 3, 3, 3, 3, 3, 3, 3, 3, 3, 3, 3, 3, 3, 3, 3, 3, 3, 3, 3, 3, 3, 3, 3, 3, 3, 3, 3, 3, 3, 3, 3, 3, 3, 3, 3, 3, 3, 3, 3, 3, 3, 3, 3, 3, 3, 3, 3, 3, 3, 3, 3, 3, 3, 3, 3, 3, 3, 3, 3, 3, 3, 3, 3, 3, 3, 3, 3, 3, 3, 3, 3, 3, 3, 3, 3, 3, 3, 3, 3, 3, 3, 3, 3, 3, 3, 3, 3, 3, 3, 3, 3, 3, 3, 3, 3, 3, 3, 3, 3, 3, 3, 3, 3, 3, 3, 3, 3, 3, 3, 3, 3, 3, 3, 3, 3, 3, 3, 3, 3, 3, 3, 3, 3, 3, 3, 3, 3, 3, 3, 3, 3, 3, 3, 3, 3, 3, 3, 3, 3, 3, 3, 3, 3, 3, 3, 3, 3, 3, 3, 3, 3, 3, 3, 3, 3, 3, 3, 3, 3, 3, 3, 3, 3, 3, 3, 3, 3, 3, 3, 3, 3, 3, 3, 3, 3, 3, 3, 3, 3, 3, 3, 3, 3, 3, 3, 3, 3, 3, 3, 3, 3, 3, 3, 3, 3, 3, 3, 3, 3, 3, 3, 3, 3, 3, 3, 3, 3, 3, 3, 3, 3, 3, 3, 3, 3, 3, 3, 3, 3, 3, 3, 3, 3, 3, 3, 3, 3, 3, 3, 3, 3, 3, 3, 3, 3, 3, 3, 3, 3, 3, 3, 3, 3, 3, 3, 3, 3, 3, 3, 3, 3, 3, 3, 3, 3, 3, 3, 3, 3, 3, 3, 3, 3, 3, 3, 3, 3, 3, 3, 3, 3, 3, 3, 3, 3, 3, 3, 3, 3, 3, 3, 3, 3, 3, 3, 3, 3, 3, 3, 3, 3, 3, 3, 3, 3, 3, 3, 3, 3, 3, 3, 3, 3, 3, 3, 3, 3, 3, 3, 3, 3, 3, 3, 3, 3, 3, 3, 3, 3, 3, 3, 3, 3, 3, 3, 3, 3, 3, 3, 3, 3, 3, 3, 3, 3, 3, 3, 3, 3, 3, 3, 3, 3, 3, 3, 3, 3, 3, 3, 3, 3, 3, 3, 3, 3, 3, 3, 3, 3, 3, 3, 3, 3, 3, 3, 3, 3, 3, 3, 3, 3, 3, 3, 3, 3, 3, 3, 3, 3, 3, 3, 3, 3, 3, 3, 3, 3, 3, 3, 3, 3, 3, 3, 3, 3, 3, 3, 3, 3, 3, 3, 3, 3, 3, 3, 3, 3, 3, 3, 3, 3, 3, 3, 3, 3, 3, 3, 3, 3, 3, 3, 3, 3, 3, 3, 3, 3, 3, 3, 3, 3, 3, 3, 3, 3, 3, 3, 3, 3, 3, 3, 3, 3, 3, 3, 3, 3, 3, 3, 3, 3, 3, 3, 3, 3, 3, 3, 3, 3, 3, 3, 3, 3, 3, 3, 3, 3, 3, 3, 3, 3, 3, 3, 3, 3, 3, 3, 3, 3, 3, 3, 3, 3, 3, 3, 3, 3, 3, 3, 3, 3, 3, 3, 3, 3, 3, 3, 3, 3, 3, 3, 3, 3, 3, 3, 3, 3, 3, 3, 3, 3, 3, 3, 3, 3, 3, 3, 3, 3, 3, 3, 3, 3, 3, 3, 3, 3, 3, 3, 3, 3, 3, 3, 3, 3, 3, 3, 3, 3, 3, 3, 3, 3, 3, 3, 3, 3, 3, 3, 3, 3, 3, 3, 3, 3, 3, 3, 3, 3, 3, 3, 3, 3, 3, 3, 3, 3, 3, 3, 3, 3, 3, 3, 3, 3, 3, 3, 3, 3, 3, 3, 3, 3, 3, 3, 3, 3, 3, 3, 3, 3, 3, 3, 3, 3, 3, 3, 3, 3, 3, 3, 3, 3, 3, 3, 3, 3, 3, 3, 3, 3, 3, 3, 3, 3, 3, 3, 3, 3, 3, 3, 3, 3, 3, 3, 3, 3, 3, 3, 3, 3, 3, 3, 3, 3, 3, 3, 3, 3, 3, 3, 3, 3, 3, 3, 3, 3, 3, 3, 3, 3, 3, 3, 3, 3, 3, 3, 3, 3, 3, 3, 3, 3, 3, 3, 3, 3, 3, 3, 3, 3, 3, 3, 3, 3, 3, 3, 3, 3, 3, 3, 3, 3, 3, 3, 3, 3, 3, 3, 3, 3, 3, 3, 3, 3, 3, 3, 3, 3, 3, 3, 3, 3, 3, 3, 3, 3, 3, 3, 3, 3, 3, 3, 3, 3, 3, 3, 3, 3, 3, 3, 3, 3, 3, 3, 3, 3, 3, 3, 3, 3, 3, 3, 3, 3, 3, 3, 3, 3, 3, 3, 3, 3, 3, 3, 3, 3, 3, 3, 3, 3, 3, 3, 3, 3, 3, 3, 3, 3, 3, 3, 3, 3, 3, 3, 3, 3, 3, 3, 3, 3, 3, 3, 3, 3, 3, 3, 3, 3, 3, 3, 3, 3, 3, 3, 3, 3, 3, 3, 3, 3, 3, 3, 3, 3, 3, 3, 3, 3, 3, 3, 3, 3, 3, 3, 3, 3, 3, 3, 3, 3, 3, 3, 3, 3, 3, 3, 3, 3, 3, 3, 3, 3, 3, 3, 3, 3, 3, 3, 3, 3, 3, 3, 3, 3, 3, 3, 3, 3, 3, 3, 3, 3, 3, 3, 3, 3, 3, 3, 3, 3, 3, 3, 3, 3, 3, 3, 3, 3, 3, 3, 3, 3, 3, 3, 3, 3, 3, 3, 3, 3, 3, 3, 3, 3, 3, 3, 3, 3, 3, 3, 3, 3, 3, 3, 3, 3, 3, 3, 3, 3, 3, 3, 3, 3, 3, 3, 3, 3, 3, 3, 3, 3, 3, 3, 3, 3, 3, 3, 3, 3, 3, 3, 3, 3, 3, 3, 3, 3, 3, 3, 3, 3, 3, 3, 3, 3, 3, 3, 3, 3, 3, 3, 3, 3, 3, 3, 3, 3, 3, 3, 3, 3, 3, 3, 3, 3, 3, 3, 3, 3, 3, 3, 3, 3, 3, 3, 3, 3, 3, 3, 3, 3, 3, 3, 3, 3, 3, 3, 3, 3, 3, 3, 3, 3, 3, 3, 3, 3, 3, 3, 3, 3, 3, 3, 3, 3, 3, 3, 3, 3, 3, 3, 3, 3, 3, 3, 3, 3, 3, 3, 3, 3, 3, 3, 3, 3, 3, 3, 3, 3, 3, 3, 3, 3, 3, 3, 3, 3, 3, 3, 3, 3, 3, 3, 3, 3, 3, 3, 3, 3, 3, 3, 3, 3, 3, 3, 3, 3, 3, 3, 3, 3, 3, 3, 3, 3, 3, 3, 3, 3, 3, 3, 3, 3, 3, 3, 3, 3, 3, 3, 3, 3, 3, 3, 3, 3, 3, 3, 3, 3, 3, 3, 3, 3, 3, 3, 3, 3, 3, 3, 3, 3, 3, 3, 3, 3, 3, 3, 3, 3, 3, 3, 3, 3, 3, 3, 3, 3, 3, 3, 3, 3, 3, 3, 3, 3, 3, 3, 3, 3, 3, 3, 3, 3, 3, 3, 3, 3, 3, 3, 3, 3, 3, 3, 3, 3, 3, 3, 3, 3, 3, 3, 3, 3, 3, 3, 3, 3, 3, 3, 3, 3, 3, 3, 3, 3, 3, 3, 3, 3, 3, 3, 3, 3, 3, 3, 3, 3, 3, 3, 3, 3, 3, 3, 3, 3, 3, 3, 3, 3, 3, 3, 3, 3, 3, 3, 3, 3, 3, 3, 3, 3, 3, 3, 3, 3, 3, 3, 3, 3, 3, 3, 3, 3, 3, 3, 3, 3, 3, 3, 3, 3, 3, 3, 3, 3, 3, 3, 3, 3, 3, 3, 3, 3, 3, 3, 3, 3, 3, 3, 3, 3, 3, 3, 3, 3, 3, 3, 3, 3, 3, 3, 3, 3, 3, 3, 3, 3, 3, 3, 3, 3, 3, 3, 3, 3, 3, 3, 3, 3, 3, 3, 3, 3, 3, 3, 3, 3, 3, 3, 3, 3, 3, 3, 3, 3, 3, 3, 3, 3, 3, 3, 3, 3, 3, 3, 3, 3, 3, 3, 3, 3, 3, 3, 3, 3, 3, 3, 3, 3, 3, 3, 3, 3, 3, 3, 3, 3, 3, 3, 3, 3, 3, 3, 3, 3, 3, 3, 3, 3, 3, 3, 3, 3, 3, 3, 3, 3, 3, 3, 3, 3, 3, 3, 3, 3, 3, 3, 3, 3, 3, 3, 3, 3, 3, 3, 3, 3, 3, 3, 3, 3, 3, 3, 3, 3, 3, 3, 3, 3, 3, 3, 3, 3, 3, 3, 3, 3, 3, 3, 3, 3, 3, 3, 3, 3, 3, 3, 3, 3, 3, 3, 3, 3, 3, 3, 3, 3, 3, 3, 3, 3, 3, 3, 3, 3, 3, 3, 3, 3, 3, 3, 3, 3, 3, 3, 3, 3, 3, 3, 3, 3, 3, 3, 3, 3, 3, 3, 3, 3, 3, 3, 3, 3, 3, 3, 3, 3, 3, 3, 3, 3, 3, 3, 3, 3, 3, 3, 3, 3, 3, 3, 3, 3, 3, 3, 3, 3, 3, 3, 3, 3, 3, 3, 3, 3, 3, 3, 3, 3, 3, 3, 3, 3, 3, 3, 3, 3, 3, 3, 3, 3, 3, 3, 3, 3, 3, 3, 3, 3, 3, 3, 3, 3, 3, 3, 3, 3, 3, 3, 3, 3, 3, 3, 3, 3, 3, 3, 3, 3, 3, 3, 3, 3, 3, 3, 3, 3, 3, 3, 3, 3, 3, 3, 3, 3, 3, 3, 3, 3, 3, 3, 3, 3, 3, 3, 3, 3, 3, 3, 3, 3, 3, 3, 3, 3, 3, 3, 3, 3, 3, 3, 3, 3, 3, 3, 3, 3, 3, 3, 3, 3, 3, 3, 3, 3, 3, 3, 3, 3, 3, 3, 3, 3, 3, 3, 3, 3, 3, 3, 3, 3, 3, 3, 3, 3, 3, 3, 3, 3, 3, 3, 3, 3, 3, 3, 3, 3, 3, 3, 3, 3, 3, 3, 3, 3, 3, 3, 3, 3, 3, 3, 3, 3, 3, 3, 3, 3, 3, 3, 3, 3, 3, 3, 3, 3, 3, 3, 3, 3, 3, 3, 3, 3, 3, 3, 3, 3, 3, 3, 3, 3, 3, 3, 3, 3, 3, 3, 3, 3, 3, 3, 3, 3, 3, 3, 3, 3, 3, 3, 3, 3, 3, 3, 3, 3, 3, 3, 3, 3, 3, 3, 3, 3, 3, 3, 3, 3, 3, 3, 3, 3, 3, 3, 3, 3, 3, 3, 3, 3, 3, 3, 3, 3, 3, 3, 3, 3, 3, 3, 3, 3, 3, 3, 3, 3, 3, 3, 3, 3, 3, 3, 3, 3, 3, 3, 3, 3, 3, 3, 3, 3, 3, 3, 3, 3, 3, 3, 3, 3, 3, 3, 3, 3, 3, 3, 3, 3, 3, 3, 3, 3, 3, 3, 3, 3, 3, 3, 3, 3, 3, 3, 3, 3, 3, 3, 3, 3, 3, 3, 3, 3, 3, 3, 3, 3, 3, 3, 3, 3, 3, 3, 3, 3, 3, 3, 3, 3, 3, 3, 3, 3, 3, 3, 3, 3, 3, 3, 3, 3, 3, 3, 3, 3, 3, 3, 3, 3, 3, 3, 3, 3, 3, 3, 3, 3, 3, 3, 3, 3, 3, 3, 3, 3, 3, 3, 3, 3, 3, 3, 3, 3, 3, 3, 3, 3, 3, 3, 3, 3, 3, 3, 3, 3, 3, 3, 3, 3, 3, 3, 3, 3, 3, 3, 3, 3, 3, 3, 3, 3, 3, 3, 3, 3, 3, 3, 3, 3, 3, 3, 3, 3, 3, 3, 3, 3, 3, 3, 3, 3, 3, 3, 3, 3, 3, 3, 3, 3, 3, 3, 3, 3, 3, 3, 3, 3, 3, 3, 3, 3, 3, 3, 3, 3, 3, 3, 3, 3, 3, 3, 3, 3, 3, 3, 3, 3, 3, 3, 3, 3, 3, 3, 3, 3, 3, 3, 3, 3, 3, 3, 3, 3, 3, 3, 3, 3, 3, 3, 3, 3, 3, 3, 3, 3, 3, 3, 3, 3, 3, 3, 3, 3, 3, 3, 3, 3, 3, 3, 3, 3, 3, 3, 3, 3, 3, 3, 3, 3, 3, 3, 3, 3, 3, 3, 3, 3, 3, 3, 3, 3, 3, 3, 3, 3, 3, 3, 3, 3, 3, 3, 3, 3, 3, 3, 3, 3, 3, 3, 3, 3, 3, 3, 3, 3, 3, 3, 3, 3, 3, 3, 3, 3, 3, 3, 3, 3, 3, 3, 3, 3, 3, 3, 3, 3, 3, 3, 3, 3, 3, 3, 3, 3, 3, 3, 3, 3, 3, 3, 3, 3, 3, 3, 3, 3, 3, 3, 3, 3, 3, 3, 3, 3, 3, 3, 3, 3, 3, 3, 3, 3, 3, 3, 3, 3, 3, 3, 3, 3, 3, 3, 3, 3, 3, 3, 3, 3, 3, 3, 3, 3, 3, 3, 3, 3, 3, 3, 3, 3, 3, 3, 3, 3, 3, 3, 3, 3, 3, 3, 3, 3, 3, 3, 3, 3, 3, 3, 3, 3, 3, 3, 3, 3, 3, 3, 3, 3, 3, 3, 3, 3, 3, 3, 3, 3, 3, 3, 3, 3, 3, 3, 3, 3, 3, 3, 3, 3, 3, 3, 3, 3, 3, 3, 3, 3, 3, 3, 3, 3, 3, 3, 3, 3, 3, 3, 3, 3, 3, 3, 3, 3, 3, 3, 3, 3, 3, 3, 3, 3, 3, 3, 3, 3, 3, 3, 3, 3, 3, 3, 3, 3, 3, 3, 3, 3, 3, 3, 3, 3, 3, 3, 3, 3, 3, 3, 3, 3, 3, 3, 3, 3, 3, 3, 3, 3, 3, 3, 3, 3, 3, 3, 3, 3, 3, 3, 3, 3, 3, 3, 3, 3, 3, 3, 3, 3, 3, 3, 3, 3, 3, 3, 3, 3, 3, 3, 3, 3, 3, 3, 3, 3, 3, 3, 3, 3, 3, 3, 3, 3, 3, 3, 3, 3, 3, 3, 3, 3, 3, 3, 3, 3, 3, 3, 3, 3, 3, 3, 3, 3, 3, 3, 3, 3, 3, 3, 3, 3, 3, 3, 3, 3, 3, 3, 3, 3, 3, 3, 3, 3, 3, 3, 3, 3, 3, 3, 3, 3, 3, 3, 3, 3, 3, 3, 3, 3, 3, 3, 3, 3, 3, 3, 3, 3, 3, 3, 3, 3, 3, 3, 3, 3, 3, 3, 3, 3, 3, 3, 3, 3, 3, 3, 3, 3, 3, 3, 3, 3, 3, 3, 3, 3, 3, 3, 3, 3, 3, 3, 3, 3, 3, 3, 3, 3, 3, 3, 3, 3, 3, 3, 3, 3, 3, 3, 3, 3, 3, 3, 3, 3, 3, 3, 3, 3, 3, 3, 3, 3, 3, 3, 3, 3, 3, 3, 3, 3, 3, 3, 3, 3, 3, 3, 3, 3, 3, 3, 3, 3, 3, 3, 3, 3, 3, 3, 3, 3, 3, 3, 3, 3, 3, 3, 3, 3, 3, 3, 3, 3, 3, 3, 3, 3, 3, 3, 3, 3, 3, 3, 3, 3, 3, 3, 3, 3, 3, 3, 3, 3, 3, 3, 3, 3, 3, 3, 3, 3, 3, 3, 3, 3, 3, 3, 3, 3, 3, 3, 3, 3, 3, 3, 3, 3, 3, 3, 3, 3, 3, 3, 3, 3, 3, 3, 3, 3, 3, 3, 3, 3, 3, 3, 3, 3, 3, 3, 3, 3, 3, 3, 3, 3, 3, 3, 3, 3, 3, 3, 3, 3, 3, 3, 3, 3]
            int[] faceVertexIndices = [0, 1, 2, 3, 2, 4, 5, 4, 6, 7, 6, 8, 9, 8, 10, 11, 10, 12, 13, 12, 14, 15, 14, 16, 17, 16, 18, 19, 18, 20, 21, 20, 22, 23, 22, 24, 25, 24, 26, 27, 26, 28, 29, 28, 30, 31, 30, 32, 33, 32, 34, 35, 34, 36, 37, 36, 38, 39, 38, 40, 41, 40, 42, 43, 42, 44, 45, 44, 46, 47, 46, 48, 49, 48, 50, 51, 50, 52, 53, 52, 54, 55, 54, 56, 57, 56, 58, 59, 58, 60, 61, 60, 62, 63, 62, 64, 65, 64, 66, 67, 66, 68, 69, 68, 70, 71, 70, 72, 73, 72, 74, 75, 74, 76, 77, 76, 78, 79, 78, 80, 81, 80, 82, 83, 82, 84, 85, 84, 86, 87, 86, 88, 89, 88, 90, 91, 90, 92, 93, 92, 94, 95, 94, 96, 97, 96, 98, 99, 98, 100, 101, 100, 102, 103, 102, 104, 105, 104, 106, 107, 106, 108, 109, 108, 110, 111, 110, 112, 113, 112, 114, 115, 114, 1, 1, 0, 115, 114, 115, 113, 112, 113, 111, 110, 111, 109, 108, 109, 107, 106, 107, 105, 104, 105, 103, 102, 103, 101, 100, 101, 99, 98, 99, 97, 96, 97, 95, 94, 95, 93, 92, 93, 91, 90, 91, 89, 88, 89, 87, 86, 87, 85, 84, 85, 83, 82, 83, 81, 80, 81, 79, 78, 79, 77, 76, 77, 75, 74, 75, 73, 72, 73, 71, 70, 71, 69, 68, 69, 67, 66, 67, 65, 64, 65, 63, 62, 63, 61, 60, 61, 59, 58, 59, 57, 56, 57, 55, 54, 55, 53, 52, 53, 51, 50, 51, 49, 48, 49, 47, 46, 47, 45, 44, 45, 43, 42, 43, 41, 40, 41, 39, 38, 39, 37, 36, 37, 35, 34, 35, 33, 32, 33, 31, 30, 31, 29, 28, 29, 27, 26, 27, 25, 24, 25, 23, 22, 23, 21, 20, 21, 19, 18, 19, 17, 16, 17, 15, 14, 15, 13, 12, 13, 11, 10, 11, 9, 8, 9, 7, 6, 7, 5, 4, 5, 3, 2, 3, 0, 8, 116, 117, 8, 6, 118, 10, 117, 119, 118, 116, 8, 1, 120, 121, 1, 114, 122, 16, 123, 124, 16, 14, 125, 117, 10, 8, 6, 4, 126, 2, 121, 126, 122, 120, 1, 94, 92, 127, 92, 90, 128, 86, 129, 130, 86, 84, 131, 125, 123, 16, 14, 12, 119, 126, 118, 6, 121, 2, 1, 112, 132, 122, 112, 110, 133, 98, 134, 135, 96, 136, 134, 96, 94, 137, 128, 127, 92, 131, 129, 86, 84, 82, 138, 80, 139, 138, 80, 78, 140, 56, 141, 142, 56, 54, 143, 48, 144, 145, 48, 46, 146, 119, 125, 14, 126, 4, 2, 133, 132, 112, 110, 108, 147, 106, 148, 147, 106, 104, 149, 102, 150, 149, 102, 100, 135, 134, 98, 96, 127, 137, 94, 90, 88, 130, 138, 131, 84, 140, 139, 80, 78, 76, 151, 64, 62, 152, 62, 60, 153, 143, 141, 56, 54, 52, 154, 50, 145, 154, 146, 144, 48, 24, 155, 156, 22, 157, 155, 20, 158, 157, 20, 18, 124, 119, 12, 10, 147, 133, 110, 149, 148, 106, 135, 150, 102, 137, 136, 96, 130, 88, 86, 151, 140, 78, 76, 74, 159, 153, 152, 62, 60, 58, 142, 154, 143, 54, 145, 50, 48, 28, 160, 161, 28, 26, 156, 155, 24, 22, 124, 158, 20, 122, 114, 112, 149, 104, 102, 130, 128, 90, 159, 151, 76, 72, 162, 159, 72, 70, 163, 66, 164, 165, 66, 64, 166, 142, 153, 60, 154, 52, 50, 156, 160, 28, 157, 22, 20, 147, 108, 106, 138, 82, 80, 163, 162, 72, 70, 68, 165, 166, 164, 66, 142, 58, 56, 38, 167, 168, 38, 36, 169, 156, 26, 24, 135, 100, 98, 165, 163, 70, 152, 166, 64, 44, 170, 146, 44, 42, 171, 40, 168, 171, 169, 167, 38, 124, 18, 16, 165, 68, 66, 171, 170, 44, 168, 40, 38, 34, 172, 169, 34, 32, 173, 159, 74, 72, 171, 42, 40, 173, 172, 34, 32, 30, 161, 146, 46, 44, 161, 173, 32, 169, 36, 34, 161, 30, 28, 153, 142, 174, 152, 153, 175, 166, 152, 176, 164, 166, 177, 165, 164, 178, 163, 165, 179, 162, 163, 180, 159, 162, 181, 151, 159, 182, 140, 151, 183, 139, 140, 184, 138, 139, 185, 131, 138, 186, 129, 131, 187, 130, 129, 188, 128, 130, 189, 127, 128, 190, 137, 127, 191, 136, 137, 192, 134, 136, 193, 135, 134, 194, 150, 135, 195, 149, 150, 196, 148, 149, 197, 147, 148, 198, 133, 147, 199, 132, 133, 200, 122, 132, 201, 120, 122, 202, 121, 120, 203, 126, 121, 204, 118, 126, 205, 116, 118, 206, 117, 116, 207, 119, 117, 208, 125, 119, 209, 123, 125, 210, 124, 123, 211, 158, 124, 212, 157, 158, 213, 155, 157, 214, 156, 155, 215, 160, 156, 216, 161, 160, 217, 173, 161, 218, 172, 173, 219, 169, 172, 220, 167, 169, 221, 168, 167, 222, 171, 168, 223, 170, 171, 224, 146, 170, 225, 144, 146, 226, 145, 144, 227, 154, 145, 228, 143, 154, 229, 141, 143, 230, 142, 141, 231, 231, 174, 142, 230, 231, 141, 229, 230, 143, 228, 229, 154, 227, 228, 145, 226, 227, 144, 225, 226, 146, 224, 225, 170, 223, 224, 171, 222, 223, 168, 221, 222, 167, 220, 221, 169, 219, 220, 172, 218, 219, 173, 217, 218, 161, 216, 217, 160, 215, 216, 156, 214, 215, 155, 213, 214, 157, 212, 213, 158, 211, 212, 124, 210, 211, 123, 209, 210, 125, 208, 209, 119, 207, 208, 117, 206, 207, 116, 205, 206, 118, 204, 205, 126, 203, 204, 121, 202, 203, 120, 201, 202, 122, 200, 201, 132, 199, 200, 133, 198, 199, 147, 197, 198, 148, 196, 197, 149, 195, 196, 150, 194, 195, 135, 193, 194, 134, 192, 193, 136, 191, 192, 137, 190, 191, 127, 189, 190, 128, 188, 189, 130, 187, 188, 129, 186, 187, 131, 185, 186, 138, 184, 185, 139, 183, 184, 140, 182, 183, 151, 181, 182, 159, 180, 181, 162, 179, 180, 163, 178, 179, 165, 177, 178, 164, 176, 177, 166, 175, 176, 152, 174, 175, 153, 232, 233, 204, 233, 234, 205, 234, 235, 206, 235, 236, 207, 236, 237, 208, 237, 238, 209, 238, 239, 210, 239, 240, 211, 240, 241, 212, 241, 242, 213, 242, 243, 214, 243, 244, 215, 244, 245, 216, 245, 246, 217, 246, 247, 218, 247, 248, 219, 248, 249, 220, 249, 250, 221, 250, 251, 222, 251, 252, 223, 252, 253, 224, 253, 254, 225, 254, 255, 226, 255, 256, 227, 256, 257, 228, 257, 258, 229, 258, 259, 230, 259, 260, 231, 260, 261, 174, 261, 262, 175, 262, 263, 176, 263, 264, 177, 264, 265, 178, 265, 266, 179, 266, 267, 180, 267, 268, 181, 268, 269, 182, 269, 270, 183, 270, 271, 184, 271, 272, 185, 272, 273, 186, 273, 274, 187, 274, 275, 188, 275, 276, 189, 276, 277, 190, 277, 278, 191, 278, 279, 192, 279, 280, 193, 280, 281, 194, 281, 282, 195, 282, 283, 196, 283, 284, 197, 284, 285, 198, 285, 286, 199, 286, 287, 200, 287, 288, 201, 288, 289, 202, 289, 232, 203, 203, 202, 289, 202, 201, 288, 201, 200, 287, 200, 199, 286, 199, 198, 285, 198, 197, 284, 197, 196, 283, 196, 195, 282, 195, 194, 281, 194, 193, 280, 193, 192, 279, 192, 191, 278, 191, 190, 277, 190, 189, 276, 189, 188, 275, 188, 187, 274, 187, 186, 273, 186, 185, 272, 185, 184, 271, 184, 183, 270, 183, 182, 269, 182, 181, 268, 181, 180, 267, 180, 179, 266, 179, 178, 265, 178, 177, 264, 177, 176, 263, 176, 175, 262, 175, 174, 261, 174, 231, 260, 231, 230, 259, 230, 229, 258, 229, 228, 257, 228, 227, 256, 227, 226, 255, 226, 225, 254, 225, 224, 253, 224, 223, 252, 223, 222, 251, 222, 221, 250, 221, 220, 249, 220, 219, 248, 219, 218, 247, 218, 217, 246, 217, 216, 245, 216, 215, 244, 215, 214, 243, 214, 213, 242, 213, 212, 241, 212, 211, 240, 211, 210, 239, 210, 209, 238, 209, 208, 237, 208, 207, 236, 207, 206, 235, 206, 205, 234, 205, 204, 233, 204, 203, 232, 87, 89, 290, 99, 291, 292, 101, 293, 291, 290, 294, 87, 103, 295, 296, 291, 99, 101, 89, 297, 290, 75, 77, 298, 13, 299, 300, 103, 301, 295, 101, 302, 293, 93, 95, 303, 89, 304, 297, 77, 305, 298, 61, 63, 306, 13, 307, 299, 11, 308, 309, 11, 310, 311, 101, 312, 313, 103, 314, 301, 99, 315, 316, 99, 317, 318, 292, 319, 99, 97, 320, 321, 97, 322, 323, 303, 324, 93, 294, 325, 87, 83, 326, 327, 77, 328, 305, 67, 329, 330, 69, 331, 329, 306, 332, 61, 41, 333, 334, 43, 335, 333, 13, 336, 307, 9, 337, 338, 11, 339, 337, 11, 340, 308, 11, 341, 310, 5, 342, 343, 3, 5, 344, 115, 345, 346, 107, 109, 347, 313, 348, 101, 101, 296, 349, 103, 350, 314, 103, 351, 352, 318, 315, 99, 319, 353, 99, 101, 354, 355, 323, 320, 97, 93, 356, 357, 95, 358, 303, 95, 359, 360, 95, 361, 362, 87, 363, 364, 325, 365, 87, 89, 366, 367, 327, 81, 83, 81, 368, 369, 77, 370, 328, 329, 67, 69, 61, 371, 372, 63, 373, 306, 63, 374, 375, 57, 376, 377, 49, 51, 378, 333, 41, 43, 25, 379, 380, 15, 381, 382, 15, 17, 383, 11, 300, 384, 13, 385, 336, 9, 386, 387, 9, 388, 389, 337, 9, 11, 11, 390, 391, 311, 340, 11, 5, 392, 393, 343, 394, 5, 3, 395, 396, 344, 397, 3, 346, 113, 115, 109, 398, 347, 107, 399, 400, 349, 312, 101, 352, 350, 103, 103, 401, 402, 99, 403, 317, 99, 404, 405, 101, 406, 302, 355, 407, 101, 95, 408, 409, 321, 95, 97, 93, 410, 356, 95, 411, 358, 360, 412, 95, 362, 413, 95, 95, 414, 415, 95, 416, 417, 87, 418, 419, 87, 420, 363, 367, 304, 89, 89, 421, 422, 89, 423, 424, 83, 425, 326, 83, 426, 427, 369, 428, 81, 75, 429, 430, 298, 431, 75, 77, 432, 433, 73, 434, 435, 73, 75, 436, 67, 437, 438, 69, 439, 331, 61, 440, 371, 61, 441, 442, 63, 443, 373, 63, 444, 445, 375, 446, 63, 377, 55, 57, 51, 447, 378, 45, 448, 449, 43, 450, 335, 380, 23, 25, 383, 381, 15, 11, 451, 452, 300, 11, 13, 13, 453, 454, 9, 455, 456, 9, 457, 458, 9, 459, 386, 389, 460, 9, 11, 461, 339, 309, 390, 11, 11, 462, 463, 9, 464, 465, 9, 466, 467, 5, 468, 392, 394, 469, 5, 7, 470, 471, 3, 472, 473, 3, 474, 475, 3, 476, 477, 396, 478, 3, 5, 479, 344, 115, 480, 345, 109, 481, 398, 107, 482, 483, 107, 484, 485, 400, 486, 107, 296, 101, 103, 103, 487, 401, 405, 403, 99, 407, 406, 101, 101, 488, 489, 101, 490, 491, 409, 492, 95, 95, 493, 494, 97, 495, 322, 93, 496, 497, 93, 498, 499, 93, 500, 410, 324, 501, 93, 413, 359, 95, 417, 414, 95, 502, 89, 503, 419, 504, 87, 365, 420, 87, 424, 421, 89, 89, 505, 506, 89, 507, 508, 87, 509, 510, 87, 511, 512, 513, 514, 515, 83, 516, 425, 83, 517, 518, 83, 519, 520, 427, 521, 83, 83, 522, 523, 79, 524, 525, 79, 81, 526, 428, 527, 81, 431, 429, 75, 433, 528, 77, 77, 529, 530, 436, 434, 73, 75, 531, 532, 330, 437, 67, 63, 533, 534, 442, 440, 61, 61, 535, 536, 445, 443, 63, 63, 537, 374, 55, 538, 539, 57, 540, 376, 49, 541, 542, 49, 543, 544, 51, 545, 447, 47, 546, 547, 45, 548, 448, 334, 549, 41, 35, 37, 550, 25, 551, 379, 17, 552, 383, 17, 553, 554, 17, 555, 556, 11, 557, 558, 384, 451, 11, 13, 559, 560, 454, 561, 13, 458, 455, 9, 460, 459, 9, 338, 562, 9, 463, 341, 11, 11, 563, 564, 467, 464, 9, 9, 565, 566, 9, 567, 568, 469, 468, 5, 5, 7, 569, 7, 570, 470, 475, 472, 3, 478, 476, 3, 5, 571, 479, 5, 572, 573, 115, 574, 480, 115, 575, 576, 107, 577, 578, 107, 579, 580, 109, 581, 481, 109, 582, 583, 105, 584, 585, 105, 107, 586, 107, 587, 482, 486, 484, 107, 101, 588, 589, 101, 590, 591, 402, 351, 103, 103, 592, 593, 103, 594, 595, 99, 596, 597, 353, 404, 99, 491, 488, 101, 101, 598, 599, 101, 600, 601, 99, 602, 603, 602, 604, 605, 606, 607, 608, 95, 609, 610, 494, 408, 95, 97, 611, 495, 97, 612, 613, 93, 614, 615, 499, 496, 93, 501, 500, 93, 415, 361, 95, 95, 616, 617, 91, 93, 618, 89, 619, 503, 89, 620, 621, 504, 622, 87, 87, 623, 624, 422, 366, 89, 508, 505, 89, 89, 625, 626, 85, 627, 628, 87, 629, 627, 87, 630, 631, 512, 509, 87, 515, 87, 513, 518, 516, 83, 521, 519, 83, 523, 632, 83, 526, 524, 79, 368, 633, 369, 528, 370, 77, 77, 634, 529, 73, 635, 636, 75, 637, 436, 531, 638, 532, 69, 639, 640, 71, 641, 642, 67, 643, 644, 67, 645, 646, 438, 647, 67, 69, 648, 649, 69, 650, 651, 69, 652, 653, 67, 654, 655, 63, 656, 657, 63, 658, 659, 63, 660, 533, 65, 661, 662, 61, 663, 441, 61, 664, 535, 446, 444, 63, 63, 665, 666, 55, 667, 668, 539, 669, 55, 57, 670, 540, 53, 671, 672, 55, 673, 674, 49, 675, 676, 542, 677, 49, 49, 678, 543, 51, 679, 545, 47, 680, 681, 47, 682, 546, 47, 683, 684, 47, 49, 685, 49, 686, 687, 45, 688, 548, 41, 689, 690, 43, 691, 450, 43, 692, 693, 550, 694, 35, 23, 695, 696, 25, 697, 551, 25, 698, 699, 23, 700, 701, 17, 702, 703, 17, 19, 704, 19, 705, 706, 15, 707, 708, 15, 709, 710, 17, 711, 552, 17, 712, 713, 554, 714, 17, 556, 715, 17, 11, 716, 557, 452, 717, 11, 561, 559, 13, 387, 457, 9, 391, 461, 11, 11, 718, 563, 566, 466, 9, 9, 719, 567, 9, 720, 721, 720, 722, 723, 722, 720, 724, 569, 342, 5, 7, 465, 570, 3, 725, 726, 477, 474, 3, 5, 727, 571, 5, 728, 729, 573, 730, 5, 5, 731, 732, 115, 733, 734, 113, 735, 736, 113, 737, 738, 113, 739, 740, 115, 741, 574, 115, 742, 743, 115, 744, 575, 111, 745, 746, 113, 747, 748, 109, 111, 749, 107, 750, 751, 107, 752, 577, 580, 753, 107, 109, 754, 581, 583, 755, 109, 109, 756, 757, 586, 584, 105, 485, 587, 107, 758, 759, 760, 761, 759, 762, 763, 103, 764, 103, 105, 765, 589, 766, 101, 591, 767, 101, 348, 768, 101, 595, 592, 103, 316, 596, 99, 599, 490, 101, 101, 766, 600, 99, 769, 612, 99, 770, 771, 605, 603, 602, 608, 772, 606, 602, 607, 773, 774, 775, 776, 610, 774, 95, 95, 777, 493, 95, 778, 779, 613, 611, 97, 93, 780, 781, 497, 614, 93, 412, 411, 95, 95, 774, 616, 618, 782, 91, 621, 619, 89, 89, 783, 784, 89, 785, 786, 89, 91, 787, 87, 788, 789, 624, 418, 87, 506, 423, 89, 89, 502, 625, 627, 85, 87, 510, 630, 87, 515, 790, 87, 513, 791, 792, 83, 793, 794, 81, 795, 796, 81, 797, 798, 81, 799, 800, 81, 801, 802, 327, 803, 81, 632, 426, 83, 81, 804, 526, 81, 805, 806, 527, 807, 81, 77, 808, 809, 530, 432, 77, 73, 810, 635, 73, 811, 812, 435, 813, 73, 75, 814, 815, 75, 816, 817, 75, 818, 819, 532, 820, 75, 69, 821, 822, 640, 823, 69, 71, 824, 641, 644, 825, 67, 646, 826, 67, 69, 827, 439, 651, 648, 69, 653, 828, 69, 69, 829, 830, 67, 831, 832, 67, 833, 654, 63, 834, 835, 63, 836, 656, 534, 658, 63, 65, 837, 661, 61, 838, 839, 536, 663, 61, 666, 537, 63, 63, 840, 841, 63, 842, 843, 59, 844, 845, 61, 846, 844, 61, 847, 848, 669, 667, 55, 55, 849, 850, 377, 851, 55, 57, 852, 853, 57, 854, 855, 57, 856, 857, 53, 858, 671, 55, 859, 858, 674, 860, 55, 51, 861, 862, 677, 675, 49, 544, 863, 49, 49, 864, 865, 51, 866, 679, 47, 867, 868, 547, 680, 47, 685, 683, 47, 49, 869, 870, 687, 871, 49, 43, 872, 873, 43, 874, 875, 45, 876, 688, 41, 877, 689, 41, 878, 879, 41, 880, 881, 549, 882, 41, 43, 883, 692, 37, 884, 550, 23, 885, 886, 696, 887, 23, 380, 888, 23, 699, 889, 25, 21, 890, 891, 21, 23, 892, 23, 893, 894, 700, 895, 701, 17, 896, 702, 17, 897, 898, 19, 899, 704, 19, 900, 705, 19, 901, 902, 15, 903, 904, 15, 905, 906, 710, 707, 15, 15, 907, 908, 17, 909, 711, 714, 712, 17, 555, 910, 556, 11, 911, 716, 11, 912, 913, 560, 385, 13, 9, 914, 915, 562, 388, 9, 564, 916, 11, 568, 565, 9, 720, 917, 721, 724, 918, 722, 919, 920, 921, 5, 922, 923, 471, 569, 7, 473, 725, 3, 729, 727, 5, 5, 924, 925, 732, 572, 5, 5, 926, 927, 3, 928, 929, 3, 930, 931, 3, 932, 933, 3, 934, 935, 3, 936, 937, 938, 939, 936, 940, 115, 941, 115, 942, 733, 113, 943, 735, 113, 944, 737, 113, 945, 739, 346, 946, 113, 743, 947, 115, 576, 948, 115, 115, 949, 950, 111, 951, 745, 113, 952, 951, 113, 953, 954, 748, 955, 113, 749, 956, 109, 107, 957, 750, 753, 752, 107, 109, 958, 754, 757, 582, 109, 109, 959, 960, 107, 961, 586, 483, 962, 107, 760, 963, 758, 763, 964, 761, 765, 764, 103, 766, 965, 966, 767, 588, 101, 593, 487, 103, 489, 354, 101, 601, 967, 101, 99, 968, 769, 603, 770, 99, 773, 969, 602, 776, 970, 774, 492, 609, 95, 321, 778, 95, 93, 971, 780, 357, 498, 93, 617, 972, 95, 93, 973, 618, 93, 974, 975, 93, 976, 977, 93, 978, 979, 502, 980, 981, 784, 620, 89, 786, 982, 89, 787, 983, 89, 91, 984, 985, 87, 986, 788, 364, 623, 87, 626, 987, 89, 87, 988, 629, 790, 511, 87, 513, 989, 791, 990, 83, 991, 83, 992, 993, 83, 994, 793, 83, 995, 996, 85, 997, 995, 798, 795, 81, 802, 799, 81, 81, 998, 999, 520, 517, 83, 83, 1000, 1001, 525, 1002, 79, 81, 1003, 1004, 807, 805, 81, 1005, 1006, 1007, 77, 1008, 808, 77, 1009, 1010, 75, 1011, 1012, 75, 1013, 1014, 430, 1015, 75, 77, 1016, 1017, 77, 1018, 1019, 73, 1020, 1021, 812, 810, 73, 815, 637, 75, 75, 1022, 816, 820, 818, 75, 69, 1023, 821, 69, 1024, 639, 69, 1025, 1026, 71, 1027, 824, 71, 1028, 1029, 826, 643, 67, 67, 1030, 1031, 649, 827, 69, 830, 652, 69, 69, 1032, 1033, 655, 831, 67, 67, 1034, 1035, 1036, 1037, 1038, 835, 1036, 63, 659, 836, 63, 63, 65, 1039, 65, 832, 837, 61, 1040, 1041, 372, 838, 61, 841, 665, 63, 63, 1036, 842, 844, 59, 61, 61, 1042, 1043, 848, 1044, 61, 1045, 1046, 1047, 57, 1048, 1049, 57, 1050, 1051, 57, 59, 1052, 55, 1053, 538, 850, 1054, 55, 57, 1055, 670, 853, 1056, 57, 857, 854, 57, 858, 53, 55, 860, 1057, 55, 51, 1058, 1059, 862, 1060, 51, 51, 53, 1061, 863, 541, 49, 378, 864, 49, 51, 1062, 1063, 51, 1064, 1065, 51, 1066, 1067, 681, 867, 47, 49, 1068, 685, 871, 869, 49, 43, 1069, 1070, 43, 1071, 1072, 875, 872, 43, 449, 43, 45, 45, 1073, 1074, 879, 877, 41, 41, 1075, 1076, 882, 880, 41, 43, 1077, 883, 37, 1078, 1079, 39, 1080, 1081, 35, 1082, 1083, 35, 1084, 1085, 37, 1086, 884, 37, 1087, 1088, 29, 31, 1089, 887, 885, 23, 889, 697, 25, 21, 1090, 1091, 892, 890, 21, 23, 1092, 1093, 701, 893, 23, 17, 1094, 1095, 898, 896, 17, 19, 1096, 899, 19, 1097, 1098, 902, 900, 19, 904, 1099, 15, 708, 905, 15, 382, 907, 15, 715, 553, 17, 555, 1100, 1101, 15, 1102, 1103, 1104, 1105, 1102, 1106, 1107, 1108, 1109, 1107, 1110, 718, 1111, 1112, 913, 911, 11, 13, 1103, 453, 915, 720, 9, 916, 462, 11, 721, 719, 9, 723, 1113, 720, 921, 1114, 919, 923, 919, 5, 393, 1115, 5, 3, 1116, 1117, 397, 395, 3, 730, 924, 5, 5, 919, 926, 929, 0, 3, 3, 1118, 930, 935, 932, 3, 936, 3, 938, 938, 1119, 1120, 115, 1121, 941, 734, 1122, 115, 115, 1123, 1124, 115, 1125, 1126, 738, 943, 113, 740, 1127, 113, 947, 741, 115, 950, 744, 115, 115, 1128, 1129, 951, 111, 113, 955, 953, 113, 113, 1130, 1131, 113, 1132, 1133, 109, 1134, 1135, 109, 1136, 1137, 956, 1138, 109, 578, 957, 107, 107, 1139, 1140, 755, 958, 109, 960, 1141, 109, 105, 1142, 1143, 105, 1144, 1145, 107, 1146, 961, 399, 1147, 400, 762, 763, 761, 764, 1148, 763, 966, 1149, 766, 768, 590, 101, 103, 763, 1150, 99, 1151, 1152, 967, 598, 101, 771, 968, 99, 606, 773, 607, 774, 1153, 775, 779, 777, 95, 781, 1154, 93, 972, 416, 95, 93, 1155, 973, 977, 974, 93, 979, 1156, 93, 1154, 1157, 978, 1154, 1158, 1159, 981, 1160, 502, 982, 783, 89, 985, 787, 91, 789, 513, 87, 987, 507, 89, 631, 988, 87, 792, 1161, 513, 990, 1162, 1163, 83, 1164, 991, 794, 992, 83, 996, 1165, 83, 85, 1166, 997, 81, 1167, 1168, 800, 797, 81, 803, 998, 81, 83, 990, 1000, 79, 1169, 1170, 81, 1171, 804, 806, 1003, 81, 368, 1172, 1173, 1007, 1174, 1005, 1175, 1176, 1177, 1010, 1008, 77, 77, 79, 1178, 1012, 1179, 75, 75, 1180, 1181, 1015, 1013, 75, 1019, 1016, 77, 1021, 1182, 73, 73, 1183, 1184, 813, 811, 73, 819, 1022, 75, 531, 1185, 1186, 1187, 1188, 1189, 1190, 1188, 1191, 822, 1192, 69, 1026, 1024, 69, 69, 642, 1193, 71, 1194, 1027, 1029, 1195, 71, 1031, 645, 67, 828, 650, 69, 69, 1192, 1032, 67, 1196, 833, 67, 1197, 1198, 1035, 1199, 67, 1034, 1200, 1201, 1200, 1034, 1202, 1038, 1203, 1036, 657, 834, 63, 662, 1039, 65, 61, 1204, 1040, 332, 664, 61, 843, 1205, 63, 1043, 846, 61, 1044, 1206, 61, 61, 1207, 1208, 1047, 61, 1045, 1045, 1209, 1210, 57, 1211, 1212, 1051, 1048, 57, 59, 1213, 1052, 1054, 1053, 55, 851, 1214, 55, 57, 1215, 1216, 855, 852, 57, 57, 1217, 1218, 55, 1219, 859, 55, 1220, 1221, 673, 1222, 674, 51, 1223, 1224, 1060, 1058, 51, 1061, 1225, 51, 865, 678, 49, 1065, 1062, 51, 51, 1226, 1227, 1067, 1228, 51, 684, 682, 47, 49, 1229, 686, 1070, 1230, 43, 1072, 1231, 43, 43, 1232, 874, 1074, 876, 45, 45, 1233, 1234, 45, 1235, 1236, 45, 1237, 1238, 1076, 878, 41, 693, 691, 43, 43, 1239, 1240, 1079, 1241, 37, 37, 1242, 1243, 37, 1244, 1245, 39, 1246, 1080, 35, 1247, 1248, 1085, 1082, 35, 694, 1249, 35, 37, 1250, 1087, 37, 1251, 1252, 31, 1253, 1089, 25, 1254, 1255, 27, 1256, 1257, 886, 1258, 23, 23, 1259, 1260, 25, 1261, 698, 25, 1262, 1263, 25, 1264, 1265, 25, 1266, 1267, 21, 1268, 1090, 23, 1269, 892, 894, 1092, 23, 1270, 1271, 1272, 19, 1273, 1274, 19, 1275, 1276, 703, 1094, 17, 17, 1277, 1278, 19, 1279, 1096, 706, 1097, 19, 19, 1280, 1281, 906, 903, 15, 713, 909, 17, 555, 1282, 1100, 1102, 15, 1104, 1108, 1283, 1106, 1284, 1104, 1109, 1112, 1285, 718, 717, 912, 11, 456, 914, 9, 1113, 917, 720, 919, 1286, 920, 1115, 922, 5, 3, 1287, 1116, 925, 728, 5, 927, 1288, 5, 931, 928, 3, 937, 934, 3, 938, 1289, 1119, 940, 1290, 1291, 1122, 1121, 115, 1126, 1123, 115, 115, 0, 1292, 0, 1293, 1294, 113, 1295, 1296, 1127, 944, 113, 948, 742, 115, 115, 940, 1128, 746, 1297, 111, 1131, 747, 113, 1132, 1298, 1133, 1132, 1299, 1300, 1301, 1302, 1303, 1301, 1304, 1305, 109, 1306, 1307, 1137, 1134, 109, 1138, 1308, 109, 107, 1309, 1310, 1140, 579, 107, 1141, 756, 109, 109, 1301, 1311, 105, 1312, 1142, 105, 1313, 1144, 962, 1146, 107, 399, 1314, 1315, 763, 1316, 964, 1148, 1317, 763, 766, 1318, 965, 1150, 594, 103, 597, 1151, 99, 969, 604, 602, 610, 1153, 774, 615, 971, 93, 975, 1155, 93, 978, 93, 1154, 1154, 1319, 1158, 502, 1320, 980, 983, 785, 89, 622, 986, 87, 1161, 514, 513, 1163, 1321, 990, 993, 1164, 83, 995, 83, 85, 81, 1322, 1167, 999, 801, 81, 1001, 1323, 83, 1170, 1324, 79, 1004, 1171, 81, 368, 1325, 1172, 1177, 1006, 1175, 1175, 809, 1326, 1178, 1009, 77, 75, 1327, 1328, 1181, 1011, 75, 1017, 634, 77, 1184, 1020, 73, 817, 814, 75, 531, 1329, 1185, 73, 1330, 1331, 1332, 1333, 1330, 1189, 1334, 1187, 1335, 1332, 1190, 1192, 1336, 1337, 823, 1023, 69, 642, 69, 71, 71, 1338, 1028, 71, 1331, 1339, 67, 1340, 1341, 647, 1030, 67, 1033, 1342, 69, 1198, 1196, 67, 1034, 1343, 1035, 1202, 1344, 1200, 1036, 1345, 1037, 1039, 660, 63, 1041, 1045, 61, 1205, 840, 63, 1206, 1042, 61, 1047, 1207, 61, 1045, 1346, 1209, 1347, 1348, 1349, 1347, 57, 1350, 57, 1351, 1352, 57, 1353, 1211, 1052, 1050, 57, 55, 1354, 1355, 1214, 849, 55, 1056, 1215, 57, 57, 1347, 1217, 55, 1356, 1219, 55, 1357, 1358, 1057, 1220, 55, 673, 1359, 1360, 1361, 1362, 1363, 1361, 1364, 1365, 51, 1366, 1223, 1225, 861, 51, 49, 1367, 1368, 1063, 866, 51, 1228, 1226, 51, 51, 1361, 1369, 870, 1068, 49, 49, 1370, 1371, 49, 1372, 1373, 1372, 1374, 1375, 1376, 1377, 1378, 1379, 1377, 1380, 1381, 45, 1382, 1231, 1069, 43, 449, 1232, 43, 1236, 1233, 45, 1238, 1383, 45, 881, 1075, 41, 1240, 1384, 43, 43, 1385, 1386, 37, 1387, 1078, 37, 1388, 1389, 37, 1390, 1242, 37, 1081, 1244, 39, 1391, 1246, 1083, 1247, 35, 35, 1392, 1393, 37, 1394, 1086, 37, 1395, 1396, 1252, 1250, 37, 37, 1397, 1398, 1089, 1399, 29, 31, 1400, 1401, 31, 1402, 1403, 1404, 25, 1405, 25, 1406, 1407, 1255, 1408, 25, 27, 1409, 1256, 1260, 695, 23, 23, 1410, 1411, 1263, 1261, 25, 1267, 1264, 25, 25, 1412, 1413, 1091, 1414, 21, 23, 1415, 1269, 23, 1416, 1417, 1093, 1418, 23, 700, 1419, 1420, 1421, 1422, 1423, 1270, 1423, 1271, 1274, 1421, 19, 1276, 1424, 19, 19, 21, 1425, 1095, 1426, 17, 1278, 1427, 17, 19, 1428, 1279, 1281, 901, 19, 908, 709, 15, 1101, 1429, 555, 1104, 1430, 1105, 1110, 1284, 1109, 718, 1431, 1111, 558, 718, 11, 465, 7, 9, 923, 1286, 919, 1117, 938, 3, 1288, 731, 5, 933, 1118, 3, 1120, 1432, 938, 1291, 1433, 940, 1124, 942, 115, 1294, 1292, 0, 113, 1434, 1295, 946, 945, 113, 1129, 1435, 115, 113, 1436, 952, 1133, 1130, 113, 1132, 1437, 1299, 1305, 1302, 1301, 1307, 1301, 109, 1308, 1136, 109, 107, 1438, 1309, 347, 1139, 107, 1311, 1439, 109, 1143, 1440, 105, 585, 1313, 105, 399, 1441, 1314, 1317, 1316, 763, 589, 1318, 766, 612, 97, 99, 780, 1442, 781, 1156, 976, 93, 1159, 1443, 1154, 503, 1320, 502, 628, 1166, 85, 990, 1444, 1162, 1165, 994, 83, 1168, 368, 81, 1323, 522, 83, 1002, 1169, 79, 1173, 1445, 368, 1175, 1446, 1176, 809, 1175, 77, 75, 1447, 1327, 1014, 1180, 75, 77, 1175, 1448, 636, 1183, 73, 1186, 1449, 531, 1330, 73, 1332, 1332, 1450, 1451, 1191, 1335, 1190, 1337, 1452, 1192, 1193, 1025, 69, 1339, 1338, 71, 1341, 1034, 67, 1342, 829, 69, 1199, 1197, 67, 1201, 1453, 1034, 835, 1345, 1036, 839, 1204, 61, 1208, 847, 61, 1210, 1454, 1045, 1349, 1455, 1347, 1352, 1350, 57, 1049, 1353, 57, 55, 1456, 1354, 1216, 1055, 57, 1218, 1457, 57, 672, 1458, 53, 1221, 1357, 55, 673, 1459, 1359, 1365, 1362, 1361, 1059, 1366, 51, 49, 1460, 1367, 1227, 1064, 51, 1369, 1461, 51, 1371, 1229, 49, 1372, 1462, 1373, 1372, 1463, 1374, 1378, 1464, 1376, 1381, 1465, 1379, 1382, 1466, 1381, 45, 47, 1467, 1230, 1468, 1469, 873, 1071, 43, 1383, 1235, 45, 1384, 1077, 43, 43, 1470, 1471, 43, 1230, 1385, 41, 1472, 1473, 1389, 1387, 37, 1245, 1390, 37, 39, 1474, 1391, 1393, 1084, 35, 35, 1475, 1476, 1396, 1394, 37, 1398, 1251, 37, 37, 1477, 1478, 29, 1479, 1480, 29, 1481, 1482, 1399, 1483, 29, 1401, 1484, 31, 1403, 1485, 31, 31, 1486, 1487, 31, 1488, 1489, 27, 1490, 1491, 29, 1492, 1490, 1404, 1493, 1494, 25, 1495, 1405, 1408, 1406, 25, 25, 1496, 1497, 1257, 25, 27, 23, 1498, 1499, 1411, 1259, 23, 1265, 1262, 25, 25, 1404, 1412, 891, 1268, 21, 1418, 1416, 23, 700, 1500, 1419, 1272, 1501, 1270, 1274, 1502, 1421, 1425, 1275, 19, 17, 1503, 1504, 1427, 897, 17, 1098, 1428, 19, 1429, 910, 555, 1104, 1505, 1430, 1106, 1110, 1107, 558, 1431, 718, 1114, 1506, 919, 726, 1287, 3, 1432, 939, 938, 940, 1507, 1290, 1292, 1125, 115, 1296, 1132, 113, 1435, 949, 115, 954, 1436, 113, 1300, 1508, 1132, 1301, 1509, 1304, 1135, 1306, 109, 1310, 399, 107, 1439, 959, 109, 1145, 1312, 105, 1315, 1510, 399, 1149, 1511, 766, 970, 1512, 774, 1443, 1157, 1154, 788, 1513, 789, 991, 1444, 990, 796, 1322, 81, 1445, 633, 368, 1326, 1446, 1175, 1328, 531, 75, 1448, 1018, 77, 1449, 638, 531, 1451, 1333, 1332, 1187, 1191, 1188, 1192, 1514, 1336, 1195, 1194, 71, 825, 1340, 67, 1453, 1343, 1034, 1040, 1515, 1041, 1454, 1046, 1045, 1347, 1516, 1348, 1212, 1351, 57, 1355, 673, 55, 1457, 856, 57, 1358, 1356, 55, 1360, 1517, 673, 1361, 1518, 1364, 1224, 1361, 51, 1368, 1372, 49, 1461, 1066, 51, 1373, 1370, 49, 1375, 1519, 1372, 1380, 1381, 1379, 1467, 1382, 45, 1469, 1520, 1230, 1234, 1073, 45, 45, 1381, 1521, 1471, 1239, 43, 1386, 1522, 43, 41, 1523, 1472, 41, 1524, 1525, 1526, 1527, 1528, 1241, 1529, 1530, 1243, 1388, 37, 39, 1531, 1474, 35, 1532, 1533, 1476, 1392, 35, 1088, 1395, 37, 37, 1241, 1477, 29, 1534, 1535, 29, 1536, 1537, 1482, 1479, 29, 1483, 1538, 29, 1485, 1400, 31, 1489, 1486, 31, 1490, 27, 29, 1539, 1540, 1541, 1494, 1542, 1404, 1407, 1495, 25, 1257, 1496, 25, 23, 1543, 1498, 888, 1410, 23, 1413, 1544, 25, 1417, 1415, 23, 1420, 1545, 700, 1421, 1546, 1422, 1424, 1273, 19, 17, 1547, 1503, 704, 1277, 17, 19, 1421, 1548, 1099, 1549, 15, 1284, 1505, 1104, 915, 1550, 720, 929, 1293, 0, 941, 1507, 940, 736, 1434, 113, 1508, 1298, 1132, 1307, 1509, 1301, 751, 1438, 107, 1510, 1147, 399, 1152, 602, 99, 1160, 1551, 502, 1167, 1552, 1168, 1005, 1175, 1006, 1179, 1447, 75, 1182, 1553, 73, 1335, 1450, 1332, 822, 1514, 1192, 832, 65, 67, 845, 1213, 59, 1350, 1516, 1347, 668, 1456, 55, 1517, 1222, 673, 1224, 1518, 1361, 676, 1460, 49, 1519, 1462, 1372, 1381, 1554, 1465, 1466, 1555, 1381, 1230, 1556, 1468, 1521, 1237, 45, 41, 1557, 1558, 1522, 1470, 43, 41, 1559, 1523, 1525, 1560, 41, 1528, 1561, 1526, 1524, 1527, 1562, 1530, 1563, 1241, 1081, 37, 39, 39, 1473, 1564, 35, 1565, 1532, 1249, 1475, 35, 1478, 1566, 37, 31, 1567, 1568, 31, 1569, 1570, 1537, 1534, 29, 29, 1571, 1481, 31, 1572, 1253, 1487, 1402, 31, 31, 1573, 1574, 29, 1575, 1492, 29, 1576, 1577, 29, 1578, 1579, 1541, 29, 1539, 1404, 1580, 1493, 1497, 1254, 25, 1499, 700, 23, 1544, 1266, 25, 1545, 895, 700, 1502, 1546, 1421, 1504, 555, 17, 1548, 1280, 19, 1103, 13, 15, 1116, 1581, 1117, 1295, 1582, 1296, 1303, 1583, 1301, 1440, 765, 105, 782, 984, 91, 1324, 1178, 79, 1553, 1332, 73, 1452, 1584, 1192, 1203, 1585, 1036, 1354, 1586, 1355, 1363, 1587, 1361, 868, 1467, 47, 1555, 1554, 1381, 1070, 1556, 1230, 690, 1557, 41, 1560, 1559, 41, 1524, 1588, 1589, 1562, 1590, 1524, 1241, 1591, 1529, 1564, 1531, 39, 1533, 1592, 35, 1566, 1397, 37, 35, 1593, 1594, 35, 1595, 1596, 31, 1597, 1598, 1570, 1567, 31, 29, 1599, 1600, 1480, 1536, 29, 1484, 1572, 31, 31, 1601, 1573, 1577, 1575, 29, 29, 1602, 1603, 1541, 1578, 29, 1539, 1604, 1605, 1405, 1580, 1404, 1258, 1543, 23, 1423, 1270, 1421, 1426, 1547, 17, 1285, 1606, 718, 1297, 749, 111, 758, 762, 759, 1327, 1607, 1328, 1341, 1608, 1034, 1458, 1061, 53, 1376, 1380, 1377, 1558, 1524, 41, 1589, 1525, 1524, 1526, 1562, 1527, 1079, 1591, 1241, 1248, 1565, 35, 33, 35, 1609, 1594, 1610, 35, 1596, 1611, 35, 1592, 1612, 1613, 31, 1614, 1597, 1568, 1615, 31, 31, 33, 1616, 29, 1617, 1599, 1538, 1571, 29, 1574, 1618, 31, 29, 1619, 1576, 1579, 1602, 29, 1539, 1620, 1604, 1498, 1621, 1499, 1503, 1622, 1504, 1433, 1623, 940, 1321, 1624, 990, 1455, 1625, 1347, 1520, 1626, 1230, 1590, 1588, 1524, 1532, 1627, 1533, 1609, 1628, 33, 1610, 1629, 35, 1611, 1630, 35, 1613, 35, 1592, 1592, 1631, 1632, 1601, 1633, 1634, 1601, 31, 1635, 1615, 1614, 31, 1616, 1636, 31, 33, 1637, 1638, 1600, 1539, 29, 1618, 1488, 31, 1603, 1619, 29, 1605, 1639, 1539, 1414, 1425, 21, 1309, 1640, 1310, 1367, 1641, 1368, 1563, 1642, 1241, 1629, 1609, 35, 1613, 1595, 35, 1592, 1643, 1631, 1634, 1644, 1601, 1598, 1635, 31, 1638, 1616, 33, 1535, 1617, 29, 1639, 1540, 1539, 1549, 1104, 15, 1473, 39, 41, 1630, 1593, 35, 1632, 1645, 1592, 1601, 1646, 1633, 1636, 1569, 31, 1491, 1409, 27, 1331, 71, 73, 1645, 1612, 1592, 1635, 1646, 1601, 1542, 1647, 1404, 1644, 1648, 1601, 1628, 1637, 33, 1599, 1649, 1600, 1650, 1399, 1089, 1089, 1651, 1650, 1652, 1651, 1089, 1653, 1652, 1253, 1654, 1653, 1572, 1655, 1654, 1484, 1656, 1655, 1401, 1657, 1656, 1400, 1658, 1657, 1485, 1659, 1658, 1403, 1660, 1659, 1402, 1661, 1660, 1487, 1662, 1661, 1486, 1663, 1662, 1489, 1664, 1663, 1488, 1488, 1618, 1664, 1489, 1488, 1663, 1486, 1489, 1662, 1487, 1486, 1661, 1402, 1487, 1660, 1403, 1402, 1659, 1485, 1403, 1658, 1400, 1485, 1657, 1401, 1400, 1656, 1484, 1401, 1655, 1572, 1484, 1654, 1253, 1572, 1653, 1089, 1253, 1652, 1665, 1666, 1599, 1667, 1665, 1617, 1668, 1667, 1535, 1669, 1668, 1534, 1670, 1669, 1537, 1671, 1670, 1536, 1672, 1671, 1480, 1673, 1672, 1479, 1674, 1673, 1482, 1675, 1674, 1481, 1676, 1675, 1571, 1677, 1676, 1538, 1650, 1677, 1483, 1483, 1399, 1650, 1538, 1483, 1677, 1571, 1538, 1676, 1481, 1571, 1675, 1482, 1481, 1674, 1479, 1482, 1673, 1480, 1479, 1672, 1536, 1480, 1671, 1537, 1536, 1670, 1534, 1537, 1669, 1535, 1534, 1668, 1617, 1535, 1667, 1599, 1617, 1665, 1678, 1638, 1637, 1637, 1679, 1678, 1680, 1679, 1637, 1681, 1680, 1628, 1682, 1681, 1609, 1683, 1682, 1629, 1684, 1683, 1610, 1685, 1684, 1594, 1686, 1685, 1593, 1687, 1686, 1630, 1688, 1687, 1611, 1689, 1688, 1596, 1690, 1689, 1595, 1691, 1690, 1613, 1692, 1691, 1612, 1612, 1645, 1692, 1613, 1612, 1691, 1595, 1613, 1690, 1596, 1595, 1689, 1611, 1596, 1688, 1630, 1611, 1687, 1593, 1630, 1686, 1594, 1593, 1685, 1610, 1594, 1684, 1629, 1610, 1683, 1609, 1629, 1682, 1628, 1609, 1681, 1637, 1628, 1680, 1693, 1694, 1633, 1695, 1693, 1646, 1696, 1695, 1635, 1697, 1696, 1598, 1698, 1697, 1597, 1699, 1698, 1614, 1700, 1699, 1615, 1701, 1700, 1568, 1702, 1701, 1567, 1703, 1702, 1570, 1704, 1703, 1569, 1705, 1704, 1636, 1678, 1705, 1616, 1616, 1638, 1678, 1636, 1616, 1705, 1569, 1636, 1704, 1570, 1569, 1703, 1567, 1570, 1702, 1568, 1567, 1701, 1615, 1568, 1700, 1614, 1615, 1699, 1597, 1614, 1698, 1598, 1597, 1697, 1635, 1598, 1696, 1646, 1635, 1695, 1633, 1646, 1693, 1706, 694, 550, 550, 1707, 1706, 1708, 1707, 550, 1709, 1708, 884, 1710, 1709, 1086, 1711, 1710, 1394, 1712, 1711, 1396, 1713, 1712, 1395, 1714, 1713, 1088, 1715, 1714, 1087, 1716, 1715, 1250, 1717, 1716, 1252, 1718, 1717, 1251, 1719, 1718, 1398, 1720, 1719, 1397, 1397, 1566, 1720, 1398, 1397, 1719, 1251, 1398, 1718, 1252, 1251, 1717, 1250, 1252, 1716, 1087, 1250, 1715, 1088, 1087, 1714, 1395, 1088, 1713, 1396, 1395, 1712, 1394, 1396, 1711, 1086, 1394, 1710, 884, 1086, 1709, 550, 884, 1708, 1721, 1722, 1532, 1723, 1721, 1565, 1724, 1723, 1248, 1725, 1724, 1247, 1726, 1725, 1083, 1727, 1726, 1082, 1728, 1727, 1085, 1729, 1728, 1084, 1730, 1729, 1393, 1731, 1730, 1392, 1732, 1731, 1476, 1733, 1732, 1475, 1706, 1733, 1249, 1249, 694, 1706, 1475, 1249, 1733, 1476, 1475, 1732, 1392, 1476, 1731, 1393, 1392, 1730, 1084, 1393, 1729, 1085, 1084, 1728, 1082, 1085, 1727, 1083, 1082, 1726, 1247, 1083, 1725, 1248, 1247, 1724, 1565, 1248, 1723, 1532, 1565, 1721, 1734, 1080, 1246, 1246, 1735, 1734, 1736, 1735, 1246, 1737, 1736, 1391, 1738, 1737, 1474, 1739, 1738, 1531, 1740, 1739, 1564, 1741, 1740, 1473, 1742, 1741, 1472, 1743, 1742, 1523, 1744, 1743, 1559, 1745, 1744, 1560, 1746, 1745, 1525, 1747, 1746, 1589, 1748, 1747, 1588, 1588, 1590, 1748, 1589, 1588, 1747, 1525, 1589, 1746, 1560, 1525, 1745, 1559, 1560, 1744, 1523, 1559, 1743, 1472, 1523, 1742, 1473, 1472, 1741, 1564, 1473, 1740, 1531, 1564, 1739, 1474, 1531, 1738, 1391, 1474, 1737, 1246, 1391, 1736, 1749, 1750, 1529, 1751, 1749, 1591, 1752, 1751, 1079, 1753, 1752, 1078, 1754, 1753, 1387, 1755, 1754, 1389, 1756, 1755, 1388, 1757, 1756, 1243, 1758, 1757, 1242, 1759, 1758, 1390, 1760, 1759, 1245, 1761, 1760, 1244, 1734, 1761, 1081, 1081, 1080, 1734, 1244, 1081, 1761, 1245, 1244, 1760, 1390, 1245, 1759, 1242, 1390, 1758, 1243, 1242, 1757, 1388, 1243, 1756, 1389, 1388, 1755, 1387, 1389, 1754, 1078, 1387, 1753, 1079, 1078, 1752, 1591, 1079, 1751, 1529, 1591, 1749, 1762, 378, 447, 447, 1763, 1762, 1764, 1763, 447, 1765, 1764, 545, 1766, 1765, 679, 1767, 1766, 866, 1768, 1767, 1063, 1769, 1768, 1062, 1770, 1769, 1065, 1771, 1770, 1064, 1772, 1771, 1227, 1773, 1772, 1226, 1774, 1773, 1228, 1775, 1774, 1067, 1776, 1775, 1066, 1066, 1461, 1776, 1067, 1066, 1775, 1228, 1067, 1774, 1226, 1228, 1773, 1227, 1226, 1772, 1064, 1227, 1771, 1065, 1064, 1770, 1062, 1065, 1769, 1063, 1062, 1768, 866, 1063, 1767, 679, 866, 1766, 545, 679, 1765, 447, 545, 1764, 1777, 1778, 1367, 1779, 1777, 1460, 1780, 1779, 676, 1781, 1780, 675, 1782, 1781, 677, 1783, 1782, 542, 1784, 1783, 541, 1785, 1784, 863, 1786, 1785, 544, 1787, 1786, 543, 1788, 1787, 678, 1789, 1788, 865, 1762, 1789, 864, 864, 378, 1762, 865, 864, 1789, 678, 865, 1788, 543, 678, 1787, 544, 543, 1786, 863, 544, 1785, 541, 863, 1784, 542, 541, 1783, 677, 542, 1782, 675, 677, 1781, 676, 675, 1780, 1460, 676, 1779, 1367, 1460, 1777, 1790, 684, 683, 683, 1791, 1790, 1792, 1791, 683, 1793, 1792, 685, 1794, 1793, 1068, 1795, 1794, 870, 1796, 1795, 869, 1797, 1796, 871, 1798, 1797, 687, 1799, 1798, 686, 1800, 1799, 1229, 1801, 1800, 1371, 1802, 1801, 1370, 1803, 1802, 1373, 1804, 1803, 1462, 1462, 1519, 1804, 1373, 1462, 1803, 1370, 1373, 1802, 1371, 1370, 1801, 1229, 1371, 1800, 686, 1229, 1799, 687, 686, 1798, 871, 687, 1797, 869, 871, 1796, 870, 869, 1795, 1068, 870, 1794, 685, 1068, 1793, 683, 685, 1792, 1805, 1806, 1465, 1807, 1805, 1554, 1808, 1807, 1555, 1809, 1808, 1466, 1810, 1809, 1382, 1811, 1810, 1467, 1812, 1811, 868, 1813, 1812, 867, 1814, 1813, 681, 1815, 1814, 680, 1816, 1815, 547, 1817, 1816, 546, 1790, 1817, 682, 682, 684, 1790, 546, 682, 1817, 547, 546, 1816, 680, 547, 1815, 681, 680, 1814, 867, 681, 1813, 868, 867, 1812, 1467, 868, 1811, 1382, 1467, 1810, 1466, 1382, 1809, 1555, 1466, 1808, 1554, 1555, 1807, 1465, 1554, 1805, 1818, 334, 333, 333, 1819, 1818, 1820, 1819, 333, 1821, 1820, 335, 1822, 1821, 450, 1823, 1822, 691, 1824, 1823, 693, 1825, 1824, 692, 1826, 1825, 883, 1827, 1826, 1077, 1828, 1827, 1384, 1829, 1828, 1240, 1830, 1829, 1239, 1831, 1830, 1471, 1832, 1831, 1470, 1470, 1522, 1832, 1471, 1470, 1831, 1239, 1471, 1830, 1240, 1239, 1829, 1384, 1240, 1828, 1077, 1384, 1827, 883, 1077, 1826, 692, 883, 1825, 693, 692, 1824, 691, 693, 1823, 450, 691, 1822, 335, 450, 1821, 333, 335, 1820, 1833, 1834, 1558, 1835, 1833, 1557, 1836, 1835, 690, 1837, 1836, 689, 1838, 1837, 877, 1839, 1838, 879, 1840, 1839, 878, 1841, 1840, 1076, 1842, 1841, 1075, 1843, 1842, 881, 1844, 1843, 880, 1845, 1844, 882, 1818, 1845, 549, 549, 334, 1818, 882, 549, 1845, 880, 882, 1844, 881, 880, 1843, 1075, 881, 1842, 1076, 1075, 1841, 878, 1076, 1840, 879, 878, 1839, 877, 879, 1838, 689, 877, 1837, 690, 689, 1836, 1557, 690, 1835, 1558, 1557, 1833, 1846, 448, 548, 548, 1847, 1846, 1848, 1847, 548, 1849, 1848, 688, 1850, 1849, 876, 1851, 1850, 1074, 1852, 1851, 1073, 1853, 1852, 1234, 1854, 1853, 1233, 1855, 1854, 1236, 1856, 1855, 1235, 1857, 1856, 1383, 1858, 1857, 1238, 1859, 1858, 1237, 1860, 1859, 1521, 1521, 1381, 1860, 1237, 1521, 1859, 1238, 1237, 1858, 1383, 1238, 1857, 1235, 1383, 1856, 1236, 1235, 1855, 1233, 1236, 1854, 1234, 1233, 1853, 1073, 1234, 1852, 1074, 1073, 1851, 876, 1074, 1850, 688, 876, 1849, 548, 688, 1848, 1861, 1862, 1468, 1863, 1861, 1556, 1864, 1863, 1070, 1865, 1864, 1069, 1866, 1865, 1231, 1867, 1866, 1072, 1868, 1867, 1071, 1869, 1868, 873, 1870, 1869, 872, 1871, 1870, 875, 1872, 1871, 874, 1873, 1872, 1232, 1846, 1873, 449, 449, 448, 1846, 1232, 449, 1873, 874, 1232, 1872, 875, 874, 1871, 872, 875, 1870, 873, 872, 1869, 1071, 873, 1868, 1072, 1071, 1867, 1231, 1072, 1866, 1069, 1231, 1865, 1070, 1069, 1864, 1556, 1070, 1863, 1468, 1556, 1861, 1874, 471, 470, 470, 1875, 1874, 1876, 1875, 470, 1877, 1876, 570, 1878, 1877, 465, 1879, 1878, 464, 1880, 1879, 467, 1881, 1880, 466, 1882, 1881, 566, 1883, 1882, 565, 1884, 1883, 568, 1885, 1884, 567, 1886, 1885, 719, 1887, 1886, 721, 1888, 1887, 917, 917, 1113, 1888, 721, 917, 1887, 719, 721, 1886, 567, 719, 1885, 568, 567, 1884, 565, 568, 1883, 566, 565, 1882, 466, 566, 1881, 467, 466, 1880, 464, 467, 1879, 465, 464, 1878, 570, 465, 1877, 470, 570, 1876, 1889, 1890, 920, 1891, 1889, 1286, 1892, 1891, 923, 1893, 1892, 922, 1894, 1893, 1115, 1895, 1894, 393, 1896, 1895, 392, 1897, 1896, 468, 1898, 1897, 469, 1899, 1898, 394, 1900, 1899, 343, 1901, 1900, 342, 1874, 1901, 569, 569, 471, 1874, 342, 569, 1901, 343, 342, 1900, 394, 343, 1899, 469, 394, 1898, 468, 469, 1897, 392, 468, 1896, 393, 392, 1895, 1115, 393, 1894, 922, 1115, 1893, 923, 922, 1892, 1286, 923, 1891, 920, 1286, 1889, 1902, 338, 337, 337, 1903, 1902, 1904, 1903, 337, 1905, 1904, 339, 1906, 1905, 461, 1907, 1906, 391, 1908, 1907, 390, 1909, 1908, 309, 1910, 1909, 308, 1911, 1910, 340, 1912, 1911, 311, 1913, 1912, 310, 1914, 1913, 341, 1915, 1914, 463, 1916, 1915, 462, 462, 916, 1916, 463, 462, 1915, 341, 463, 1914, 310, 341, 1913, 311, 310, 1912, 340, 311, 1911, 308, 340, 1910, 309, 308, 1909, 390, 309, 1908, 391, 390, 1907, 461, 391, 1906, 339, 461, 1905, 337, 339, 1904, 1917, 1918, 915, 1919, 1917, 914, 1920, 1919, 456, 1921, 1920, 455, 1922, 1921, 458, 1923, 1922, 457, 1924, 1923, 387, 1925, 1924, 386, 1926, 1925, 459, 1927, 1926, 460, 1928, 1927, 389, 1929, 1928, 388, 1902, 1929, 562, 562, 338, 1902, 388, 562, 1929, 389, 388, 1928, 460, 389, 1927, 459, 460, 1926, 386, 459, 1925, 387, 386, 1924, 457, 387, 1923, 458, 457, 1922, 455, 458, 1921, 456, 455, 1920, 914, 456, 1919, 915, 914, 1917, 1930, 382, 381, 381, 1931, 1930, 1932, 1931, 381, 1933, 1932, 383, 1934, 1933, 552, 1935, 1934, 711, 1936, 1935, 909, 1937, 1936, 713, 1938, 1937, 712, 1939, 1938, 714, 1940, 1939, 554, 1941, 1940, 553, 1942, 1941, 715, 1943, 1942, 556, 1944, 1943, 910, 910, 1429, 1944, 556, 910, 1943, 715, 556, 1942, 553, 715, 1941, 554, 553, 1940, 714, 554, 1939, 712, 714, 1938, 713, 712, 1937, 909, 713, 1936, 711, 909, 1935, 552, 711, 1934, 383, 552, 1933, 381, 383, 1932, 1945, 1946, 1104, 1947, 1945, 1549, 1948, 1947, 1099, 1949, 1948, 904, 1950, 1949, 903, 1951, 1950, 906, 1952, 1951, 905, 1953, 1952, 708, 1954, 1953, 707, 1955, 1954, 710, 1956, 1955, 709, 1957, 1956, 908, 1930, 1957, 907, 907, 382, 1930, 908, 907, 1957, 709, 908, 1956, 710, 709, 1955, 707, 710, 1954, 708, 707, 1953, 905, 708, 1952, 906, 905, 1951, 903, 906, 1950, 904, 903, 1949, 1099, 904, 1948, 1549, 1099, 1947, 1104, 1549, 1945, 1958, 299, 307, 307, 1959, 1958, 1960, 1959, 307, 1961, 1960, 336, 1962, 1961, 385, 1963, 1962, 560, 1964, 1963, 559, 1965, 1964, 561, 1966, 1965, 454, 1967, 1966, 453, 1968, 1967, 1103, 1969, 1968, 1102, 1970, 1969, 1105, 1971, 1970, 1430, 1972, 1971, 1505, 1505, 1284, 1972, 1430, 1505, 1971, 1105, 1430, 1970, 1102, 1105, 1969, 1103, 1102, 1968, 453, 1103, 1967, 454, 453, 1966, 561, 454, 1965, 559, 561, 1964, 560, 559, 1963, 385, 560, 1962, 336, 385, 1961, 307, 336, 1960, 1973, 1974, 1111, 1975, 1973, 1431, 1976, 1975, 558, 1977, 1976, 557, 1978, 1977, 716, 1979, 1978, 911, 1980, 1979, 913, 1981, 1980, 912, 1982, 1981, 717, 1983, 1982, 452, 1984, 1983, 451, 1985, 1984, 384, 1958, 1985, 300, 300, 299, 1958, 384, 300, 1985, 451, 384, 1984, 452, 451, 1983, 717, 452, 1982, 912, 717, 1981, 913, 912, 1980, 911, 913, 1979, 716, 911, 1978, 557, 716, 1977, 558, 557, 1976, 1431, 558, 1975, 1111, 1431, 1973, 1986, 704, 899, 899, 1987, 1986, 1988, 1987, 899, 1989, 1988, 1096, 1990, 1989, 1279, 1991, 1990, 1428, 1992, 1991, 1098, 1993, 1992, 1097, 1994, 1993, 706, 1995, 1994, 705, 1996, 1995, 900, 1997, 1996, 902, 1998, 1997, 901, 1999, 1998, 1281, 2000, 1999, 1280, 1280, 1548, 2000, 1281, 1280, 1999, 901, 1281, 1998, 902, 901, 1997, 900, 902, 1996, 705, 900, 1995, 706, 705, 1994, 1097, 706, 1993, 1098, 1097, 1992, 1428, 1098, 1991, 1279, 1428, 1990, 1096, 1279, 1989, 899, 1096, 1988, 2001, 2002, 1503, 2003, 2001, 1547, 2004, 2003, 1426, 2005, 2004, 1095, 2006, 2005, 1094, 2007, 2006, 703, 2008, 2007, 702, 2009, 2008, 896, 2010, 2009, 898, 2011, 2010, 897, 2012, 2011, 1427, 2013, 2012, 1278, 1986, 2013, 1277, 1277, 704, 1986, 1278, 1277, 2013, 1427, 1278, 2012, 897, 1427, 2011, 898, 897, 2010, 896, 898, 2009, 702, 896, 2008, 703, 702, 2007, 1094, 703, 2006, 1095, 1094, 2005, 1426, 1095, 2004, 1547, 1426, 2003, 1503, 1547, 2001, 2014, 891, 890, 890, 2015, 2014, 2016, 2015, 890, 2017, 2016, 892, 2018, 2017, 1269, 2019, 2018, 1415, 2020, 2019, 1417, 2021, 2020, 1416, 2022, 2021, 1418, 2023, 2022, 1093, 2024, 2023, 1092, 2025, 2024, 894, 2026, 2025, 893, 2027, 2026, 701, 2028, 2027, 895, 895, 1545, 2028, 701, 895, 2027, 893, 701, 2026, 894, 893, 2025, 1092, 894, 2024, 1093, 1092, 2023, 1418, 1093, 2022, 1416, 1418, 2021, 1417, 1416, 2020, 1415, 1417, 2019, 1269, 1415, 2018, 892, 1269, 2017, 890, 892, 2016, 2029, 2030, 1422, 2031, 2029, 1546, 2032, 2031, 1502, 2033, 2032, 1274, 2034, 2033, 1273, 2035, 2034, 1424, 2036, 2035, 1276, 2037, 2036, 1275, 2038, 2037, 1425, 2039, 2038, 1414, 2040, 2039, 1091, 2041, 2040, 1090, 2014, 2041, 1268, 1268, 891, 2014, 1090, 1268, 2041, 1091, 1090, 2040, 1414, 1091, 2039, 1425, 1414, 2038, 1275, 1425, 2037, 1276, 1275, 2036, 1424, 1276, 2035, 1273, 1424, 2034, 1274, 1273, 2033, 1502, 1274, 2032, 1546, 1502, 2031, 1422, 1546, 2029, 2042, 380, 379, 379, 2043, 2042, 2044, 2043, 379, 2045, 2044, 551, 2046, 2045, 697, 2047, 2046, 889, 2048, 2047, 699, 2049, 2048, 698, 2050, 2049, 1261, 2051, 2050, 1263, 2052, 2051, 1262, 2053, 2052, 1265, 2054, 2053, 1264, 2055, 2054, 1267, 2056, 2055, 1266, 1266, 1544, 2056, 1267, 1266, 2055, 1264, 1267, 2054, 1265, 1264, 2053, 1262, 1265, 2052, 1263, 1262, 2051, 1261, 1263, 2050, 698, 1261, 2049, 699, 698, 2048, 889, 699, 2047, 697, 889, 2046, 551, 697, 2045, 379, 551, 2044, 2057, 2058, 1498, 2059, 2057, 1543, 2060, 2059, 1258, 2061, 2060, 886, 2062, 2061, 885, 2063, 2062, 887, 2064, 2063, 696, 2065, 2064, 695, 2066, 2065, 1260, 2067, 2066, 1259, 2068, 2067, 1411, 2069, 2068, 1410, 2042, 2069, 888, 888, 380, 2042, 1410, 888, 2069, 1411, 1410, 2068, 1259, 1411, 2067, 1260, 1259, 2066, 695, 1260, 2065, 696, 695, 2064, 887, 696, 2063, 885, 887, 2062, 886, 885, 2061, 1258, 886, 2060, 1543, 1258, 2059, 1498, 1543, 2057, 2070, 1409, 1491, 1491, 2071, 2070, 2072, 2071, 1491, 2073, 2072, 1490, 2074, 2073, 1492, 2075, 2074, 1575, 2076, 2075, 1577, 2077, 2076, 1576, 2078, 2077, 1619, 2079, 2078, 1603, 2080, 2079, 1602, 2081, 2080, 1579, 2082, 2081, 1578, 2083, 2082, 1541, 2084, 2083, 1540, 1540, 1639, 2084, 1541, 1540, 2083, 1578, 1541, 2082, 1579, 1578, 2081, 1602, 1579, 2080, 1603, 1602, 2079, 1619, 1603, 2078, 1576, 1619, 2077, 1577, 1576, 2076, 1575, 1577, 2075, 1492, 1575, 2074, 1490, 1492, 2073, 1491, 1490, 2072, 2085, 2086, 1493, 2087, 2085, 1580, 2088, 2087, 1405, 2089, 2088, 1495, 2090, 2089, 1407, 2091, 2090, 1406, 2092, 2091, 1408, 2093, 2092, 1255, 2094, 2093, 1254, 2095, 2094, 1497, 2096, 2095, 1496, 2097, 2096, 1257, 2070, 2097, 1256, 1256, 1409, 2070, 1257, 1256, 2097, 1496, 1257, 2096, 1497, 1496, 2095, 1254, 1497, 2094, 1255, 1254, 2093, 1408, 1255, 2092, 1406, 1408, 2091, 1407, 1406, 2090, 1495, 1407, 2089, 1405, 1495, 2088, 1580, 1405, 2087, 1493, 1580, 2085, 2098, 397, 344, 344, 2099, 2098, 2100, 2099, 344, 2101, 2100, 479, 2102, 2101, 571, 2103, 2102, 727, 2104, 2103, 729, 2105, 2104, 728, 2106, 2105, 925, 2107, 2106, 924, 2108, 2107, 730, 2109, 2108, 573, 2110, 2109, 572, 2111, 2110, 732, 2112, 2111, 731, 731, 1288, 2112, 732, 731, 2111, 572, 732, 2110, 573, 572, 2109, 730, 573, 2108, 924, 730, 2107, 925, 924, 2106, 728, 925, 2105, 729, 728, 2104, 727, 729, 2103, 571, 727, 2102, 479, 571, 2101, 344, 479, 2100, 2113, 2114, 1116, 2115, 2113, 1287, 2116, 2115, 726, 2117, 2116, 725, 2118, 2117, 473, 2119, 2118, 472, 2120, 2119, 475, 2121, 2120, 474, 2122, 2121, 477, 2123, 2122, 476, 2124, 2123, 478, 2125, 2124, 396, 2098, 2125, 395, 395, 397, 2098, 396, 395, 2125, 478, 396, 2124, 476, 478, 2123, 477, 476, 2122, 474, 477, 2121, 475, 474, 2120, 472, 475, 2119, 473, 472, 2118, 725, 473, 2117, 726, 725, 2116, 1287, 726, 2115, 1116, 1287, 2113, 2126, 1294, 1293, 1293, 2127, 2126, 2128, 2127, 1293, 2129, 2128, 929, 2130, 2129, 928, 2131, 2130, 931, 2132, 2131, 930, 2133, 2132, 1118, 2134, 2133, 933, 2135, 2134, 932, 2136, 2135, 935, 2137, 2136, 934, 2138, 2137, 937, 2139, 2138, 936, 2140, 2139, 939, 939, 1432, 2140, 936, 939, 2139, 937, 936, 2138, 934, 937, 2137, 935, 934, 2136, 932, 935, 2135, 933, 932, 2134, 1118, 933, 2133, 930, 1118, 2132, 931, 930, 2131, 928, 931, 2130, 929, 928, 2129, 1293, 929, 2128, 2141, 2142, 1290, 2143, 2141, 1507, 2144, 2143, 941, 2145, 2144, 1121, 2146, 2145, 1122, 2147, 2146, 734, 2148, 2147, 733, 2149, 2148, 942, 2150, 2149, 1124, 2151, 2150, 1123, 2152, 2151, 1126, 2153, 2152, 1125, 2126, 2153, 1292, 1292, 1294, 2126, 1125, 1292, 2153, 1126, 1125, 2152, 1123, 1126, 2151, 1124, 1123, 2150, 942, 1124, 2149, 733, 942, 2148, 734, 733, 2147, 1122, 734, 2146, 1121, 1122, 2145, 941, 1121, 2144, 1507, 941, 2143, 1290, 1507, 2141, 2154, 346, 345, 345, 2155, 2154, 2156, 2155, 345, 2157, 2156, 480, 2158, 2157, 574, 2159, 2158, 741, 2160, 2159, 947, 2161, 2160, 743, 2162, 2161, 742, 2163, 2162, 948, 2164, 2163, 576, 2165, 2164, 575, 2166, 2165, 744, 2167, 2166, 950, 2168, 2167, 949, 949, 1435, 2168, 950, 949, 2167, 744, 950, 2166, 575, 744, 2165, 576, 575, 2164, 948, 576, 2163, 742, 948, 2162, 743, 742, 2161, 947, 743, 2160, 741, 947, 2159, 574, 741, 2158, 480, 574, 2157, 345, 480, 2156, 2169, 2170, 1295, 2171, 2169, 1434, 2172, 2171, 736, 2173, 2172, 735, 2174, 2173, 943, 2175, 2174, 738, 2176, 2175, 737, 2177, 2176, 944, 2178, 2177, 1127, 2179, 2178, 740, 2180, 2179, 739, 2181, 2180, 945, 2154, 2181, 946, 946, 346, 2154, 945, 946, 2181, 739, 945, 2180, 740, 739, 2179, 1127, 740, 2178, 944, 1127, 2177, 737, 944, 2176, 738, 737, 2175, 943, 738, 2174, 735, 943, 2173, 736, 735, 2172, 1434, 736, 2171, 1295, 1434, 2169, 2182, 746, 745, 745, 2183, 2182, 2184, 2183, 745, 2185, 2184, 951, 2186, 2185, 952, 2187, 2186, 1436, 2188, 2187, 954, 2189, 2188, 953, 2190, 2189, 955, 2191, 2190, 748, 2192, 2191, 747, 2193, 2192, 1131, 2194, 2193, 1130, 2195, 2194, 1133, 2196, 2195, 1298, 1298, 1508, 2196, 1133, 1298, 2195, 1130, 1133, 2194, 1131, 1130, 2193, 747, 1131, 2192, 748, 747, 2191, 955, 748, 2190, 953, 955, 2189, 954, 953, 2188, 1436, 954, 2187, 952, 1436, 2186, 951, 952, 2185, 745, 951, 2184, 2197, 2198, 1304, 2199, 2197, 1509, 2200, 2199, 1307, 2201, 2200, 1306, 2202, 2201, 1135, 2203, 2202, 1134, 2204, 2203, 1137, 2205, 2204, 1136, 2206, 2205, 1308, 2207, 2206, 1138, 2208, 2207, 956, 2209, 2208, 749, 2182, 2209, 1297, 1297, 746, 2182, 749, 1297, 2209, 956, 749, 2208, 1138, 956, 2207, 1308, 1138, 2206, 1136, 1308, 2205, 1137, 1136, 2204, 1134, 1137, 2203, 1135, 1134, 2202, 1306, 1135, 2201, 1307, 1306, 2200, 1509, 1307, 2199, 1304, 1509, 2197, 2210, 295, 301, 301, 2211, 2210, 2212, 2211, 301, 2213, 2212, 314, 2214, 2213, 350, 2215, 2214, 352, 2216, 2215, 351, 2217, 2216, 402, 2218, 2217, 401, 2219, 2218, 487, 2220, 2219, 593, 2221, 2220, 592, 2222, 2221, 595, 2223, 2222, 594, 2224, 2223, 1150, 1150, 763, 2224, 594, 1150, 2223, 595, 594, 2222, 592, 595, 2221, 593, 592, 2220, 487, 593, 2219, 401, 487, 2218, 402, 401, 2217, 351, 402, 2216, 352, 351, 2215, 350, 352, 2214, 314, 350, 2213, 301, 314, 2212, 2225, 2226, 965, 2227, 2225, 1318, 2228, 2227, 589, 2229, 2228, 588, 2230, 2229, 767, 2231, 2230, 591, 2232, 2231, 590, 2233, 2232, 768, 2234, 2233, 348, 2235, 2234, 313, 2236, 2235, 312, 2237, 2236, 349, 2210, 2237, 296, 296, 295, 2210, 349, 296, 2237, 312, 349, 2236, 313, 312, 2235, 348, 313, 2234, 768, 348, 2233, 590, 768, 2232, 591, 590, 2231, 767, 591, 2230, 588, 767, 2229, 589, 588, 2228, 1318, 589, 2227, 965, 1318, 2225, 2238, 292, 291, 291, 2239, 2238, 2240, 2239, 291, 2241, 2240, 293, 2242, 2241, 302, 2243, 2242, 406, 2244, 2243, 407, 2245, 2244, 355, 2246, 2245, 354, 2247, 2246, 489, 2248, 2247, 488, 2249, 2248, 491, 2250, 2249, 490, 2251, 2250, 599, 2252, 2251, 598, 598, 967, 2252, 599, 598, 2251, 490, 599, 2250, 491, 490, 2249, 488, 491, 2248, 489, 488, 2247, 354, 489, 2246, 355, 354, 2245, 407, 355, 2244, 406, 407, 2243, 302, 406, 2242, 293, 302, 2241, 291, 293, 2240, 2253, 2254, 1152, 2255, 2253, 1151, 2256, 2255, 597, 2257, 2256, 596, 2258, 2257, 316, 2259, 2258, 315, 2260, 2259, 318, 2261, 2260, 317, 2262, 2261, 403, 2263, 2262, 405, 2264, 2263, 404, 2265, 2264, 353, 2238, 2265, 319, 319, 292, 2238, 353, 319, 2265, 404, 353, 2264, 405, 404, 2263, 403, 405, 2262, 317, 403, 2261, 318, 317, 2260, 315, 318, 2259, 316, 315, 2258, 596, 316, 2257, 597, 596, 2256, 1151, 597, 2255, 1152, 1151, 2253, 2266, 585, 584, 584, 2267, 2266, 2268, 2267, 584, 2269, 2268, 586, 2270, 2269, 961, 2271, 2270, 1146, 2272, 2271, 962, 2273, 2272, 483, 2274, 2273, 482, 2275, 2274, 587, 2276, 2275, 485, 2277, 2276, 484, 2278, 2277, 486, 2279, 2278, 400, 2280, 2279, 1147, 1147, 1510, 2280, 400, 1147, 2279, 486, 400, 2278, 484, 486, 2277, 485, 484, 2276, 587, 485, 2275, 482, 587, 2274, 483, 482, 2273, 962, 483, 2272, 1146, 962, 2271, 961, 1146, 2270, 586, 961, 2269, 584, 586, 2268, 2281, 2282, 964, 2283, 2281, 1316, 2284, 2283, 1317, 2285, 2284, 1148, 2286, 2285, 764, 2287, 2286, 765, 2288, 2287, 1440, 2289, 2288, 1143, 2290, 2289, 1142, 2291, 2290, 1312, 2292, 2291, 1145, 2293, 2292, 1144, 2266, 2293, 1313, 1313, 585, 2266, 1144, 1313, 2293, 1145, 1144, 2292, 1312, 1145, 2291, 1142, 1312, 2290, 1143, 1142, 2289, 1440, 1143, 2288, 765, 1440, 2287, 764, 765, 2286, 1148, 764, 2285, 1317, 1148, 2284, 1316, 1317, 2283, 964, 1316, 2281, 2294, 347, 398, 398, 2295, 2294, 2296, 2295, 398, 2297, 2296, 481, 2298, 2297, 581, 2299, 2298, 754, 2300, 2299, 958, 2301, 2300, 755, 2302, 2301, 583, 2303, 2302, 582, 2304, 2303, 757, 2305, 2304, 756, 2306, 2305, 1141, 2307, 2306, 960, 2308, 2307, 959, 959, 1439, 2308, 960, 959, 2307, 1141, 960, 2306, 756, 1141, 2305, 757, 756, 2304, 582, 757, 2303, 583, 582, 2302, 755, 583, 2301, 958, 755, 2300, 754, 958, 2299, 581, 754, 2298, 481, 581, 2297, 398, 481, 2296, 2309, 2310, 1309, 2311, 2309, 1438, 2312, 2311, 751, 2313, 2312, 750, 2314, 2313, 957, 2315, 2314, 578, 2316, 2315, 577, 2317, 2316, 752, 2318, 2317, 753, 2319, 2318, 580, 2320, 2319, 579, 2321, 2320, 1140, 2294, 2321, 1139, 1139, 347, 2294, 1140, 1139, 2321, 579, 1140, 2320, 580, 579, 2319, 753, 580, 2318, 752, 753, 2317, 577, 752, 2316, 578, 577, 2315, 957, 578, 2314, 750, 957, 2313, 751, 750, 2312, 1438, 751, 2311, 1309, 1438, 2309, 2322, 672, 671, 671, 2323, 2322, 2324, 2323, 671, 2325, 2324, 858, 2326, 2325, 859, 2327, 2326, 1219, 2328, 2327, 1356, 2329, 2328, 1358, 2330, 2329, 1357, 2331, 2330, 1221, 2332, 2331, 1220, 2333, 2332, 1057, 2334, 2333, 860, 2335, 2334, 674, 2336, 2335, 1222, 1222, 1517, 2336, 674, 1222, 2335, 860, 674, 2334, 1057, 860, 2333, 1220, 1057, 2332, 1221, 1220, 2331, 1357, 1221, 2330, 1358, 1357, 2329, 1356, 1358, 2328, 1219, 1356, 2327, 859, 1219, 2326, 858, 859, 2325, 671, 858, 2324, 2337, 2338, 1364, 2339, 2337, 1518, 2340, 2339, 1224, 2341, 2340, 1223, 2342, 2341, 1366, 2343, 2342, 1059, 2344, 2343, 1058, 2345, 2344, 1060, 2346, 2345, 862, 2347, 2346, 861, 2348, 2347, 1225, 2349, 2348, 1061, 2322, 2349, 1458, 1458, 672, 2322, 1061, 1458, 2349, 1225, 1061, 2348, 861, 1225, 2347, 862, 861, 2346, 1060, 862, 2345, 1058, 1060, 2344, 1059, 1058, 2343, 1366, 1059, 2342, 1223, 1366, 2341, 1224, 1223, 2340, 1518, 1224, 2339, 1364, 1518, 2337, 2350, 377, 376, 376, 2351, 2350, 2352, 2351, 376, 2353, 2352, 540, 2354, 2353, 670, 2355, 2354, 1055, 2356, 2355, 1216, 2357, 2356, 1215, 2358, 2357, 1056, 2359, 2358, 853, 2360, 2359, 852, 2361, 2360, 855, 2362, 2361, 854, 2363, 2362, 857, 2364, 2363, 856, 856, 1457, 2364, 857, 856, 2363, 854, 857, 2362, 855, 854, 2361, 852, 855, 2360, 853, 852, 2359, 1056, 853, 2358, 1215, 1056, 2357, 1216, 1215, 2356, 1055, 1216, 2355, 670, 1055, 2354, 540, 670, 2353, 376, 540, 2352, 2365, 2366, 1354, 2367, 2365, 1456, 2368, 2367, 668, 2369, 2368, 667, 2370, 2369, 669, 2371, 2370, 539, 2372, 2371, 538, 2373, 2372, 1053, 2374, 2373, 1054, 2375, 2374, 850, 2376, 2375, 849, 2377, 2376, 1214, 2350, 2377, 851, 851, 377, 2350, 1214, 851, 2377, 849, 1214, 2376, 850, 849, 2375, 1054, 850, 2374, 1053, 1054, 2373, 538, 1053, 2372, 539, 538, 2371, 669, 539, 2370, 667, 669, 2369, 668, 667, 2368, 1456, 668, 2367, 1354, 1456, 2365, 2378, 1213, 845, 845, 2379, 2378, 2380, 2379, 845, 2381, 2380, 844, 2382, 2381, 846, 2383, 2382, 1043, 2384, 2383, 1042, 2385, 2384, 1206, 2386, 2385, 1044, 2387, 2386, 848, 2388, 2387, 847, 2389, 2388, 1208, 2390, 2389, 1207, 2391, 2390, 1047, 2392, 2391, 1046, 1046, 1454, 2392, 1047, 1046, 2391, 1207, 1047, 2390, 1208, 1207, 2389, 847, 1208, 2388, 848, 847, 2387, 1044, 848, 2386, 1206, 1044, 2385, 1042, 1206, 2384, 1043, 1042, 2383, 846, 1043, 2382, 844, 846, 2381, 845, 844, 2380, 2393, 2394, 1348, 2395, 2393, 1516, 2396, 2395, 1350, 2397, 2396, 1352, 2398, 2397, 1351, 2399, 2398, 1212, 2400, 2399, 1211, 2401, 2400, 1353, 2402, 2401, 1049, 2403, 2402, 1048, 2404, 2403, 1051, 2405, 2404, 1050, 2378, 2405, 1052, 1052, 1213, 2378, 1050, 1052, 2405, 1051, 1050, 2404, 1048, 1051, 2403, 1049, 1048, 2402, 1353, 1049, 2401, 1211, 1353, 2400, 1212, 1211, 2399, 1351, 1212, 2398, 1352, 1351, 2397, 1350, 1352, 2396, 1516, 1350, 2395, 1348, 1516, 2393, 2406, 332, 306, 306, 2407, 2406, 2408, 2407, 306, 2409, 2408, 373, 2410, 2409, 443, 2411, 2410, 445, 2412, 2411, 444, 2413, 2412, 446, 2414, 2413, 375, 2415, 2414, 374, 2416, 2415, 537, 2417, 2416, 666, 2418, 2417, 665, 2419, 2418, 841, 2420, 2419, 840, 840, 1205, 2420, 841, 840, 2419, 665, 841, 2418, 666, 665, 2417, 537, 666, 2416, 374, 537, 2415, 375, 374, 2414, 446, 375, 2413, 444, 446, 2412, 445, 444, 2411, 443, 445, 2410, 373, 443, 2409, 306, 373, 2408, 2421, 2422, 1040, 2423, 2421, 1204, 2424, 2423, 839, 2425, 2424, 838, 2426, 2425, 372, 2427, 2426, 371, 2428, 2427, 440, 2429, 2428, 442, 2430, 2429, 441, 2431, 2430, 663, 2432, 2431, 536, 2433, 2432, 535, 2406, 2433, 664, 664, 332, 2406, 535, 664, 2433, 536, 535, 2432, 663, 536, 2431, 441, 663, 2430, 442, 441, 2429, 440, 442, 2428, 371, 440, 2427, 372, 371, 2426, 838, 372, 2425, 839, 838, 2424, 1204, 839, 2423, 1040, 1204, 2421, 2434, 662, 661, 661, 2435, 2434, 2436, 2435, 661, 2437, 2436, 837, 2438, 2437, 832, 2439, 2438, 831, 2440, 2439, 655, 2441, 2440, 654, 2442, 2441, 833, 2443, 2442, 1196, 2444, 2443, 1198, 2445, 2444, 1197, 2446, 2445, 1199, 2447, 2446, 1035, 2448, 2447, 1343, 1343, 1453, 2448, 1035, 1343, 2447, 1199, 1035, 2446, 1197, 1199, 2445, 1198, 1197, 2444, 1196, 1198, 2443, 833, 1196, 2442, 654, 833, 2441, 655, 654, 2440, 831, 655, 2439, 832, 831, 2438, 837, 832, 2437, 661, 837, 2436, 2449, 2450, 1037, 2451, 2449, 1345, 2452, 2451, 835, 2453, 2452, 834, 2454, 2453, 657, 2455, 2454, 656, 2456, 2455, 836, 2457, 2456, 659, 2458, 2457, 658, 2459, 2458, 534, 2460, 2459, 533, 2461, 2460, 660, 2434, 2461, 1039, 1039, 662, 2434, 660, 1039, 2461, 533, 660, 2460, 534, 533, 2459, 658, 534, 2458, 659, 658, 2457, 836, 659, 2456, 656, 836, 2455, 657, 656, 2454, 834, 657, 2453, 835, 834, 2452, 1345, 835, 2451, 1037, 1345, 2449, 2462, 330, 329, 329, 2463, 2462, 2464, 2463, 329, 2465, 2464, 331, 2466, 2465, 439, 2467, 2466, 827, 2468, 2467, 649, 2469, 2468, 648, 2470, 2469, 651, 2471, 2470, 650, 2472, 2471, 828, 2473, 2472, 653, 2474, 2473, 652, 2475, 2474, 830, 2476, 2475, 829, 829, 1342, 2476, 830, 829, 2475, 652, 830, 2474, 653, 652, 2473, 828, 653, 2472, 650, 828, 2471, 651, 650, 2470, 648, 651, 2469, 649, 648, 2468, 827, 649, 2467, 439, 827, 2466, 331, 439, 2465, 329, 331, 2464, 2477, 2478, 1341, 2479, 2477, 1340, 2480, 2479, 825, 2481, 2480, 644, 2482, 2481, 643, 2483, 2482, 826, 2484, 2483, 646, 2485, 2484, 645, 2486, 2485, 1031, 2487, 2486, 1030, 2488, 2487, 647, 2489, 2488, 438, 2462, 2489, 437, 437, 330, 2462, 438, 437, 2489, 647, 438, 2488, 1030, 647, 2487, 1031, 1030, 2486, 645, 1031, 2485, 646, 645, 2484, 826, 646, 2483, 643, 826, 2482, 644, 643, 2481, 825, 644, 2480, 1340, 825, 2479, 1341, 1340, 2477, 2490, 435, 434, 434, 2491, 2490, 2492, 2491, 434, 2493, 2492, 436, 2494, 2493, 637, 2495, 2494, 815, 2496, 2495, 814, 2497, 2496, 817, 2498, 2497, 816, 2499, 2498, 1022, 2500, 2499, 819, 2501, 2500, 818, 2502, 2501, 820, 2503, 2502, 532, 2504, 2503, 638, 638, 1449, 2504, 532, 638, 2503, 820, 532, 2502, 818, 820, 2501, 819, 818, 2500, 1022, 819, 2499, 816, 1022, 2498, 817, 816, 2497, 814, 817, 2496, 815, 814, 2495, 637, 815, 2494, 436, 637, 2493, 434, 436, 2492, 2505, 2506, 1332, 2507, 2505, 1553, 2508, 2507, 1182, 2509, 2508, 1021, 2510, 2509, 1020, 2511, 2510, 1184, 2512, 2511, 1183, 2513, 2512, 636, 2514, 2513, 635, 2515, 2514, 810, 2516, 2515, 812, 2517, 2516, 811, 2490, 2517, 813, 813, 435, 2490, 811, 813, 2517, 812, 811, 2516, 810, 812, 2515, 635, 810, 2514, 636, 635, 2513, 1183, 636, 2512, 1184, 1183, 2511, 1020, 1184, 2510, 1021, 1020, 2509, 1182, 1021, 2508, 1553, 1182, 2507, 1332, 1553, 2505, 2518, 641, 824, 824, 2519, 2518, 2520, 2519, 824, 2521, 2520, 1027, 2522, 2521, 1194, 2523, 2522, 1195, 2524, 2523, 1029, 2525, 2524, 1028, 2526, 2525, 1338, 2527, 2526, 1339, 2528, 2527, 1331, 2529, 2528, 1330, 2530, 2529, 1333, 2531, 2530, 1451, 2532, 2531, 1450, 1450, 1335, 2532, 1451, 1450, 2531, 1333, 1451, 2530, 1330, 1333, 2529, 1331, 1330, 2528, 1339, 1331, 2527, 1338, 1339, 2526, 1028, 1338, 2525, 1029, 1028, 2524, 1195, 1029, 2523, 1194, 1195, 2522, 1027, 1194, 2521, 824, 1027, 2520, 2533, 2534, 1336, 2535, 2533, 1514, 2536, 2535, 822, 2537, 2536, 821, 2538, 2537, 1023, 2539, 2538, 823, 2540, 2539, 640, 2541, 2540, 639, 2542, 2541, 1024, 2543, 2542, 1026, 2544, 2543, 1025, 2545, 2544, 1193, 2518, 2545, 642, 642, 641, 2518, 1193, 642, 2545, 1025, 1193, 2544, 1026, 1025, 2543, 1024, 1026, 2542, 639, 1024, 2541, 640, 639, 2540, 823, 640, 2539, 1023, 823, 2538, 821, 1023, 2537, 822, 821, 2536, 1514, 822, 2535, 1336, 1514, 2533, 2546, 298, 305, 305, 2547, 2546, 2548, 2547, 305, 2549, 2548, 328, 2550, 2549, 370, 2551, 2550, 528, 2552, 2551, 433, 2553, 2552, 432, 2554, 2553, 530, 2555, 2554, 529, 2556, 2555, 634, 2557, 2556, 1017, 2558, 2557, 1016, 2559, 2558, 1019, 2560, 2559, 1018, 1018, 1448, 2560, 1019, 1018, 2559, 1016, 1019, 2558, 1017, 1016, 2557, 634, 1017, 2556, 529, 634, 2555, 530, 529, 2554, 432, 530, 2553, 433, 432, 2552, 528, 433, 2551, 370, 528, 2550, 328, 370, 2549, 305, 328, 2548, 2561, 2562, 1327, 2563, 2561, 1447, 2564, 2563, 1179, 2565, 2564, 1012, 2566, 2565, 1011, 2567, 2566, 1181, 2568, 2567, 1180, 2569, 2568, 1014, 2570, 2569, 1013, 2571, 2570, 1015, 2572, 2571, 430, 2573, 2572, 429, 2546, 2573, 431, 431, 298, 2546, 429, 431, 2573, 430, 429, 2572, 1015, 430, 2571, 1013, 1015, 2570, 1014, 1013, 2569, 1180, 1014, 2568, 1181, 1180, 2567, 1011, 1181, 2566, 1012, 1011, 2565, 1179, 1012, 2564, 1447, 1179, 2563, 1327, 1447, 2561, 2574, 525, 524, 524, 2575, 2574, 2576, 2575, 524, 2577, 2576, 526, 2578, 2577, 804, 2579, 2578, 1171, 2580, 2579, 1004, 2581, 2580, 1003, 2582, 2581, 806, 2583, 2582, 805, 2584, 2583, 807, 2585, 2584, 527, 2586, 2585, 428, 2587, 2586, 369, 2588, 2587, 633, 633, 1445, 2588, 369, 633, 2587, 428, 369, 2586, 527, 428, 2585, 807, 527, 2584, 805, 807, 2583, 806, 805, 2582, 1003, 806, 2581, 1004, 1003, 2580, 1171, 1004, 2579, 804, 1171, 2578, 526, 804, 2577, 524, 526, 2576, 2589, 2590, 1176, 2591, 2589, 1446, 2592, 2591, 1326, 2593, 2592, 809, 2594, 2593, 808, 2595, 2594, 1008, 2596, 2595, 1010, 2597, 2596, 1009, 2598, 2597, 1178, 2599, 2598, 1324, 2600, 2599, 1170, 2601, 2600, 1169, 2574, 2601, 1002, 1002, 525, 2574, 1169, 1002, 2601, 1170, 1169, 2600, 1324, 1170, 2599, 1178, 1324, 2598, 1009, 1178, 2597, 1010, 1009, 2596, 1008, 1010, 2595, 808, 1008, 2594, 809, 808, 2593, 1326, 809, 2592, 1446, 1326, 2591, 1176, 1446, 2589, 2602, 327, 326, 326, 2603, 2602, 2604, 2603, 326, 2605, 2604, 425, 2606, 2605, 516, 2607, 2606, 518, 2608, 2607, 517, 2609, 2608, 520, 2610, 2609, 519, 2611, 2610, 521, 2612, 2611, 427, 2613, 2612, 426, 2614, 2613, 632, 2615, 2614, 523, 2616, 2615, 522, 522, 1323, 2616, 523, 522, 2615, 632, 523, 2614, 426, 632, 2613, 427, 426, 2612, 521, 427, 2611, 519, 521, 2610, 520, 519, 2609, 517, 520, 2608, 518, 517, 2607, 516, 518, 2606, 425, 516, 2605, 326, 425, 2604, 2617, 2618, 1167, 2619, 2617, 1322, 2620, 2619, 796, 2621, 2620, 795, 2622, 2621, 798, 2623, 2622, 797, 2624, 2623, 800, 2625, 2624, 799, 2626, 2625, 802, 2627, 2626, 801, 2628, 2627, 999, 2629, 2628, 998, 2602, 2629, 803, 803, 327, 2602, 998, 803, 2629, 999, 998, 2628, 801, 999, 2627, 802, 801, 2626, 799, 802, 2625, 800, 799, 2624, 797, 800, 2623, 798, 797, 2622, 795, 798, 2621, 796, 795, 2620, 1322, 796, 2619, 1167, 1322, 2617, 2630, 1166, 628, 628, 2631, 2630, 2632, 2631, 628, 2633, 2632, 627, 2634, 2633, 629, 2635, 2634, 988, 2636, 2635, 631, 2637, 2636, 630, 2638, 2637, 510, 2639, 2638, 509, 2640, 2639, 512, 2641, 2640, 511, 2642, 2641, 790, 2643, 2642, 515, 2644, 2643, 514, 514, 1161, 2644, 515, 514, 2643, 790, 515, 2642, 511, 790, 2641, 512, 511, 2640, 509, 512, 2639, 510, 509, 2638, 630, 510, 2637, 631, 630, 2636, 988, 631, 2635, 629, 988, 2634, 627, 629, 2633, 628, 627, 2632, 2645, 2646, 1162, 2647, 2645, 1444, 2648, 2647, 991, 2649, 2648, 1164, 2650, 2649, 993, 2651, 2650, 992, 2652, 2651, 794, 2653, 2652, 793, 2654, 2653, 994, 2655, 2654, 1165, 2656, 2655, 996, 2657, 2656, 995, 2630, 2657, 997, 997, 1166, 2630, 995, 997, 2657, 996, 995, 2656, 1165, 996, 2655, 994, 1165, 2654, 793, 994, 2653, 794, 793, 2652, 992, 794, 2651, 993, 992, 2650, 1164, 993, 2649, 991, 1164, 2648, 1444, 991, 2647, 1162, 1444, 2645, 2658, 294, 290, 290, 2659, 2658, 2660, 2659, 290, 2661, 2660, 297, 2662, 2661, 304, 2663, 2662, 367, 2664, 2663, 366, 2665, 2664, 422, 2666, 2665, 421, 2667, 2666, 424, 2668, 2667, 423, 2669, 2668, 506, 2670, 2669, 505, 2671, 2670, 508, 2672, 2671, 507, 507, 987, 2672, 508, 507, 2671, 505, 508, 2670, 506, 505, 2669, 423, 506, 2668, 424, 423, 2667, 421, 424, 2666, 422, 421, 2665, 366, 422, 2664, 367, 366, 2663, 304, 367, 2662, 297, 304, 2661, 290, 297, 2660, 2673, 2674, 788, 2675, 2673, 986, 2676, 2675, 622, 2677, 2676, 504, 2678, 2677, 419, 2679, 2678, 418, 2680, 2679, 624, 2681, 2680, 623, 2682, 2681, 364, 2683, 2682, 363, 2684, 2683, 420, 2685, 2684, 365, 2658, 2685, 325, 325, 294, 2658, 365, 325, 2685, 420, 365, 2684, 363, 420, 2683, 364, 363, 2682, 623, 364, 2681, 624, 623, 2680, 418, 624, 2679, 419, 418, 2678, 504, 419, 2677, 622, 504, 2676, 986, 622, 2675, 788, 986, 2673, 2686, 985, 984, 984, 2687, 2686, 2688, 2687, 984, 2689, 2688, 782, 2690, 2689, 618, 2691, 2690, 973, 2692, 2691, 1155, 2693, 2692, 975, 2694, 2693, 974, 2695, 2694, 977, 2696, 2695, 976, 2697, 2696, 1156, 2698, 2697, 979, 2699, 2698, 978, 2700, 2699, 1157, 1157, 1443, 2700, 978, 1157, 2699, 979, 978, 2698, 1156, 979, 2697, 976, 1156, 2696, 977, 976, 2695, 974, 977, 2694, 975, 974, 2693, 1155, 975, 2692, 973, 1155, 2691, 618, 973, 2690, 782, 618, 2689, 984, 782, 2688, 2701, 2702, 980, 2703, 2701, 1320, 2704, 2703, 503, 2705, 2704, 619, 2706, 2705, 621, 2707, 2706, 620, 2708, 2707, 784, 2709, 2708, 783, 2710, 2709, 982, 2711, 2710, 786, 2712, 2711, 785, 2713, 2712, 983, 2686, 2713, 787, 787, 985, 2686, 983, 787, 2713, 785, 983, 2712, 786, 785, 2711, 982, 786, 2710, 783, 982, 2709, 784, 783, 2708, 620, 784, 2707, 621, 620, 2706, 619, 621, 2705, 503, 619, 2704, 1320, 503, 2703, 980, 1320, 2701, 2714, 324, 303, 303, 2715, 2714, 2716, 2715, 303, 2717, 2716, 358, 2718, 2717, 411, 2719, 2718, 412, 2720, 2719, 360, 2721, 2720, 359, 2722, 2721, 413, 2723, 2722, 362, 2724, 2723, 361, 2725, 2724, 415, 2726, 2725, 414, 2727, 2726, 417, 2728, 2727, 416, 416, 972, 2728, 417, 416, 2727, 414, 417, 2726, 415, 414, 2725, 361, 415, 2724, 362, 361, 2723, 413, 362, 2722, 359, 413, 2721, 360, 359, 2720, 412, 360, 2719, 411, 412, 2718, 358, 411, 2717, 303, 358, 2716, 2729, 2730, 780, 2731, 2729, 971, 2732, 2731, 615, 2733, 2732, 614, 2734, 2733, 497, 2735, 2734, 496, 2736, 2735, 499, 2737, 2736, 498, 2738, 2737, 357, 2739, 2738, 356, 2740, 2739, 410, 2741, 2740, 500, 2714, 2741, 501, 501, 324, 2714, 500, 501, 2741, 410, 500, 2740, 356, 410, 2739, 357, 356, 2738, 498, 357, 2737, 499, 498, 2736, 496, 499, 2735, 497, 496, 2734, 614, 497, 2733, 615, 614, 2732, 971, 615, 2731, 780, 971, 2729, 2742, 320, 323, 323, 2743, 2742, 2744, 2743, 323, 2745, 2744, 322, 2746, 2745, 495, 2747, 2746, 611, 2748, 2747, 613, 2749, 2748, 612, 2750, 2749, 769, 2751, 2750, 968, 2752, 2751, 771, 2753, 2752, 770, 2754, 2753, 603, 2755, 2754, 605, 2756, 2755, 604, 604, 969, 2756, 605, 604, 2755, 603, 605, 2754, 770, 603, 2753, 771, 770, 2752, 968, 771, 2751, 769, 968, 2750, 612, 769, 2749, 613, 612, 2748, 611, 613, 2747, 495, 611, 2746, 322, 495, 2745, 323, 322, 2744, 2757, 2758, 775, 2759, 2757, 1153, 2760, 2759, 610, 2761, 2760, 609, 2762, 2761, 492, 2763, 2762, 409, 2764, 2763, 408, 2765, 2764, 494, 2766, 2765, 493, 2767, 2766, 777, 2768, 2767, 779, 2769, 2768, 778, 2742, 2769, 321, 321, 320, 2742, 778, 321, 2769, 779, 778, 2768, 777, 779, 2767, 493, 777, 2766, 494, 493, 2765, 408, 494, 2764, 409, 408, 2763, 492, 409, 2762, 609, 492, 2761, 610, 609, 2760, 1153, 610, 2759, 775, 1153, 2757, 2770, 2771, 2772, 2772, 2773, 2770, 772, 608, 2770, 2773, 772, 2770, 602, 2774, 2775, 2774, 602, 1152, 2776, 2777, 2770, 2770, 608, 2776, 607, 2775, 2776, 2777, 2778, 2771, 2771, 2770, 2777, 608, 607, 2776, 1152, 2254, 2774, 2775, 607, 602, 606, 2779, 2780, 773, 2780, 2756, 772, 2773, 2781, 2781, 2782, 772, 2779, 606, 772, 2773, 2772, 2783, 2783, 2781, 2773, 2782, 2779, 772, 2756, 969, 773, 2780, 773, 606, 2783, 2772, 2771, 2771, 2778, 2783, 2781, 2783, 2778, 2778, 2777, 2781, 2776, 2782, 2781, 2777, 2776, 2781, 2784, 2785, 2786, 2786, 2787, 2784, 774, 1512, 2784, 2787, 774, 2784, 2788, 2789, 617, 617, 2789, 2728, 774, 2787, 2790, 2790, 2791, 774, 2788, 616, 774, 2787, 2786, 2792, 2792, 2790, 2787, 2791, 2788, 774, 2728, 972, 617, 617, 616, 2788, 776, 2793, 2794, 2793, 776, 775, 2795, 2796, 2784, 2784, 1512, 2795, 970, 2794, 2795, 2796, 2797, 2785, 2785, 2784, 2796, 1512, 970, 2795, 775, 2758, 2793, 2794, 970, 776, 2792, 2786, 2785, 2785, 2797, 2792, 2790, 2792, 2797, 2797, 2796, 2790, 2795, 2791, 2790, 2796, 2795, 2790, 2798, 2799, 2800, 2800, 2801, 2798, 1319, 1154, 2798, 2801, 1319, 2798, 2802, 2803, 1159, 1159, 2803, 2700, 1319, 2801, 2804, 2804, 2805, 1319, 2802, 1158, 1319, 2801, 2800, 2806, 2806, 2804, 2801, 2805, 2802, 1319, 2700, 1443, 1159, 1159, 1158, 2802, 1442, 2807, 2808, 2807, 1442, 780, 2809, 2810, 2798, 2798, 1154, 2809, 781, 2808, 2809, 2810, 2811, 2799, 2799, 2798, 2810, 1154, 781, 2809, 780, 2730, 2807, 2808, 781, 1442, 2806, 2800, 2799, 2799, 2811, 2806, 2804, 2806, 2811, 2811, 2810, 2804, 2809, 2805, 2804, 2810, 2809, 2804, 2812, 2813, 2814, 2814, 2815, 2812, 502, 1551, 2812, 2815, 502, 2812, 2816, 2817, 626, 626, 2817, 2672, 502, 2815, 2818, 2818, 2819, 502, 2816, 625, 502, 2815, 2814, 2820, 2820, 2818, 2815, 2819, 2816, 502, 2672, 987, 626, 626, 625, 2816, 981, 2821, 2822, 2821, 981, 980, 2823, 2824, 2812, 2812, 1551, 2823, 1160, 2822, 2823, 2824, 2825, 2813, 2813, 2812, 2824, 1551, 1160, 2823, 980, 2702, 2821, 2822, 1160, 981, 2820, 2814, 2813, 2813, 2825, 2820, 2818, 2820, 2825, 2825, 2824, 2818, 2823, 2819, 2818, 2824, 2823, 2818, 2826, 2827, 2828, 2826, 513, 2827, 2828, 2829, 2826, 2826, 989, 513, 791, 2830, 2831, 792, 2831, 2644, 989, 2826, 2832, 2832, 2833, 989, 2830, 791, 989, 2826, 2829, 2834, 2834, 2832, 2826, 2833, 2830, 989, 2644, 1161, 792, 2831, 792, 791, 1513, 2835, 2836, 2835, 1513, 788, 2837, 2838, 2827, 2827, 513, 2837, 789, 2836, 2837, 2838, 2839, 2828, 2828, 2827, 2838, 513, 789, 2837, 788, 2674, 2835, 2836, 789, 1513, 2834, 2829, 2828, 2828, 2839, 2834, 2832, 2834, 2839, 2839, 2838, 2832, 2837, 2833, 2832, 2838, 2837, 2832, 2840, 2841, 2842, 2842, 2843, 2840, 990, 1624, 2840, 2843, 990, 2840, 2844, 2845, 1001, 1001, 2845, 2616, 990, 2843, 2846, 2846, 2847, 990, 2844, 1000, 990, 2843, 2842, 2848, 2848, 2846, 2843, 2847, 2844, 990, 2616, 1323, 1001, 1001, 1000, 2844, 2849, 2850, 1321, 2849, 1163, 1162, 2851, 2852, 2840, 2840, 1624, 2851, 1321, 2850, 2851, 2852, 2853, 2841, 2841, 2840, 2852, 1624, 1321, 2851, 1162, 2646, 2849, 1321, 1163, 2849, 2848, 2842, 2841, 2841, 2853, 2848, 2846, 2848, 2853, 2853, 2852, 2846, 2851, 2847, 2846, 2852, 2851, 2846, 2854, 2855, 2856, 2856, 2857, 2854, 1325, 368, 2854, 2857, 1325, 2854, 2858, 2859, 1173, 1173, 2859, 2588, 1325, 2857, 2860, 2860, 2861, 1325, 2858, 1172, 1325, 2857, 2856, 2862, 2862, 2860, 2857, 2861, 2858, 1325, 2588, 1445, 1173, 1173, 1172, 2858, 1552, 2863, 2864, 2863, 1552, 1167, 368, 2865, 2866, 368, 2864, 2865, 2866, 2854, 368, 2854, 2866, 2867, 2867, 2855, 2854, 368, 1168, 2864, 1167, 2618, 2863, 2864, 1168, 1552, 2862, 2856, 2855, 2855, 2867, 2862, 2866, 2860, 2862, 2862, 2867, 2866, 2865, 2861, 2860, 2866, 2865, 2860, 2868, 2869, 2870, 2870, 2871, 2868, 1174, 1007, 2868, 2871, 1174, 2868, 2872, 2873, 1175, 1175, 2873, 2560, 1174, 2871, 2874, 2874, 2875, 1174, 2872, 1005, 1174, 2871, 2870, 2876, 2876, 2874, 2871, 2875, 2872, 1174, 2560, 1448, 1175, 1175, 1005, 2872, 2877, 1006, 1177, 2878, 1177, 1176, 2879, 2880, 2868, 2868, 1007, 2879, 1006, 2877, 2879, 2880, 2881, 2869, 2869, 2868, 2880, 1007, 1006, 2879, 1176, 2590, 2878, 1177, 2878, 2877, 2876, 2870, 2869, 2869, 2881, 2876, 2874, 2876, 2881, 2881, 2880, 2874, 2879, 2875, 2874, 2880, 2879, 2874, 2882, 2883, 2884, 2882, 1189, 2883, 2884, 2885, 2882, 2882, 1334, 1189, 1190, 2886, 2887, 2886, 1190, 1332, 2888, 2889, 2883, 2883, 1189, 2888, 1188, 2887, 2888, 2889, 2890, 2884, 2884, 2883, 2889, 1189, 1188, 2888, 1332, 2506, 2886, 2887, 1188, 1190, 2891, 2892, 1191, 1191, 2892, 2532, 1334, 2882, 2893, 2893, 2894, 1334, 2891, 1187, 1334, 2882, 2885, 2895, 2895, 2893, 2882, 2894, 2891, 1334, 2532, 1335, 1191, 1191, 1187, 2891, 2895, 2885, 2884, 2884, 2890, 2895, 2893, 2895, 2890, 2890, 2889, 2893, 2888, 2894, 2893, 2889, 2888, 2893, 2896, 2897, 2898, 2898, 2899, 2896, 1329, 531, 2896, 2899, 1329, 2896, 2900, 2901, 1186, 1186, 2901, 2504, 1329, 2899, 2902, 2902, 2903, 1329, 2900, 1185, 1329, 2899, 2898, 2904, 2904, 2902, 2899, 2903, 2900, 1329, 2504, 1449, 1186, 1186, 1185, 2900, 1607, 2905, 2906, 2905, 1607, 1327, 2907, 2908, 2896, 2896, 531, 2907, 1328, 2906, 2907, 2908, 2909, 2897, 2897, 2896, 2908, 531, 1328, 2907, 1327, 2562, 2905, 2906, 1328, 1607, 2904, 2898, 2897, 2897, 2909, 2904, 2902, 2904, 2909, 2909, 2908, 2902, 2907, 2903, 2902, 2908, 2907, 2902, 2910, 2911, 2912, 2912, 2913, 2910, 1192, 1584, 2910, 2913, 1192, 2910, 2914, 2915, 1033, 1033, 2915, 2476, 1192, 2913, 2916, 2916, 2917, 1192, 2914, 1032, 1192, 2913, 2912, 2918, 2918, 2916, 2913, 2917, 2914, 1192, 2476, 1342, 1033, 1033, 1032, 2914, 1337, 2919, 2920, 2919, 1337, 1336, 2921, 2922, 2910, 2910, 1584, 2921, 1452, 2920, 2921, 2922, 2923, 2911, 2911, 2910, 2922, 1584, 1452, 2921, 1336, 2534, 2919, 2920, 1452, 1337, 2918, 2912, 2911, 2911, 2923, 2918, 2916, 2918, 2923, 2923, 2922, 2916, 2921, 2917, 2916, 2922, 2921, 2916, 2924, 2925, 2926, 2926, 2927, 2924, 1344, 1202, 2924, 2927, 1344, 2924, 2928, 2929, 1201, 1201, 2929, 2448, 1344, 2927, 2930, 2930, 2931, 1344, 2928, 1200, 1344, 2927, 2926, 2932, 2932, 2930, 2927, 2931, 2928, 1344, 2448, 1453, 1201, 1201, 1200, 2928, 2933, 2934, 1034, 2933, 1608, 1341, 2935, 2936, 2924, 2924, 1202, 2935, 1034, 2934, 2935, 2936, 2937, 2925, 2925, 2924, 2936, 1202, 1034, 2935, 1341, 2478, 2933, 1034, 1608, 2933, 2932, 2926, 2925, 2925, 2937, 2932, 2930, 2932, 2937, 2936, 2931, 2930, 2937, 2936, 2930, 2936, 2935, 2931, 2938, 2939, 2940, 2940, 2941, 2938, 1036, 1585, 2938, 2941, 1036, 2938, 2942, 2943, 843, 843, 2943, 2420, 1036, 2941, 2944, 2944, 2945, 1036, 2942, 842, 1036, 2941, 2940, 2946, 2946, 2944, 2941, 2945, 2942, 1036, 2420, 1205, 843, 843, 842, 2942, 1038, 2947, 2948, 2947, 1038, 1037, 2949, 2950, 2938, 2938, 1585, 2949, 1203, 2948, 2949, 2950, 2951, 2939, 2939, 2938, 2950, 1585, 1203, 2949, 1037, 2450, 2947, 2948, 1203, 1038, 2946, 2940, 2939, 2939, 2951, 2946, 2944, 2946, 2951, 2951, 2950, 2944, 2949, 2945, 2944, 2950, 2949, 2944, 2952, 2953, 2954, 2954, 2955, 2952, 1346, 1045, 2952, 2955, 1346, 2952, 1209, 2956, 2957, 1210, 2957, 2392, 1346, 2955, 2958, 2958, 2959, 1346, 2956, 1209, 1346, 2955, 2954, 2960, 2960, 2958, 2955, 2959, 2956, 1346, 2392, 1454, 1210, 2957, 1210, 1209, 2961, 2962, 1041, 2961, 1515, 1040, 2963, 2964, 2952, 2952, 1045, 2963, 1041, 2962, 2963, 2964, 2965, 2953, 2953, 2952, 2964, 1045, 1041, 2963, 1040, 2422, 2961, 1041, 1515, 2961, 2960, 2954, 2953, 2953, 2965, 2960, 2958, 2960, 2965, 2964, 2959, 2958, 2965, 2964, 2958, 2964, 2963, 2959, 2966, 2967, 2968, 2968, 2969, 2966, 1347, 1625, 2966, 2969, 1347, 2966, 1217, 2970, 2971, 1218, 2971, 2364, 1347, 2969, 2972, 2972, 2973, 1347, 2970, 1217, 1347, 2969, 2968, 2974, 2974, 2972, 2969, 2973, 2970, 1347, 2364, 1457, 1218, 2971, 1218, 1217, 2975, 2976, 1455, 2975, 1349, 1348, 2977, 2978, 2966, 2966, 1625, 2977, 1455, 2976, 2977, 2978, 2979, 2967, 2967, 2966, 2978, 1625, 1455, 2977, 1348, 2394, 2975, 1455, 1349, 2975, 2974, 2968, 2967, 2967, 2979, 2974, 2972, 2974, 2979, 2979, 2978, 2972, 2977, 2973, 2972, 2978, 2977, 2972, 2980, 2981, 2982, 2982, 2983, 2980, 1459, 673, 2980, 2983, 1459, 2980, 1359, 2984, 2985, 1360, 2985, 2336, 1459, 2983, 2986, 2986, 2987, 1459, 2984, 1359, 1459, 2983, 2982, 2988, 2988, 2986, 2983, 2987, 2984, 1459, 2336, 1517, 1360, 2985, 1360, 1359, 1586, 2989, 2990, 2989, 1586, 1354, 673, 2991, 2992, 673, 2990, 2991, 2992, 2980, 673, 2980, 2992, 2993, 2993, 2981, 2980, 673, 1355, 2990, 1354, 2366, 2989, 2990, 1355, 1586, 2988, 2982, 2981, 2981, 2993, 2988, 2992, 2986, 2988, 2992, 2987, 2986, 2988, 2993, 2992, 2992, 2991, 2987, 2994, 2995, 2996, 2994, 1303, 2995, 2996, 2997, 2994, 2994, 1583, 1303, 1305, 2998, 2999, 2998, 1305, 1304, 3000, 3001, 2995, 2995, 1303, 3000, 1302, 2999, 3000, 3001, 3002, 2996, 2996, 2995, 3001, 1303, 1302, 3000, 1304, 2198, 2998, 2999, 1302, 1305, 1301, 3003, 3004, 1311, 3004, 2308, 1583, 2994, 3005, 3005, 3006, 1583, 3003, 1301, 1583, 2994, 2997, 3007, 3007, 3005, 2994, 3006, 3003, 1583, 2308, 1439, 1311, 3004, 1311, 1301, 3007, 2997, 2996, 2996, 3002, 3007, 3001, 3005, 3007, 3007, 3002, 3001, 3000, 3006, 3005, 3001, 3000, 3005, 3008, 3009, 3010, 3010, 3011, 3008, 1441, 399, 3008, 3011, 1441, 3008, 3012, 3013, 1315, 1315, 3013, 2280, 1441, 3011, 3014, 3014, 3015, 1441, 3012, 1314, 1441, 3011, 3010, 3016, 3016, 3014, 3011, 3015, 3012, 1441, 2280, 1510, 1315, 1315, 1314, 3012, 1640, 3017, 3018, 3017, 1640, 1309, 3019, 3020, 3008, 3008, 399, 3019, 1310, 3018, 3019, 3020, 3021, 3009, 3009, 3008, 3020, 399, 1310, 3019, 1309, 2310, 3017, 3018, 1310, 1640, 3016, 3010, 3009, 3009, 3021, 3016, 3014, 3016, 3021, 3021, 3020, 3014, 3019, 3015, 3014, 3020, 3019, 3014, 3022, 3023, 3024, 3022, 1511, 3023, 3024, 3025, 3022, 3022, 766, 1511, 966, 3026, 3027, 3026, 966, 965, 3028, 3029, 3023, 3023, 1511, 3028, 1149, 3027, 3028, 3029, 3030, 3024, 3024, 3023, 3029, 1511, 1149, 3028, 965, 2226, 3026, 3027, 1149, 966, 3031, 3032, 601, 601, 3032, 2252, 766, 3022, 3033, 3033, 3034, 766, 3031, 600, 766, 3022, 3025, 3035, 3035, 3033, 3022, 3034, 3031, 766, 2252, 967, 601, 601, 600, 3031, 3035, 3025, 3024, 3024, 3030, 3035, 3033, 3035, 3030, 3030, 3029, 3033, 3028, 3034, 3033, 3029, 3028, 3033, 3036, 3037, 3038, 3038, 3039, 3036, 963, 760, 3037, 3036, 963, 3037, 3040, 3041, 762, 762, 3041, 2224, 963, 3036, 3042, 3042, 3043, 963, 3040, 758, 963, 3036, 3039, 3044, 3044, 3042, 3036, 3043, 3040, 963, 2224, 763, 762, 762, 758, 3040, 761, 3045, 3046, 3045, 761, 964, 3047, 3048, 3037, 3037, 760, 3047, 759, 3046, 3047, 3048, 3049, 3038, 3038, 3037, 3048, 760, 759, 3047, 964, 2282, 3045, 3046, 759, 761, 3044, 3039, 3038, 3038, 3049, 3044, 3042, 3044, 3049, 3049, 3048, 3042, 3047, 3043, 3042, 3048, 3047, 3042, 3050, 3051, 3052, 3050, 1132, 3051, 3052, 3053, 3050, 3050, 1437, 1132, 1582, 3054, 3055, 3054, 1582, 1295, 3056, 3057, 3051, 3051, 1132, 3056, 1296, 3055, 3056, 3057, 3058, 3052, 3052, 3051, 3057, 1132, 1296, 3056, 1295, 2170, 3054, 3055, 1296, 1582, 1299, 3059, 3060, 1300, 3060, 2196, 1437, 3050, 3061, 3061, 3062, 1437, 3059, 1299, 1437, 3050, 3053, 3063, 3063, 3061, 3050, 3062, 3059, 1437, 2196, 1508, 1300, 3060, 1300, 1299, 3063, 3053, 3052, 3052, 3058, 3063, 3061, 3063, 3058, 3058, 3057, 3061, 3056, 3062, 3061, 3057, 3056, 3061, 3064, 3065, 3066, 3064, 1623, 3065, 3066, 3067, 3064, 3064, 940, 1623, 3068, 3069, 1433, 3068, 1291, 1290, 3070, 3071, 3065, 3065, 1623, 3070, 1433, 3069, 3070, 3071, 3072, 3066, 3066, 3065, 3071, 1623, 1433, 3070, 1290, 2142, 3068, 1433, 1291, 3068, 3073, 3074, 1129, 1129, 3074, 2168, 940, 3064, 3075, 3075, 3076, 940, 3073, 1128, 940, 3064, 3067, 3077, 3077, 3075, 3064, 3076, 3073, 940, 2168, 1435, 1129, 1129, 1128, 3073, 3077, 3067, 3066, 3066, 3072, 3077, 3071, 3075, 3077, 3077, 3072, 3071, 3070, 3076, 3075, 3071, 3070, 3075, 3078, 3079, 3080, 3080, 3081, 3078, 1289, 938, 3078, 3081, 1289, 3078, 1581, 3082, 3083, 3082, 1581, 1116, 3084, 3085, 3078, 3078, 938, 3084, 1117, 3083, 3084, 3085, 3086, 3079, 3079, 3078, 3085, 938, 1117, 3084, 1116, 2114, 3082, 3083, 1117, 1581, 1119, 3087, 3088, 1120, 3088, 2140, 1289, 3081, 3089, 3089, 3090, 1289, 3087, 1119, 1289, 3081, 3080, 3091, 3091, 3089, 3081, 3090, 3087, 1289, 2140, 1432, 1120, 3088, 1120, 1119, 3091, 3080, 3079, 3079, 3086, 3091, 3089, 3091, 3086, 3086, 3085, 3089, 3084, 3090, 3089, 3085, 3084, 3089, 3092, 3093, 3094, 3094, 3095, 3092, 919, 1506, 3092, 3095, 919, 3092, 921, 3096, 3097, 3096, 921, 920, 3098, 3099, 3092, 3092, 1506, 3098, 1114, 3097, 3098, 3099, 3100, 3093, 3093, 3092, 3099, 1506, 1114, 3098, 920, 1890, 3096, 3097, 1114, 921, 926, 3101, 3102, 927, 3102, 2112, 919, 3095, 3103, 3103, 3104, 919, 3101, 926, 919, 3095, 3094, 3105, 3105, 3103, 3095, 3104, 3101, 919, 2112, 1288, 927, 3102, 927, 926, 3105, 3094, 3093, 3093, 3100, 3105, 3099, 3103, 3105, 3099, 3104, 3103, 3105, 3100, 3099, 3099, 3098, 3104, 3106, 3107, 3108, 3108, 3109, 3106, 1620, 1539, 3106, 3109, 1620, 3106, 1649, 3110, 3111, 3110, 1649, 1599, 3112, 3113, 3106, 3106, 1539, 3112, 1600, 3111, 3112, 3113, 3114, 3107, 3107, 3106, 3113, 1539, 1600, 3112, 1599, 1666, 3110, 3111, 1600, 1649, 1604, 3115, 3116, 1605, 3116, 2084, 1620, 3109, 3117, 3117, 3118, 1620, 3115, 1604, 1620, 3109, 3108, 3119, 3119, 3117, 3109, 3118, 3115, 1620, 2084, 1639, 1605, 3116, 1605, 1604, 3119, 3108, 3107, 3107, 3114, 3119, 3117, 3119, 3114, 3114, 3113, 3117, 3112, 3118, 3117, 3113, 3112, 3117, 3120, 3121, 3122, 3122, 3123, 3120, 1404, 1647, 3120, 3123, 1404, 3120, 3124, 3125, 1413, 1413, 3125, 2056, 1404, 3123, 3126, 3126, 3127, 1404, 3124, 1412, 1404, 3123, 3122, 3128, 3128, 3126, 3123, 3127, 3124, 1404, 2056, 1544, 1413, 1413, 1412, 3124, 1494, 3129, 3130, 3129, 1494, 1493, 3131, 3132, 3120, 3120, 1647, 3131, 1542, 3130, 3131, 3132, 3133, 3121, 3121, 3120, 3132, 1647, 1542, 3131, 1493, 2086, 3129, 3130, 1542, 1494, 3128, 3122, 3121, 3121, 3133, 3128, 3126, 3128, 3133, 3133, 3132, 3126, 3131, 3127, 3126, 3132, 3131, 3126, 3134, 3135, 3136, 3136, 3137, 3134, 1500, 700, 3134, 3137, 1500, 3134, 1419, 3138, 3139, 1420, 3139, 2028, 1500, 3137, 3140, 3140, 3141, 1500, 3138, 1419, 1500, 3137, 3136, 3142, 3142, 3140, 3137, 3141, 3138, 1500, 2028, 1545, 1420, 3139, 1420, 1419, 3143, 3144, 1499, 3143, 1621, 1498, 3145, 3146, 3134, 3134, 700, 3145, 1499, 3144, 3145, 3146, 3147, 3135, 3135, 3134, 3146, 700, 1499, 3145, 1498, 2058, 3143, 1499, 1621, 3143, 3142, 3136, 3135, 3135, 3147, 3142, 3140, 3142, 3147, 3147, 3146, 3140, 3145, 3141, 3140, 3146, 3145, 3140, 3148, 3149, 3150, 3150, 3151, 3148, 1501, 1272, 3148, 3151, 1501, 3148, 3152, 3153, 1421, 1421, 3153, 2000, 1501, 3151, 3154, 3154, 3155, 1501, 3152, 1270, 1501, 3151, 3150, 3156, 3156, 3154, 3151, 3155, 3152, 1501, 2000, 1548, 1421, 1421, 1270, 3152, 3157, 3158, 1271, 3157, 1423, 1422, 3159, 3160, 3148, 3148, 1272, 3159, 1271, 3158, 3159, 3160, 3161, 3149, 3149, 3148, 3160, 1272, 1271, 3159, 1422, 2030, 3157, 1271, 1423, 3157, 3156, 3150, 3149, 3149, 3161, 3156, 3154, 3156, 3161, 3161, 3160, 3154, 3159, 3155, 3154, 3160, 3159, 3154, 3162, 3163, 3164, 3162, 1108, 3163, 3164, 3165, 3162, 3162, 1283, 1108, 1109, 3166, 3167, 3166, 1109, 1104, 3168, 3169, 3163, 3163, 1108, 3168, 1107, 3167, 3168, 3169, 3170, 3164, 3164, 3163, 3169, 1108, 1107, 3168, 1104, 1946, 3166, 3167, 1107, 1109, 1106, 3171, 3172, 1110, 3172, 1972, 1283, 3162, 3173, 3173, 3174, 1283, 3171, 1106, 1283, 3162, 3165, 3175, 3175, 3173, 3162, 3174, 3171, 1283, 1972, 1284, 1110, 3172, 1110, 1106, 3175, 3165, 3164, 3164, 3170, 3175, 3169, 3173, 3175, 3169, 3174, 3173, 3175, 3170, 3169, 3169, 3168, 3174, 3176, 3177, 3178, 3178, 3179, 3176, 1282, 555, 3176, 3179, 1282, 3176, 3180, 3181, 1101, 1101, 3181, 1944, 1282, 3179, 3182, 3182, 3183, 1282, 3180, 1100, 1282, 3179, 3178, 3184, 3184, 3182, 3179, 3183, 3180, 1282, 1944, 1429, 1101, 1101, 1100, 3180, 1622, 3185, 3186, 3185, 1622, 1503, 3187, 3188, 3176, 3176, 555, 3187, 1504, 3186, 3187, 3188, 3189, 3177, 3177, 3176, 3188, 555, 1504, 3187, 1503, 2002, 3185, 3186, 1504, 1622, 3184, 3178, 3177, 3177, 3189, 3184, 3182, 3184, 3189, 3189, 3188, 3182, 3187, 3183, 3182, 3188, 3187, 3182, 3190, 3191, 3192, 3192, 3193, 3190, 718, 1606, 3190, 3193, 718, 3190, 563, 3194, 3195, 564, 3195, 1916, 718, 3193, 3196, 3196, 3197, 718, 3194, 563, 718, 3193, 3192, 3198, 3198, 3196, 3193, 3197, 3194, 718, 1916, 916, 564, 3195, 564, 563, 1112, 3199, 3200, 3199, 1112, 1111, 3201, 3202, 3190, 3190, 1606, 3201, 1285, 3200, 3201, 3202, 3203, 3191, 3191, 3190, 3202, 1606, 1285, 3201, 1111, 1974, 3199, 3200, 1285, 1112, 3198, 3192, 3191, 3191, 3203, 3198, 3196, 3198, 3203, 3203, 3202, 3196, 3201, 3197, 3196, 3202, 3201, 3196, 3204, 3205, 3206, 3206, 3207, 3204, 918, 724, 3204, 3207, 918, 3204, 3208, 3209, 723, 723, 3209, 1888, 918, 3207, 3210, 3210, 3211, 918, 3208, 722, 918, 3207, 3206, 3212, 3212, 3210, 3207, 3211, 3208, 918, 1888, 1113, 723, 723, 722, 3208, 1550, 3213, 3214, 3213, 1550, 915, 3215, 3216, 3204, 3204, 724, 3215, 720, 3214, 3215, 3216, 3217, 3205, 3205, 3204, 3216, 724, 720, 3215, 915, 1918, 3213, 3214, 720, 1550, 3212, 3206, 3205, 3205, 3217, 3212, 3210, 3212, 3217, 3217, 3216, 3210, 3215, 3211, 3210, 3216, 3215, 3210, 3218, 3219, 3220, 3220, 3221, 3218, 1464, 1378, 3218, 3221, 1464, 3218, 1379, 3222, 3223, 3222, 1379, 1465, 3224, 3225, 3218, 3218, 1378, 3224, 1377, 3223, 3224, 3225, 3226, 3219, 3219, 3218, 3225, 1378, 1377, 3224, 1465, 1806, 3222, 3223, 1377, 1379, 1376, 3227, 3228, 1380, 3228, 1860, 1464, 3221, 3229, 3229, 3230, 1464, 3227, 1376, 1464, 3221, 3220, 3231, 3231, 3229, 3221, 3230, 3227, 1464, 1860, 1381, 1380, 3228, 1380, 1376, 3231, 3220, 3219, 3219, 3226, 3231, 3229, 3231, 3226, 3226, 3225, 3229, 3224, 3230, 3229, 3225, 3224, 3229, 3232, 3233, 3234, 3234, 3235, 3232, 1230, 1626, 3232, 3235, 1230, 3232, 1386, 1385, 3236, 1386, 3237, 1832, 1230, 3235, 3238, 3238, 3239, 1230, 3236, 1385, 1230, 3235, 3234, 3240, 3240, 3238, 3235, 3239, 3236, 1230, 1832, 1522, 1386, 3236, 3237, 1386, 3241, 3242, 1520, 3241, 1469, 1468, 3243, 3244, 3232, 3232, 1626, 3243, 1520, 3242, 3243, 3244, 3245, 3233, 3233, 3232, 3244, 1626, 1520, 3243, 1468, 1862, 3241, 1520, 1469, 3241, 3240, 3234, 3233, 3233, 3245, 3240, 3238, 3240, 3245, 3245, 3244, 3238, 3243, 3239, 3238, 3244, 3243, 3238, 3246, 3247, 3248, 3248, 3249, 3246, 1463, 1372, 3246, 3249, 1463, 3246, 1641, 3250, 3251, 3250, 1641, 1367, 3252, 3253, 3246, 3246, 1372, 3252, 1368, 3251, 3252, 3253, 3254, 3247, 3247, 3246, 3253, 1372, 1368, 3252, 1367, 1778, 3250, 3251, 1368, 1641, 3255, 3256, 1375, 1375, 3256, 1804, 1463, 3249, 3257, 3257, 3258, 1463, 3255, 1374, 1463, 3249, 3248, 3259, 3259, 3257, 3249, 3258, 3255, 1463, 1804, 1519, 1375, 1375, 1374, 3255, 3259, 3248, 3247, 3247, 3254, 3259, 3257, 3259, 3254, 3254, 3253, 3257, 3252, 3258, 3257, 3253, 3252, 3257, 3260, 3261, 3262, 3262, 3263, 3260, 1587, 1363, 3260, 3263, 1587, 3260, 1361, 3264, 3265, 1369, 3265, 1776, 1587, 3263, 3266, 3266, 3267, 1587, 3264, 1361, 1587, 3263, 3262, 3268, 3268, 3266, 3263, 3267, 3264, 1587, 1776, 1461, 1369, 3265, 1369, 1361, 1365, 3269, 3270, 3269, 1365, 1364, 3271, 3272, 3260, 3260, 1363, 3271, 1362, 3270, 3271, 3272, 3273, 3261, 3261, 3260, 3272, 1363, 1362, 3271, 1364, 2338, 3269, 3270, 1362, 1365, 3268, 3262, 3261, 3261, 3273, 3268, 3266, 3268, 3273, 3273, 3272, 3266, 3271, 3267, 3266, 3272, 3271, 3266, 3274, 3275, 3276, 3276, 3277, 3274, 1561, 1528, 3274, 3277, 1561, 3274, 3278, 3279, 1562, 1562, 3279, 1748, 1561, 3277, 3280, 3280, 3281, 1561, 3278, 1526, 1561, 3277, 3276, 3282, 3282, 3280, 3277, 3281, 3278, 1561, 1748, 1590, 1562, 1562, 1526, 3278, 1524, 3283, 3284, 3283, 1524, 1558, 3285, 3286, 3274, 3274, 1528, 3285, 1527, 3284, 3285, 3286, 3287, 3275, 3275, 3274, 3286, 1528, 1527, 3285, 1558, 1834, 3283, 3284, 1527, 1524, 3282, 3276, 3275, 3275, 3287, 3282, 3280, 3282, 3287, 3287, 3286, 3280, 3285, 3281, 3280, 3286, 3285, 3280, 3288, 3289, 3290, 3290, 3291, 3288, 1241, 1642, 3288, 3291, 1241, 3288, 3292, 3293, 1478, 1478, 3293, 1720, 1241, 3291, 3294, 3294, 3295, 1241, 3292, 1477, 1241, 3291, 3290, 3296, 3296, 3294, 3291, 3295, 3292, 1241, 1720, 1566, 1478, 1478, 1477, 3292, 1530, 3297, 3298, 3297, 1530, 1529, 3299, 3300, 3288, 3288, 1642, 3299, 1563, 3298, 3299, 3300, 3301, 3289, 3289, 3288, 3300, 1642, 1563, 3299, 1529, 1750, 3297, 3298, 1563, 1530, 3296, 3290, 3289, 3289, 3301, 3296, 3294, 3296, 3301, 3301, 3300, 3294, 3299, 3295, 3294, 3300, 3299, 3294, 3302, 3303, 3304, 3304, 3305, 3302, 1643, 1592, 3302, 3305, 1643, 3302, 1631, 3306, 3307, 1632, 3307, 1692, 1643, 3305, 3308, 3308, 3309, 1643, 3306, 1631, 1643, 3305, 3304, 3310, 3310, 3308, 3305, 3309, 3306, 1643, 1692, 1645, 1632, 3307, 1632, 1631, 1627, 3311, 3312, 3311, 1627, 1532, 3313, 3314, 3302, 3302, 1592, 3313, 1533, 3312, 3313, 3314, 3315, 3303, 3303, 3302, 3314, 1592, 1533, 3313, 1532, 1722, 3311, 3312, 1533, 1627, 3310, 3304, 3303, 3303, 3315, 3310, 3308, 3310, 3315, 3315, 3314, 3308, 3313, 3309, 3308, 3314, 3313, 3308, 260, 2350, 2351, 260, 2376, 2377, 263, 2424, 2425, 237, 1929, 1902, 256, 1783, 1784, 256, 1780, 1781, 256, 1777, 1779, 2377, 2350, 260, 259, 2375, 2376, 263, 2408, 2409, 2425, 2426, 263, 279, 2762, 2763, 1902, 1903, 237, 236, 1928, 1929, 250, 1733, 1706, 253, 1845, 1818, 256, 1817, 1790, 257, 1762, 1763, 257, 1788, 1789, 1784, 1785, 256, 1779, 1780, 256, 2991, 2332, 2333, 259, 2349, 2322, 260, 2360, 2361, 260, 2357, 2358, 260, 2352, 2353, 2376, 260, 259, 259, 2370, 2371, 259, 2368, 2369, 259, 2365, 2367, 263, 2411, 2412, 2409, 2410, 263, 263, 2406, 2407, 263, 2432, 2433, 2426, 2427, 263, 266, 2489, 2462, 279, 2741, 2714, 280, 2769, 2742, 279, 2761, 2762, 283, 2215, 2216, 283, 2213, 2214, 283, 2237, 2210, 285, 2266, 2267, 285, 2292, 2293, 1929, 237, 236, 238, 1985, 1958, 1706, 1707, 250, 249, 1732, 1733, 251, 1761, 1734, 250, 3295, 1752, 1818, 1819, 253, 252, 1844, 1845, 256, 1796, 1797, 1790, 1791, 256, 1789, 1762, 257, 256, 1787, 1788, 1785, 1786, 256, 1781, 1782, 256, 2991, 2331, 2332, 2322, 2323, 259, 258, 2348, 2349, 2361, 2362, 260, 2358, 2359, 260, 260, 2354, 2355, 2351, 2352, 260, 259, 2373, 2374, 2371, 2372, 259, 2367, 2368, 259, 260, 2400, 2401, 263, 2413, 2414, 2410, 2411, 263, 2433, 2406, 263, 263, 2430, 2431, 2427, 2428, 263, 263, 2945, 2452, 266, 2470, 2471, 2462, 2463, 266, 265, 2488, 2489, 269, 2500, 2501, 269, 2495, 2496, 2714, 2715, 279, 278, 2740, 2741, 278, 2729, 2731, 2742, 2743, 280, 279, 2768, 2769, 2763, 2764, 279, 282, 2265, 2238, 2214, 2215, 283, 2210, 2211, 283, 282, 2236, 2237, 285, 2268, 2269, 2293, 2266, 285, 286, 2302, 2303, 286, 2298, 2299, 286, 2294, 2295, 286, 2320, 2321, 285, 2309, 2311, 288, 2209, 2182, 289, 2181, 2154, 237, 1909, 1910, 237, 1905, 1906, 1903, 1904, 237, 1958, 1959, 238, 238, 1983, 1984, 250, 1712, 1713, 1733, 250, 249, 249, 1724, 1725, 249, 1721, 1723, 1734, 1735, 251, 250, 1760, 1761, 3295, 1751, 1752, 253, 1823, 1824, 1845, 253, 252, 252, 1841, 1842, 252, 1836, 1837, 252, 1833, 1835, 254, 1851, 1852, 256, 1795, 1796, 1791, 1792, 256, 256, 1815, 1816, 256, 1812, 1813, 1788, 257, 256, 1782, 1783, 256, 2333, 2334, 2991, 2991, 2329, 2330, 259, 2327, 2328, 2349, 259, 258, 2359, 2360, 260, 2355, 2356, 260, 2374, 2375, 259, 2369, 2370, 259, 259, 2990, 2989, 261, 2405, 2378, 260, 2404, 2405, 2401, 2402, 260, 262, 2384, 2385, 262, 261, 2379, 263, 2415, 2416, 2412, 2413, 263, 2431, 2432, 263, 2428, 2429, 263, 262, 2421, 2423, 2452, 2453, 263, 2471, 2472, 266, 266, 2466, 2467, 2489, 266, 265, 267, 2518, 2519, 267, 2544, 2545, 2501, 2907, 269, 269, 2498, 2499, 2496, 2497, 269, 269, 2492, 2493, 269, 2490, 2491, 269, 2516, 2517, 269, 2566, 2567, 272, 2584, 2585, 272, 2581, 2582, 273, 2611, 2612, 2741, 279, 278, 278, 2738, 2739, 2731, 2732, 278, 2769, 280, 279, 2764, 2765, 279, 279, 2791, 2760, 2238, 2239, 282, 281, 2264, 2265, 281, 2261, 2262, 283, 2218, 2219, 2216, 2217, 283, 2237, 283, 282, 282, 2232, 2233, 282, 2229, 2230, 282, 3034, 2228, 285, 2270, 2271, 2267, 2268, 285, 285, 2290, 2291, 285, 2288, 2289, 286, 2305, 2306, 286, 2301, 2302, 2299, 2300, 286, 2321, 2294, 286, 285, 2319, 2320, 285, 2316, 2317, 2311, 2312, 285, 288, 2188, 2189, 2182, 2183, 288, 287, 2208, 2209, 2154, 2155, 289, 288, 2180, 2181, 288, 2171, 2172, 234, 2125, 2098, 1910, 1911, 237, 237, 1907, 1908, 1904, 1905, 237, 1984, 1985, 238, 250, 1715, 1716, 1713, 1714, 250, 1707, 1708, 250, 249, 1726, 1727, 1723, 1724, 249, 251, 1736, 1737, 1761, 251, 250, 250, 1755, 1756, 250, 1753, 1754, 3295, 1749, 1751, 252, 251, 1740, 1824, 1825, 253, 253, 1821, 1822, 1819, 1820, 253, 1842, 1843, 252, 252, 1838, 1839, 1835, 1836, 252, 254, 1856, 1857, 1852, 1853, 254, 254, 1846, 1847, 254, 1872, 1873, 253, 1867, 1868, 256, 1799, 1800, 1797, 1798, 256, 256, 1793, 1794, 1816, 1817, 256, 1813, 1814, 256, 255, 1810, 1811, 257, 1770, 1771, 257, 1768, 1769, 257, 1766, 1767, 257, 1764, 1765, 1786, 1787, 256, 257, 2341, 2342, 2991, 2336, 2985, 2330, 2331, 2991, 2328, 2991, 259, 259, 2325, 2326, 2323, 2324, 259, 260, 2364, 2970, 2356, 2357, 260, 2372, 2373, 259, 259, 2991, 2990, 2405, 261, 260, 2402, 2403, 260, 260, 2398, 2399, 260, 2973, 2396, 262, 2387, 2388, 262, 2383, 2384, 262, 2381, 2382, 2379, 2380, 262, 263, 2417, 2418, 2414, 2415, 263, 2429, 2430, 263, 2423, 263, 262, 262, 2962, 2961, 264, 2461, 2434, 263, 2456, 2457, 2453, 2454, 263, 265, 2438, 2439, 2472, 2473, 266, 2467, 2468, 266, 2463, 2464, 266, 265, 2482, 2483, 265, 2479, 2480, 2545, 2518, 267, 266, 2543, 2544, 266, 2541, 2542, 266, 2538, 2539, 2501, 2502, 2907, 2497, 2498, 269, 2493, 2494, 269, 2517, 2490, 269, 269, 2507, 2508, 270, 2549, 2550, 270, 2573, 2546, 2567, 2568, 269, 269, 2564, 2565, 269, 2561, 2563, 2585, 2865, 272, 272, 2580, 2581, 272, 2574, 2575, 272, 2600, 2601, 273, 2613, 2614, 273, 2610, 2611, 273, 2607, 2608, 273, 2629, 2602, 2739, 2740, 278, 2732, 2733, 278, 2743, 2744, 280, 279, 2766, 2767, 2760, 2761, 279, 2791, 2757, 2759, 282, 2242, 2243, 282, 2240, 2241, 2265, 282, 281, 2262, 2263, 281, 281, 2259, 2260, 281, 2256, 2257, 281, 2253, 2255, 283, 2221, 2222, 2217, 2218, 283, 2211, 2212, 283, 282, 2234, 2235, 282, 2231, 2232, 2228, 2229, 282, 3034, 2225, 2227, 3019, 2276, 2277, 285, 2275, 2276, 285, 2273, 2274, 2271, 2272, 285, 2291, 2292, 285, 285, 2287, 2288, 286, 2304, 2305, 2300, 2301, 286, 2320, 286, 285, 2317, 2318, 285, 285, 2314, 2315, 2312, 2313, 285, 288, 2191, 2192, 2189, 2190, 288, 288, 2186, 2187, 2209, 288, 287, 289, 2162, 2163, 289, 2160, 2161, 289, 2158, 2159, 289, 2156, 2157, 2181, 289, 288, 288, 2177, 2178, 288, 2169, 2171, 2098, 2099, 234, 234, 2123, 2124, 234, 2120, 2121, 234, 1897, 1898, 1911, 1912, 237, 1906, 1907, 237, 236, 1925, 1926, 236, 1922, 1923, 238, 1964, 1965, 1959, 1960, 238, 238, 1981, 1982, 244, 2069, 2042, 3112, 2080, 2081, 247, 1659, 1660, 247, 1657, 1658, 247, 1653, 1654, 247, 1650, 1651, 247, 1676, 1677, 246, 1670, 1671, 250, 1717, 1718, 1714, 1715, 250, 250, 1710, 1711, 1708, 1709, 250, 249, 1728, 1729, 1725, 1726, 249, 1735, 1736, 251, 250, 1758, 1759, 1756, 1757, 250, 1752, 1753, 250, 3284, 3278, 3281, 3283, 252, 1743, 1740, 1741, 252, 1822, 1823, 253, 1843, 1844, 252, 1837, 1838, 252, 254, 1855, 1856, 1853, 1854, 254, 1873, 1846, 254, 253, 1871, 1872, 1868, 1869, 253, 253, 3239, 1864, 3239, 1861, 1863, 1800, 3252, 256, 1794, 1795, 256, 1814, 1815, 256, 1811, 256, 255, 257, 1773, 1774, 1771, 1772, 257, 1767, 1768, 257, 1763, 1764, 257, 256, 3251, 3250, 257, 2346, 2347, 257, 2344, 2345, 2342, 2343, 257, 257, 3264, 2340, 2985, 2984, 2991, 2328, 2329, 2991, 2324, 2325, 259, 260, 2363, 2364, 2353, 2354, 260, 2989, 2366, 259, 2403, 2404, 260, 260, 2397, 2398, 2973, 2395, 2396, 2973, 2976, 2975, 2963, 2392, 2957, 2963, 2389, 2390, 2388, 2963, 262, 2385, 2386, 262, 2380, 2381, 262, 263, 2420, 2942, 2416, 2417, 263, 2423, 2424, 263, 262, 2963, 2962, 2434, 2435, 264, 263, 2460, 2461, 2457, 2458, 263, 2454, 2455, 263, 2945, 2449, 2451, 2439, 2440, 265, 265, 264, 2437, 2473, 2474, 266, 2468, 2469, 266, 2464, 2465, 266, 265, 2486, 2487, 2483, 2484, 265, 265, 2477, 2479, 2544, 267, 266, 266, 2540, 2541, 266, 2537, 2538, 266, 2917, 2536, 2499, 2500, 269, 2491, 2492, 269, 269, 2512, 2513, 269, 2509, 2510, 269, 2505, 2507, 270, 2553, 2554, 2550, 2551, 270, 2546, 2547, 270, 269, 2572, 2573, 2568, 2569, 269, 2563, 2564, 269, 2585, 2586, 2865, 2582, 2583, 272, 2601, 2574, 272, 271, 2599, 2600, 2612, 2613, 273, 2608, 2609, 273, 2602, 2603, 273, 272, 2628, 2629, 276, 2664, 2665, 278, 2695, 2696, 2715, 2716, 279, 2733, 2734, 278, 2767, 2768, 279, 2759, 2760, 2791, 2775, 2779, 2782, 2774, 2752, 2753, 281, 2750, 2751, 282, 2249, 2250, 282, 2247, 2248, 282, 2245, 2246, 2241, 2242, 282, 2263, 2264, 281, 281, 2258, 2259, 2255, 2256, 281, 283, 2220, 2221, 2212, 2213, 283, 2233, 2234, 282, 2227, 2228, 3034, 3034, 3027, 3026, 2286, 284, 283, 3046, 3040, 3043, 3041, 3040, 3045, 2276, 3019, 285, 2272, 2273, 285, 2289, 2290, 285, 284, 2286, 2287, 2303, 2304, 286, 286, 2296, 2297, 2318, 2319, 285, 2313, 2314, 285, 285, 3018, 3017, 286, 2204, 2205, 286, 2202, 2203, 286, 3003, 2200, 3003, 2197, 2199, 2192, 3056, 288, 2187, 2188, 288, 2183, 2184, 288, 289, 2165, 2166, 2163, 2164, 289, 2159, 2160, 289, 2155, 2156, 289, 288, 2176, 2177, 288, 2174, 2175, 2172, 2173, 288, 289, 2148, 2149, 2124, 2125, 234, 2121, 2122, 234, 234, 2118, 2119, 234, 2116, 2117, 235, 1901, 1874, 234, 1896, 1897, 234, 1893, 1894, 236, 1882, 1883, 236, 1878, 1879, 236, 235, 1877, 237, 1913, 1914, 1908, 1909, 237, 1926, 1927, 236, 1923, 1924, 236, 238, 1963, 1964, 238, 1961, 1962, 1982, 1983, 238, 237, 1980, 1981, 237, 3197, 1976, 241, 2013, 1986, 2042, 2043, 244, 243, 2068, 2069, 243, 2059, 2060, 244, 2091, 2092, 244, 3127, 2088, 2081, 2082, 3112, 3112, 2078, 2079, 246, 2076, 2077, 1660, 1661, 247, 247, 1656, 1657, 1654, 1655, 247, 1677, 1650, 247, 1671, 1672, 246, 247, 1699, 1700, 247, 3316, 1696, 1716, 1717, 250, 1709, 1710, 250, 249, 1730, 1731, 1727, 1728, 249, 249, 3312, 3311, 1759, 1760, 250, 1754, 1755, 250, 3295, 3298, 3297, 3281, 3285, 3284, 3283, 1748, 3279, 1743, 1744, 3283, 1741, 1742, 252, 253, 1827, 1828, 1820, 1821, 253, 1839, 1840, 252, 1854, 1855, 254, 254, 1848, 1849, 1872, 254, 253, 1869, 1870, 253, 253, 1865, 1866, 1863, 1864, 3239, 3252, 1804, 3256, 1798, 1799, 256, 1811, 1812, 256, 1772, 1773, 257, 1765, 1766, 257, 256, 3252, 3251, 2347, 258, 257, 2343, 2344, 257, 3264, 2339, 2340, 3264, 3270, 3269, 3270, 3264, 3267, 2991, 2335, 2336, 2326, 2327, 259, 2970, 2973, 260, 2366, 2365, 259, 2399, 2400, 260, 2973, 2393, 2395, 2973, 2977, 2976, 2957, 2956, 2963, 2388, 2389, 2963, 2382, 2383, 262, 263, 2419, 2420, 2407, 2408, 263, 2961, 2422, 262, 2461, 264, 263, 2458, 2459, 263, 2451, 2452, 2945, 2945, 2948, 2947, 265, 2444, 2445, 2437, 2438, 265, 2469, 2470, 266, 2487, 2488, 265, 2484, 2485, 265, 2480, 2481, 265, 267, 2525, 2526, 267, 2521, 2522, 2519, 2520, 267, 2539, 2540, 266, 2917, 2535, 2536, 2886, 2532, 2892, 2887, 2891, 2894, 2527, 2506, 268, 2494, 2495, 269, 269, 2514, 2515, 269, 2511, 2512, 2508, 2509, 269, 270, 2556, 2557, 2554, 2555, 270, 2551, 2552, 270, 2573, 270, 269, 269, 2570, 2571, 2565, 2566, 269, 2873, 2593, 2594, 2873, 2589, 2591, 2877, 2872, 2875, 2583, 2584, 272, 272, 2578, 2579, 272, 2576, 2577, 2600, 272, 271, 2609, 2610, 273, 273, 2605, 2606, 2629, 273, 272, 272, 2622, 2623, 275, 2635, 2636, 275, 2633, 2634, 276, 2667, 2668, 2665, 2666, 276, 276, 2685, 2658, 2696, 2809, 278, 278, 2691, 2692, 279, 2725, 2726, 279, 2723, 2724, 279, 2720, 2721, 279, 2718, 2719, 2716, 2717, 279, 278, 2736, 2737, 2734, 2735, 278, 280, 2745, 2746, 2765, 2766, 279, 2791, 2794, 2793, 2782, 2776, 2775, 2774, 2756, 2780, 2753, 2754, 2774, 2751, 2774, 281, 281, 280, 2748, 2248, 2249, 282, 282, 2244, 2245, 2239, 2240, 282, 2257, 2258, 281, 2219, 2220, 283, 2230, 2231, 282, 3034, 3028, 3027, 2224, 2285, 2286, 2224, 2283, 2284, 3043, 3047, 3046, 2282, 2224, 3041, 3019, 2280, 3013, 2274, 2275, 285, 2287, 285, 284, 2297, 2298, 286, 2315, 2316, 285, 285, 3019, 3018, 287, 2206, 2207, 2205, 287, 286, 286, 2201, 2202, 2199, 2200, 3003, 3003, 2999, 2998, 2999, 3003, 3006, 3056, 2196, 3060, 2190, 2191, 288, 2184, 2185, 288, 2164, 2165, 289, 2157, 2158, 289, 2178, 2179, 288, 2173, 2174, 288, 288, 3055, 3054, 2149, 2150, 289, 289, 2145, 2146, 234, 2108, 2109, 2122, 2123, 234, 2117, 2118, 234, 233, 2113, 2115, 1874, 1875, 235, 234, 1900, 1901, 1898, 1899, 234, 1894, 1895, 234, 1883, 3214, 236, 236, 1880, 1881, 1877, 1878, 236, 1912, 1913, 237, 1924, 1925, 236, 236, 1920, 1921, 236, 1917, 1919, 1962, 1963, 238, 1981, 238, 237, 3197, 1975, 1976, 1967, 1946, 239, 1986, 1987, 241, 241, 2011, 2012, 243, 2021, 2022, 244, 2045, 2046, 2069, 244, 243, 2060, 2061, 243, 245, 2096, 2097, 244, 2095, 2096, 244, 2090, 2091, 2088, 2089, 244, 2079, 2080, 3112, 2077, 3112, 246, 246, 2074, 2075, 246, 2072, 2073, 1661, 1662, 247, 1655, 1656, 247, 1651, 1652, 247, 246, 1675, 1676, 1672, 1673, 246, 246, 1668, 1669, 246, 1665, 1667, 247, 1701, 1702, 247, 1698, 1699, 3316, 1695, 1696, 3313, 1686, 1687, 250, 1720, 3292, 1711, 1712, 250, 1729, 1730, 249, 249, 3313, 3312, 251, 1738, 1739, 1757, 1758, 250, 3295, 3299, 3298, 3279, 3278, 3283, 3283, 1745, 1746, 1742, 1743, 252, 253, 1826, 1827, 1840, 1841, 252, 1857, 1858, 254, 1849, 1850, 254, 1870, 1871, 253, 1864, 1865, 253, 3239, 3242, 3241, 1810, 255, 254, 3222, 1860, 3228, 3223, 3227, 3230, 3256, 3255, 3252, 3252, 1801, 1802, 1792, 1793, 256, 257, 1775, 1776, 1769, 1770, 257, 3250, 1778, 256, 2345, 2346, 257, 3264, 2337, 2339, 3267, 3271, 3270, 2334, 2335, 2991, 2362, 2363, 260, 2396, 2397, 260, 2975, 2394, 2973, 2963, 2391, 2392, 2386, 2387, 262, 2942, 2945, 263, 2422, 2421, 262, 2435, 2436, 264, 2455, 2456, 263, 2945, 2949, 2948, 2934, 2928, 2931, 2934, 2448, 2929, 2445, 2934, 265, 265, 2442, 2443, 2440, 2441, 265, 266, 2476, 2914, 2465, 2466, 266, 2481, 2482, 265, 265, 2934, 2933, 267, 2524, 2525, 2522, 2523, 267, 2542, 2543, 266, 2917, 2533, 2535, 2917, 2920, 2919, 2892, 2887, 2886, 2887, 2892, 2891, 268, 267, 2527, 2907, 2504, 2901, 2515, 2516, 269, 2510, 2511, 269, 2557, 2558, 270, 2552, 2553, 270, 2547, 2548, 270, 2569, 2570, 269, 269, 2906, 2905, 270, 2595, 2596, 2594, 270, 2873, 2591, 2592, 2873, 2875, 2879, 2877, 2873, 2872, 2878, 2865, 2588, 2859, 2579, 2580, 272, 2575, 2576, 272, 2606, 2607, 273, 2603, 2604, 273, 2623, 2624, 272, 272, 2620, 2621, 272, 2617, 2619, 273, 2651, 2652, 273, 2847, 2648, 2634, 2635, 275, 2631, 275, 274, 2666, 2667, 276, 276, 2662, 2663, 2658, 2659, 276, 275, 2684, 2685, 277, 2712, 2713, 276, 2707, 2708, 2696, 2697, 2809, 2692, 2693, 278, 278, 2688, 2689, 2724, 2725, 279, 2721, 2722, 279, 2717, 2718, 279, 2735, 2736, 278, 278, 2808, 2807, 2744, 2745, 280, 2791, 2795, 2794, 2780, 2779, 2774, 2751, 2752, 2774, 2748, 2749, 281, 282, 2252, 3031, 2246, 2247, 282, 2260, 2261, 281, 2235, 2236, 282, 3026, 2226, 3034, 2284, 2285, 2224, 3045, 2282, 3041, 3013, 3012, 3019, 2269, 2270, 285, 286, 2307, 2308, 2295, 2296, 286, 3017, 2310, 285, 2205, 2206, 287, 2200, 2201, 286, 3006, 3000, 2999, 3060, 3059, 3056, 3056, 2193, 2194, 2185, 2186, 288, 289, 2168, 3073, 2161, 2162, 289, 2175, 2176, 288, 288, 3056, 3055, 2150, 2151, 289, 2146, 2147, 289, 289, 3076, 2144, 3076, 2141, 2143, 3084, 2136, 2137, 233, 2135, 2136, 233, 2132, 2133, 234, 2107, 2108, 234, 2104, 2105, 234, 2102, 2103, 234, 2100, 2101, 2119, 2120, 234, 2115, 234, 233, 1901, 235, 234, 1895, 1896, 234, 234, 3104, 1892, 3104, 1889, 1891, 3214, 3208, 3211, 3214, 1888, 3209, 1883, 1884, 3214, 1879, 1880, 236, 237, 1916, 3194, 1927, 1928, 236, 1919, 1920, 236, 236, 3214, 3213, 1960, 1961, 238, 237, 1978, 1979, 1976, 1977, 237, 3166, 1972, 3172, 3167, 3171, 3174, 239, 238, 1967, 3187, 1941, 1942, 3187, 1939, 1940, 240, 1951, 1952, 240, 1947, 1948, 241, 1997, 1998, 241, 1995, 1996, 241, 1992, 1993, 2012, 2013, 241, 240, 2010, 2011, 243, 2020, 2021, 243, 2014, 2015, 243, 2040, 2041, 244, 2049, 2050, 2046, 2047, 244, 2043, 2044, 244, 243, 2062, 2063, 243, 2057, 2059, 2096, 245, 244, 244, 2093, 2094, 2089, 2090, 244, 3127, 2085, 2087, 3127, 3130, 3129, 3112, 2084, 3116, 2077, 2078, 3112, 2073, 2074, 246, 2071, 246, 245, 1658, 1659, 247, 1676, 247, 246, 1673, 1674, 246, 1667, 1668, 246, 246, 3111, 3110, 248, 1704, 1705, 1700, 1701, 247, 1696, 1697, 247, 1687, 1688, 3313, 249, 1685, 1686, 249, 1683, 1684, 249, 1681, 1682, 249, 248, 1679, 250, 1719, 1720, 1731, 1732, 249, 3311, 1722, 249, 1737, 1738, 251, 3297, 1750, 3295, 3283, 1747, 1748, 1744, 1745, 3283, 253, 1832, 3236, 253, 1829, 1830, 1825, 1826, 253, 1850, 1851, 254, 1866, 1867, 253, 3239, 3243, 3242, 1860, 1809, 1810, 1860, 1807, 1808, 3228, 3223, 3222, 3223, 3228, 3227, 3252, 1803, 1804, 1800, 1801, 3252, 1776, 3264, 257, 1778, 1777, 256, 2340, 2341, 257, 3269, 2338, 3264, 2364, 2971, 2970, 2394, 2393, 2973, 2390, 2391, 2963, 2418, 2419, 263, 2459, 2460, 263, 2947, 2450, 2945, 2929, 2928, 2934, 2445, 2446, 2934, 2441, 2442, 265, 266, 2475, 2476, 2485, 2486, 265, 2933, 2478, 265, 2523, 2524, 267, 2536, 2537, 266, 2917, 2921, 2920, 2894, 2888, 2887, 2506, 2529, 2530, 2527, 2528, 2506, 2901, 2900, 2907, 2513, 2514, 269, 268, 2506, 2505, 2555, 2556, 270, 2571, 2572, 269, 269, 2907, 2906, 2596, 271, 270, 2592, 2593, 2873, 2878, 2590, 2873, 2859, 2858, 2865, 2577, 2578, 272, 271, 2597, 2598, 2604, 2605, 273, 272, 2626, 2627, 2624, 2625, 272, 2619, 2620, 272, 272, 2864, 2863, 273, 2656, 2657, 273, 2653, 2654, 273, 2650, 2651, 2648, 2649, 273, 275, 2638, 2639, 2636, 2637, 275, 274, 2630, 2631, 276, 2669, 2670, 2663, 2664, 276, 276, 2660, 2661, 2685, 276, 275, 275, 2680, 2681, 275, 2676, 2677, 2713, 2686, 277, 276, 2711, 2712, 276, 2709, 2710, 276, 2706, 2707, 276, 2819, 2704, 2809, 2700, 2803, 2697, 2698, 2809, 2693, 2694, 278, 2689, 2690, 278, 278, 277, 2687, 279, 2728, 2788, 2722, 2723, 279, 2737, 2738, 278, 278, 2809, 2808, 2746, 2747, 280, 2793, 2758, 2791, 2774, 2755, 2756, 2749, 2750, 281, 282, 2251, 2252, 2243, 2244, 282, 281, 2774, 2254, 2226, 2225, 3034, 2224, 2281, 2283, 3046, 3045, 3040, 3019, 2279, 2280, 2277, 2278, 3019, 2308, 3003, 286, 2310, 2309, 285, 2203, 2204, 286, 2998, 2198, 3003, 3056, 2195, 2196, 2192, 2193, 3056, 289, 2167, 2168, 2179, 2180, 288, 3054, 2170, 288, 232, 2153, 2126, 289, 2152, 2153, 2147, 2148, 289, 2143, 2144, 3076, 3076, 3069, 3068, 2136, 3084, 233, 2133, 2134, 233, 233, 2128, 2129, 233, 232, 2127, 2109, 2110, 234, 2105, 2106, 234, 2101, 2102, 234, 2115, 2116, 234, 233, 3083, 3082, 1899, 1900, 234, 1891, 1892, 3104, 3104, 3097, 3096, 3209, 3208, 3214, 3214, 1885, 1886, 1881, 1882, 236, 237, 1915, 1916, 1921, 1922, 236, 3213, 1918, 236, 1965, 1966, 238, 1977, 1978, 237, 3197, 3200, 3199, 3172, 3167, 3166, 3167, 3172, 3171, 1967, 1968, 1946, 1940, 1941, 3187, 3187, 1937, 1938, 240, 1935, 1936, 240, 1957, 1930, 1952, 1953, 240, 240, 1949, 1950, 240, 1945, 1947, 1996, 1997, 241, 1993, 1994, 241, 2011, 241, 240, 240, 2006, 2007, 240, 2003, 2004, 243, 2024, 2025, 2022, 2023, 243, 2041, 2014, 243, 243, 2038, 2039, 244, 2053, 2054, 244, 2051, 2052, 244, 2048, 2049, 2044, 2045, 244, 243, 2064, 2065, 2061, 2062, 243, 2094, 2095, 244, 2087, 2088, 3127, 3127, 3131, 3130, 3116, 3115, 3112, 2075, 2076, 246, 245, 2070, 2071, 247, 1664, 3317, 1652, 1653, 247, 1669, 1670, 246, 246, 3112, 3111, 1705, 1678, 248, 247, 1703, 1704, 1697, 1698, 247, 3316, 3318, 3319, 3313, 1692, 3307, 3313, 1689, 1690, 1686, 3313, 249, 1682, 1683, 249, 1679, 1680, 249, 3292, 3295, 250, 1722, 1721, 249, 1750, 1749, 3295, 1746, 1747, 3283, 253, 1831, 1832, 1828, 1829, 253, 252, 3283, 1834, 1847, 1848, 254, 3241, 1862, 3239, 1808, 1809, 1860, 3230, 3224, 3223, 1802, 1803, 3252, 1774, 1775, 257, 2338, 2337, 3264, 2378, 2379, 261, 2420, 2943, 2942, 2450, 2449, 2945, 2934, 2447, 2448, 2443, 2444, 265, 2914, 2917, 266, 2478, 2477, 265, 2520, 2521, 267, 2919, 2534, 2917, 2506, 2531, 2532, 2528, 2529, 2506, 2907, 2503, 2504, 2505, 269, 268, 2548, 2549, 270, 2905, 2562, 269, 2594, 2595, 270, 2877, 2878, 2872, 2865, 2587, 2588, 2598, 2599, 271, 273, 2616, 2844, 2627, 2628, 272, 2621, 2622, 272, 272, 2865, 2864, 2657, 274, 273, 2654, 2655, 273, 2649, 2650, 273, 2847, 2645, 2647, 2847, 2850, 2849, 2837, 2644, 2831, 2837, 2641, 2642, 275, 2640, 2641, 2637, 2638, 275, 2631, 2632, 275, 2668, 2669, 276, 2659, 2660, 276, 2681, 2682, 275, 275, 2675, 2676, 2712, 277, 276, 2708, 2709, 276, 2704, 2705, 276, 2819, 2701, 2703, 2819, 2822, 2821, 2803, 2802, 2809, 2694, 2695, 278, 2687, 2688, 278, 279, 2727, 2728, 2719, 2720, 279, 2807, 2730, 278, 2758, 2757, 2791, 2754, 2755, 2774, 3031, 3034, 282, 2254, 2253, 281, 2222, 2223, 283, 2282, 2281, 2224, 2278, 2279, 3019, 2306, 2307, 286, 2198, 2197, 3003, 2194, 2195, 3056, 3073, 3076, 289, 2170, 2169, 288, 2153, 232, 289, 2144, 2145, 289, 3076, 3070, 3069, 3084, 2140, 3088, 2134, 2135, 233, 233, 2130, 2131, 2127, 2128, 233, 234, 2112, 3101, 2106, 2107, 234, 2099, 2100, 234, 233, 3084, 3083, 1892, 1893, 234, 3104, 3098, 3097, 3214, 1887, 1888, 1884, 1885, 3214, 3194, 3197, 237, 1918, 1917, 236, 1979, 1980, 237, 3197, 3201, 3200, 3174, 3168, 3167, 1968, 1969, 1946, 1938, 1939, 3187, 1936, 3187, 240, 240, 1932, 1933, 1930, 1931, 240, 240, 1955, 1956, 1953, 1954, 240, 1948, 1949, 240, 1994, 1995, 241, 241, 1990, 1991, 1987, 1988, 241, 2007, 2008, 240, 2004, 2005, 240, 3153, 2033, 2034, 3145, 2025, 2026, 2023, 2024, 243, 2039, 2040, 243, 242, 2037, 2038, 2052, 2053, 244, 2047, 2048, 244, 243, 2066, 2067, 2063, 2064, 243, 243, 3144, 3143, 2092, 2093, 244, 3129, 2086, 3127, 3112, 2083, 2084, 2071, 2072, 246, 247, 1663, 1664, 1674, 1675, 246, 3110, 1666, 246, 1704, 248, 247, 3316, 1693, 1695, 3316, 3320, 3318, 3307, 3306, 3313, 1688, 1689, 3313, 1680, 1681, 249, 1718, 1719, 250, 3284, 3283, 3278, 3236, 3239, 253, 1834, 1833, 252, 1862, 1861, 3239, 1860, 1805, 1807, 3222, 1806, 1860, 1776, 3265, 3264, 2984, 2987, 2991, 2436, 2437, 264, 2446, 2447, 2934, 2474, 2475, 266, 2534, 2533, 2917, 2530, 2531, 2506, 2502, 2503, 2907, 270, 2559, 2560, 2562, 2561, 269, 2590, 2589, 2873, 2586, 2587, 2865, 273, 2615, 2616, 2625, 2626, 272, 2863, 2618, 272, 2655, 2656, 273, 2647, 2648, 2847, 2847, 2851, 2850, 2831, 2830, 2837, 2641, 2837, 275, 2632, 2633, 275, 2661, 2662, 276, 2682, 2683, 275, 275, 2678, 2679, 275, 2673, 2675, 275, 2836, 2835, 2710, 2711, 276, 2703, 2704, 2819, 2819, 2823, 2822, 2809, 2699, 2700, 2690, 2691, 278, 2788, 2791, 279, 2730, 2729, 278, 2775, 2774, 2779, 2250, 2251, 282, 283, 2224, 2286, 2308, 3004, 3003, 3059, 3062, 3056, 2166, 2167, 289, 2151, 2152, 289, 3068, 2142, 3076, 3088, 3087, 3084, 2137, 2138, 3084, 2129, 2130, 233, 234, 2111, 2112, 2103, 2104, 234, 3082, 2114, 233, 1875, 1876, 235, 3096, 1890, 3104, 1886, 1887, 3214, 1914, 1915, 237, 3197, 1973, 1975, 3199, 1974, 3197, 1946, 1971, 1972, 1969, 1970, 1946, 1936, 1937, 3187, 1933, 1934, 240, 1956, 1957, 240, 1950, 1951, 240, 1991, 1992, 241, 1988, 1989, 241, 2008, 2009, 240, 240, 2001, 2003, 240, 3186, 3185, 2034, 241, 3153, 3158, 3152, 3155, 3145, 2028, 3139, 2025, 3145, 243, 243, 2018, 2019, 243, 2016, 2017, 2038, 243, 242, 244, 2056, 3124, 2050, 2051, 244, 2065, 2066, 243, 243, 3145, 3144, 2086, 2085, 3127, 2082, 2083, 3112, 3317, 3316, 247, 1666, 1665, 246, 1702, 1703, 247, 3319, 1694, 3316, 3313, 1691, 1692, 1684, 1685, 249, 1739, 1740, 251, 1830, 1831, 253, 1858, 1859, 254, 1806, 1805, 1860, 2347, 2348, 258, 2931, 2935, 2934, 2526, 2527, 267, 2900, 2903, 2907, 2558, 2559, 270, 2858, 2861, 2865, 2844, 2847, 273, 2618, 2617, 272, 2652, 2653, 273, 2849, 2646, 2847, 2837, 2643, 2644, 2639, 2640, 275, 276, 2672, 2816, 2683, 2684, 275, 2677, 2678, 275, 275, 2837, 2836, 2705, 2706, 276, 2821, 2702, 2819, 2698, 2699, 2809, 2726, 2727, 279, 2252, 3032, 3031, 3012, 3015, 3019, 2168, 3074, 3073, 2142, 2141, 3076, 3084, 2139, 2140, 2131, 2132, 233, 3101, 3104, 234, 2114, 2113, 233, 1890, 1889, 3104, 1916, 3195, 3194, 1974, 1973, 3197, 1970, 1971, 1946, 3187, 1944, 3181, 1934, 1935, 240, 1954, 1955, 240, 1989, 1990, 241, 2005, 2006, 240, 240, 3187, 3186, 241, 2036, 2037, 2034, 2035, 241, 3153, 2031, 2032, 3155, 3159, 3158, 3153, 3152, 3157, 3139, 3138, 3145, 2019, 2020, 243, 2015, 2016, 243, 244, 2055, 2056, 2067, 2068, 243, 3143, 2058, 243, 3115, 3118, 3112, 1662, 1663, 247, 1694, 1693, 3316, 1690, 1691, 3313, 1832, 3237, 3236, 254, 1860, 1810, 2956, 2959, 2963, 2886, 2506, 2532, 2596, 2597, 271, 2614, 2615, 273, 2646, 2645, 2847, 2642, 2643, 2837, 276, 2671, 2672, 2679, 2680, 275, 2835, 2674, 275, 2702, 2701, 2819, 2728, 2789, 2788, 2223, 2224, 283, 2126, 2127, 232, 2138, 2139, 3084, 2110, 2111, 234, 3211, 3215, 3214, 3166, 1946, 1972, 3181, 3180, 3187, 1931, 1932, 240, 239, 1946, 1945, 2009, 2010, 240, 3185, 2002, 240, 2035, 2036, 241, 3153, 2029, 2031, 3157, 2030, 3153, 3145, 2027, 2028, 2017, 2018, 243, 3124, 3127, 244, 2058, 2057, 243, 1664, 3321, 3317, 3306, 3309, 3313, 1859, 1860, 254, 2476, 2915, 2914, 2616, 2845, 2844, 2830, 2833, 2837, 2816, 2819, 276, 2674, 2673, 275, 2802, 2805, 2809, 2207, 2208, 287, 2112, 3102, 3101, 1966, 1967, 238, 3187, 1943, 1944, 1945, 240, 239, 241, 1999, 2000, 2002, 2001, 240, 2032, 2033, 3153, 3158, 3157, 3152, 2026, 2027, 3145, 2054, 2055, 244, 1678, 1679, 248, 3255, 3258, 3252, 2657, 2630, 274, 2670, 2671, 276, 2747, 2748, 280, 1876, 1877, 235, 1942, 1943, 3187, 1998, 1999, 241, 2030, 2029, 3153, 2056, 3125, 3124, 1720, 3293, 3292, 2672, 2817, 2816, 3087, 3090, 3084, 2000, 3153, 241, 3138, 3141, 3145, 2560, 2873, 270, 3180, 3183, 3187, 2097, 2070, 245, 2037, 242, 241, 2686, 2687, 277, 3317, 3321, 1574, 1574, 3321, 1664, 1601, 3322, 3323, 3323, 3316, 1601, 3317, 1573, 1601, 3322, 3324, 3325, 3325, 3323, 3322, 3316, 3317, 1601, 1664, 1618, 1574, 1574, 1573, 3317, 1634, 3319, 3318, 3319, 1634, 1633, 3320, 3326, 3327, 3327, 1648, 3320, 1644, 3318, 3320, 3326, 3328, 3329, 3329, 3327, 3326, 1648, 1644, 3320, 1633, 1694, 3319, 3318, 1644, 1634, 3327, 3329, 3324, 3324, 3322, 3327, 1601, 1648, 3327, 3322, 1601, 3327, 3323, 3325, 3328, 3328, 3326, 3323, 3320, 3316, 3323, 3326, 3320, 3323, 3325, 3324, 3329, 3329, 3328, 3325]
            custom float newton:contactGap = 0.0001
            custom float newton:contactMargin = 0
            custom bool newton:hydroelasticEnabled = 1
            custom float newton:hydroelasticStiffness = 100000000
            custom int newton:sdfMaxResolution = 256
            custom float newton:sdfNarrowBandInner = -0.005
            custom float newton:sdfNarrowBandOuter = 0.005
            custom float newton:sdfPadding = 0.005
            custom token newton:sdfTextureFormat = "uint16"
            uniform token physics:approximation = "sdf"
            bool physics:collisionEnabled = 1
            custom float physxCollision:contactOffset = 0.0001
            custom float physxCollision:restOffset = 0
            point3f[] points = [(-0.0017653, 0.0224306, -0.00375), (-0.0017653, 0.0224306, 0.01875), (0.0006702, 0.02249, 0.01875), (0.0006702, 0.02249, -0.00375), (0.0030979, 0.0222857, 0.01875), (0.0030979, 0.0222857, -0.00375), (0.0054892, 0.0218201, 0.01875), (0.0054892, 0.0218201, -0.00375), (0.0078162, 0.0210987, 0.01875), (0.0078162, 0.0210987, -0.00375), (0.0100516, 0.02013, 0.01875), (0.0100516, 0.02013, -0.00375), (0.0121691, 0.0189252, 0.01875), (0.0121691, 0.0189252, -0.00375), (0.0141439, 0.0174986, 0.01875), (0.0141439, 0.0174986, -0.00375), (0.0159529, 0.0158668, 0.01875), (0.0159529, 0.0158668, -0.00375), (0.0175749, 0.0140489, 0.01875), (0.0175749, 0.0140489, -0.00375), (0.0189908, 0.0120664, 0.01875), (0.0189908, 0.0120664, -0.00375), (0.0201841, 0.0099424, 0.01875), (0.0201841, 0.0099424, -0.00375), (0.0211408, 0.0077018, 0.01875), (0.0211408, 0.0077018, -0.00375), (0.0218496, 0.0053709, 0.01875), (0.0218496, 0.0053709, -0.00375), (0.0223022, 0.0029771, 0.01875), (0.0223022, 0.0029771, -0.00375), (0.0224933, 0.0005484, 0.01875), (0.0224933, 0.0005484, -0.00375), (0.0224207, -0.0018868, 0.01875), (0.0224207, -0.0018868, -0.00375), (0.0220853, -0.0042999, 0.01875), (0.0220853, -0.0042999, -0.00375), (0.021491, -0.0066625, 0.01875), (0.021491, -0.0066625, -0.00375), (0.0206446, -0.008947, 0.01875), (0.0206446, -0.008947, -0.00375), (0.0195563, -0.0111266, 0.01875), (0.0195563, -0.0111266, -0.00375), (0.0182386, -0.0131758, 0.01875), (0.0182386, -0.0131758, -0.00375), (0.0167072, -0.0150705, 0.01875), (0.0167072, -0.0150705, -0.00375), (0.0149798, -0.0167885, 0.01875), (0.0149798, -0.0167885, -0.00375), (0.0130768, -0.0183097, 0.01875), (0.0130768, -0.0183097, -0.00375), (0.0110206, -0.0196163, 0.01875), (0.0110206, -0.0196163, -0.00375), (0.0088351, -0.0206928, 0.01875), (0.0088351, -0.0206928, -0.00375), (0.006546, -0.0215267, 0.01875), (0.006546, -0.0215267, -0.00375), (0.0041802, -0.0221083, 0.01875), (0.0041802, -0.0221083, -0.00375), (0.0017653, -0.0224306, 0.01875), (0.0017653, -0.0224306, -0.00375), (-0.0006702, -0.02249, 0.01875), (-0.0006702, -0.02249, -0.00375), (-0.0030979, -0.0222857, 0.01875), (-0.0030979, -0.0222857, -0.00375), (-0.0054892, -0.0218201, 0.01875), (-0.0054892, -0.0218201, -0.00375), (-0.0078162, -0.0210987, 0.01875), (-0.0078162, -0.0210987, -0.00375), (-0.0100516, -0.02013, 0.01875), (-0.0100516, -0.02013, -0.00375), (-0.0121691, -0.0189252, 0.01875), (-0.0121691, -0.0189252, -0.00375), (-0.0141439, -0.0174986, 0.01875), (-0.0141439, -0.0174986, -0.00375), (-0.0159529, -0.0158668, 0.01875), (-0.0159529, -0.0158668, -0.00375), (-0.0175749, -0.0140489, 0.01875), (-0.0175749, -0.0140489, -0.00375), (-0.0189908, -0.0120664, 0.01875), (-0.0189908, -0.0120664, -0.00375), (-0.0201841, -0.0099424, 0.01875), (-0.0201841, -0.0099424, -0.00375), (-0.0211408, -0.0077018, 0.01875), (-0.0211408, -0.0077018, -0.00375), (-0.0218495, -0.0053709, 0.01875), (-0.0218495, -0.0053709, -0.00375), (-0.0223022, -0.0029771, 0.01875), (-0.0223022, -0.0029771, -0.00375), (-0.0224933, -0.0005484, 0.01875), (-0.0224933, -0.0005484, -0.00375), (-0.0224207, 0.0018868, 0.01875), (-0.0224207, 0.0018868, -0.00375), (-0.0220853, 0.0042999, 0.01875), (-0.0220853, 0.0042999, -0.00375), (-0.0214909, 0.0066625, 0.01875), (-0.0214909, 0.0066625, -0.00375), (-0.0206446, 0.008947, 0.01875), (-0.0206446, 0.008947, -0.00375), (-0.0195563, 0.0111266, 0.01875), (-0.0195563, 0.0111266, -0.00375), (-0.0182386, 0.0131758, 0.01875), (-0.0182386, 0.0131758, -0.00375), (-0.0167072, 0.0150705, 0.01875), (-0.0167072, 0.0150705, -0.00375), (-0.0149798, 0.0167885, 0.01875), (-0.0149798, 0.0167885, -0.00375), (-0.0130768, 0.0183097, 0.01875), (-0.0130768, 0.0183097, -0.00375), (-0.0110206, 0.0196163, 0.01875), (-0.0110206, 0.0196163, -0.00375), (-0.0088351, 0.0206928, 0.01875), (-0.0088351, 0.0206928, -0.00375), (-0.006546, 0.0215267, 0.01875), (-0.006546, 0.0215267, -0.00375), (-0.0041802, 0.0221083, 0.01875), (-0.0041802, 0.0221083, -0.00375), (0.0027357, 0.0073846, 0.01875), (0.003518, 0.0070455, 0.01875), (0.0019212, 0.0076371, 0.01875), (0.0042592, 0.0066238, 0.01875), (-0.0006179, 0.0078507, 0.01875), (0.0002346, 0.0078715, 0.01875), (-0.0014631, 0.0077379, 0.01875), (0.0055835, 0.0055534, 0.01875), (0.0061512, 0.0049171, 0.01875), (0.0049504, 0.0061245, 0.01875), (0.0010843, 0.0078, 0.01875), (-0.0077299, 0.0015049, 0.01875), (-0.0078473, 0.0006604, 0.01875), (-0.0078058, -0.001042, 0.01875), (-0.0078727, -0.0001919, 0.01875), (-0.0076473, -0.0018798, 0.01875), (-0.0022911, 0.0075344, 0.01875), (-0.0030923, 0.0072425, 0.01875), (-0.0068447, 0.0038943, 0.01875), (-0.0063835, 0.0046115, 0.01875), (-0.0072256, 0.0031314, 0.01875), (-0.0075218, 0.0023319, 0.01875), (-0.0073993, -0.0026956, 0.01875), (-0.0070644, -0.0034798, 0.01875), (-0.0066468, -0.0042232, 0.01875), (0.0014631, -0.0077379, 0.01875), (0.0006179, -0.0078507, 0.01875), (0.0022911, -0.0075344, 0.01875), (0.0045769, -0.0064084, 0.01875), (0.0038572, -0.0068657, 0.01875), (0.0052429, -0.005876, 0.01875), (-0.0038572, 0.0068657, 0.01875), (-0.0045769, 0.0064084, 0.01875), (-0.0052429, 0.005876, 0.01875), (-0.0058475, 0.0052747, 0.01875), (-0.0061512, -0.0049171, 0.01875), (-0.0010843, -0.0078, 0.01875), (-0.0002346, -0.0078715, 0.01875), (0.0030923, -0.0072425, 0.01875), (0.0073993, 0.0026956, 0.01875), (0.0076473, 0.0018798, 0.01875), (0.0070644, 0.0034798, 0.01875), (0.0066468, 0.0042232, 0.01875), (-0.0055835, -0.0055534, 0.01875), (0.0078058, 0.001042, 0.01875), (0.0078727, 0.0001919, 0.01875), (-0.0049504, -0.0061245, 0.01875), (-0.0042592, -0.0066238, 0.01875), (-0.0027357, -0.0073846, 0.01875), (-0.003518, -0.0070455, 0.01875), (-0.0019212, -0.0076371, 0.01875), (0.0072256, -0.0031314, 0.01875), (0.0068447, -0.0038943, 0.01875), (0.0075218, -0.0023319, 0.01875), (0.0058475, -0.0052747, 0.01875), (0.0063835, -0.0046115, 0.01875), (0.0077299, -0.0015049, 0.01875), (0.0078473, -0.0006604, 0.01875), (0.0006179, -0.0078507, -0.018675), (-0.0002346, -0.0078715, -0.018675), (-0.0010843, -0.0078, -0.018675), (-0.0019212, -0.0076371, -0.018675), (-0.0027357, -0.0073846, -0.018675), (-0.003518, -0.0070455, -0.018675), (-0.0042592, -0.0066238, -0.018675), (-0.0049504, -0.0061245, -0.018675), (-0.0055835, -0.0055534, -0.018675), (-0.0061512, -0.0049171, -0.018675), (-0.0066468, -0.0042232, -0.018675), (-0.0070644, -0.0034798, -0.018675), (-0.0073993, -0.0026956, -0.018675), (-0.0076473, -0.0018798, -0.018675), (-0.0078058, -0.001042, -0.018675), (-0.0078727, -0.0001919, -0.018675), (-0.0078473, 0.0006604, -0.018675), (-0.0077299, 0.0015049, -0.018675), (-0.0075218, 0.0023319, -0.018675), (-0.0072256, 0.0031314, -0.018675), (-0.0068447, 0.0038943, -0.018675), (-0.0063835, 0.0046115, -0.018675), (-0.0058475, 0.0052747, -0.018675), (-0.0052429, 0.005876, -0.018675), (-0.0045769, 0.0064084, -0.018675), (-0.0038572, 0.0068657, -0.018675), (-0.0030923, 0.0072425, -0.018675), (-0.0022911, 0.0075344, -0.018675), (-0.0014631, 0.0077379, -0.018675), (-0.0006179, 0.0078507, -0.018675), (0.0002346, 0.0078715, -0.018675), (0.0010843, 0.0078, -0.018675), (0.0019212, 0.0076371, -0.018675), (0.0027357, 0.0073846, -0.018675), (0.003518, 0.0070455, -0.018675), (0.0042592, 0.0066238, -0.018675), (0.0049504, 0.0061245, -0.018675), (0.0055835, 0.0055534, -0.018675), (0.0061512, 0.0049171, -0.018675), (0.0066468, 0.0042232, -0.018675), (0.0070644, 0.0034798, -0.018675), (0.0073993, 0.0026956, -0.018675), (0.0076473, 0.0018798, -0.018675), (0.0078058, 0.001042, -0.018675), (0.0078727, 0.0001919, -0.018675), (0.0078473, -0.0006604, -0.018675), (0.0077299, -0.0015049, -0.018675), (0.0075218, -0.0023319, -0.018675), (0.0072256, -0.0031314, -0.018675), (0.0068447, -0.0038943, -0.018675), (0.0063835, -0.0046115, -0.018675), (0.0058475, -0.0052747, -0.018675), (0.0052429, -0.005876, -0.018675), (0.0045769, -0.0064084, -0.018675), (0.0038572, -0.0068657, -0.018675), (0.0030923, -0.0072425, -0.018675), (0.0022911, -0.0075344, -0.018675), (0.0014631, -0.0077379, -0.018675), (-0.0006237, 0.0079255, -0.01875), (0.0002368, 0.0079465, -0.01875), (0.0010946, 0.0078743, -0.01875), (0.0019395, 0.0077098, -0.01875), (0.0027617, 0.0074549, -0.01875), (0.0035516, 0.0071126, -0.01875), (0.0042997, 0.0066869, -0.01875), (0.0049975, 0.0061828, -0.01875), (0.0056367, 0.0056062, -0.01875), (0.0062098, 0.0049639, -0.01875), (0.0067101, 0.0042635, -0.01875), (0.0071317, 0.003513, -0.01875), (0.0074697, 0.0027213, -0.01875), (0.0077202, 0.0018977, -0.01875), (0.0078801, 0.0010519, -0.01875), (0.0079476, 0.0001938, -0.01875), (0.007922, -0.0006667, -0.01875), (0.0078035, -0.0015193, -0.01875), (0.0075935, -0.0023541, -0.01875), (0.0072944, -0.0031613, -0.01875), (0.0069099, -0.0039314, -0.01875), (0.0064443, -0.0046555, -0.01875), (0.0059032, -0.0053249, -0.01875), (0.0052929, -0.005932, -0.01875), (0.0046205, -0.0064694, -0.01875), (0.0038939, -0.0069311, -0.01875), (0.0031217, -0.0073114, -0.01875), (0.0023129, -0.0076061, -0.01875), (0.001477, -0.0078116, -0.01875), (0.0006237, -0.0079255, -0.01875), (-0.0002368, -0.0079465, -0.01875), (-0.0010946, -0.0078743, -0.01875), (-0.0019395, -0.0077098, -0.01875), (-0.0027617, -0.0074549, -0.01875), (-0.0035516, -0.0071126, -0.01875), (-0.0042997, -0.0066869, -0.01875), (-0.0049975, -0.0061828, -0.01875), (-0.0056367, -0.0056062, -0.01875), (-0.0062098, -0.0049639, -0.01875), (-0.0067101, -0.0042635, -0.01875), (-0.0071317, -0.003513, -0.01875), (-0.0074697, -0.0027213, -0.01875), (-0.0077202, -0.0018977, -0.01875), (-0.0078801, -0.0010519, -0.01875), (-0.0079476, -0.0001938, -0.01875), (-0.007922, 0.0006667, -0.01875), (-0.0078035, 0.0015193, -0.01875), (-0.0075935, 0.0023541, -0.01875), (-0.0072944, 0.0031613, -0.01875), (-0.0069099, 0.0039314, -0.01875), (-0.0064443, 0.0046555, -0.01875), (-0.0059032, 0.0053249, -0.01875), (-0.0052929, 0.005932, -0.01875), (-0.0046205, 0.0064694, -0.01875), (-0.0038939, 0.0069311, -0.01875), (-0.0031217, 0.0073114, -0.01875), (-0.0023129, 0.0076061, -0.01875), (-0.001477, 0.0078116, -0.01875), (-0.0280541, -0.001996, -0.00375), (-0.0238694, 0.014875, -0.00375), (-0.0240902, 0.0145147, -0.00375), (-0.023842, 0.0149247, -0.00375), (-0.0280209, -0.0024173, -0.00375), (-0.021523, 0.0181045, -0.00375), (-0.0215618, 0.0180631, -0.00375), (-0.0280611, -0.0019396, -0.00375), (-0.0212486, -0.0184259, -0.00375), (0.0145147, 0.0240902, -0.00375), (0.0144677, 0.0241221, -0.00375), (-0.0212486, 0.0184259, -0.00375), (-0.0238201, 0.0149771, -0.00375), (-0.0272978, 0.0067709, -0.00375), (-0.0280741, -0.0018844, -0.00375), (-0.021523, -0.0181045, -0.00375), (-0.0024172, -0.0280209, -0.00375), (0.014875, 0.0238694, -0.00375), (0.0112918, 0.025876, -0.00375), (0.011236, 0.0258654, -0.00375), (0.0114479, 0.0259423, -0.00375), (0.0113983, 0.0259147, -0.00375), (-0.0216516, 0.0179938, -0.00375), (-0.0217015, 0.0179668, -0.00375), (-0.0212137, 0.0184707, -0.00375), (-0.0244537, 0.0142656, -0.00375), (-0.02451, 0.0142589, -0.00375), (-0.0243447, 0.014297, -0.00375), (-0.0243984, 0.0142784, -0.00375), (-0.0241221, 0.0144677, -0.00375), (-0.0260642, 0.0105675, -0.00375), (-0.0260883, 0.0105161, -0.00375), (-0.0258832, 0.0110113, -0.00375), (-0.0259025, 0.0109579, -0.00375), (-0.0273964, 0.00636, -0.00375), (-0.0280191, -0.002474, -0.00375), (-0.0260642, -0.0105675, -0.00375), (-0.0259025, -0.0109579, -0.00375), (-0.0215618, -0.0180631, -0.00375), (-0.0109579, -0.0259025, -0.00375), (-0.0105675, -0.0260642, -0.00375), (-0.0110113, -0.0258832, -0.00375), (-0.001996, -0.0280541, -0.00375), (0.0238694, -0.014875, -0.00375), (0.0240902, -0.0145147, -0.00375), (0.023842, -0.0149247, -0.00375), (0.0149247, 0.023842, -0.00375), (0.0109579, 0.0259025, -0.00375), (0.0105675, 0.0260642, -0.00375), (0.0110113, 0.0258832, -0.00375), (0.0113461, 0.0258925, -0.00375), (0.0114942, 0.0259751, -0.00375), (0.0062529, 0.0274337, -0.00375), (0.006203, 0.0274607, -0.00375), (0.0024172, 0.0280209, -0.00375), (-0.00636, 0.0273965, -0.00375), (-0.0067709, 0.0272978, -0.00375), (-0.014875, 0.0238694, -0.00375), (-0.021754, 0.0179452, -0.00375), (-0.0216048, 0.0180261, -0.00375), (-0.0211839, 0.018519, -0.00375), (-0.0211404, 0.0186237, -0.00375), (-0.0211593, 0.0185702, -0.00375), (-0.0241587, 0.0144244, -0.00375), (-0.0237909, 0.0152006, -0.00375), (-0.0237892, 0.0151439, -0.00375), (-0.0274929, 0.0061562, -0.00375), (-0.0275299, 0.0061132, -0.00375), (-0.0272871, 0.0068267, -0.00375), (-0.0273046, 0.0070514, -0.00375), (-0.0272912, 0.0069963, -0.00375), (-0.0273787, 0.0072041, -0.00375), (-0.0273486, 0.0071559, -0.00375), (-0.0280496, -0.0026408, -0.00375), (-0.0280715, -0.0026932, -0.00375), (-0.0280233, -0.0025306, -0.00375), (-0.0281174, -0.0017796, -0.00375), (-0.028093, -0.0018308, -0.00375), (-0.0273951, -0.0127124, -0.00375), (-0.0246233, -0.0142635, -0.00375), (-0.0216048, -0.0180261, -0.00375), (-0.001609, -0.0282649, -0.00375), (-0.0015774, -0.028312, -0.00375), (-0.002474, -0.0280191, -0.00375), (-0.0027896, -0.0281313, -0.00375), (-0.002743, -0.0280989, -0.00375), (0.00636, -0.0273965, -0.00375), (0.0067709, -0.0272978, -0.00375), (0.014875, -0.0238694, -0.00375), (0.0260642, 0.0105675, -0.00375), (0.0259025, 0.0109579, -0.00375), (0.0184259, 0.0212486, -0.00375), (0.0181045, 0.021523, -0.00375), (0.0184707, 0.0212137, -0.00375), (0.0144244, 0.0241588, -0.00375), (0.0149771, 0.0238201, -0.00375), (0.0103126, 0.0262816, -0.00375), (0.0102858, 0.0263316, -0.00375), (0.0104675, 0.0261178, -0.00375), (0.0104224, 0.0261523, -0.00375), (0.0111794, 0.0258608, -0.00375), (0.0111227, 0.0258622, -0.00375), (0.00604, 0.0276165, -0.00375), (0.0060108, 0.0276652, -0.00375), (0.0061562, 0.0274929, -0.00375), (0.0019396, 0.0280611, -0.00375), (0.0018844, 0.0280742, -0.00375), (0.001996, 0.0280541, -0.00375), (-0.0145147, 0.0240902, -0.00375), (-0.0168414, 0.0250692, -0.00375), (-0.0179399, 0.0220889, -0.00375), (-0.0211201, 0.0187352, -0.00375), (-0.0211273, 0.0186789, -0.00375), (-0.0242934, 0.0143212, -0.00375), (-0.0241998, 0.0143852, -0.00375), (-0.0242449, 0.0143507, -0.00375), (-0.0238038, 0.0150315, -0.00375), (-0.0237935, 0.0150873, -0.00375), (-0.0263316, 0.0102858, -0.00375), (-0.0263842, 0.0102646, -0.00375), (-0.0274607, 0.006203, -0.00375), (-0.0272824, 0.0068833, -0.00375), (-0.0272838, 0.00694, -0.00375), (-0.0273238, 0.0071049, -0.00375), (-0.0274534, 0.0072893, -0.00375), (-0.0274138, 0.0072487, -0.00375), (-0.0275445, 0.0073568, -0.00375), (-0.0274971, 0.0073255, -0.00375), (-0.0281686, -0.0028324, -0.00375), (-0.0282102, -0.002871, -0.00375), (-0.0280335, -0.0025864, -0.00375), (-0.028182, -0.0016864, -0.00375), (-0.0281472, -0.0017313, -0.00375), (-0.0282649, -0.001609, -0.00375), (-0.0282214, -0.0016455, -0.00375), (-0.0260883, -0.0105161, -0.00375), (-0.0264389, -0.0102491, -0.00375), (-0.0263842, -0.0102646, -0.00375), (-0.0245668, -0.0142582, -0.00375), (-0.0211839, -0.018519, -0.00375), (-0.0211593, -0.0185702, -0.00375), (-0.0212137, -0.0184707, -0.00375), (-0.021754, -0.0179452, -0.00375), (-0.0217015, -0.0179668, -0.00375), (-0.0184259, -0.0212486, -0.00375), (-0.0181045, -0.021523, -0.00375), (-0.0184707, -0.0212137, -0.00375), (-0.0105161, -0.0260883, -0.00375), (-0.0104675, -0.0261178, -0.00375), (-0.0110664, -0.0258697, -0.00375), (-0.0016455, -0.0282214, -0.00375), (-0.0017313, -0.0281472, -0.00375), (-0.0016864, -0.028182, -0.00375), (-0.0025306, -0.0280233, -0.00375), (-0.0026409, -0.0280497, -0.00375), (-0.0025864, -0.0280335, -0.00375), (-0.0026932, -0.0280715, -0.00375), (0.0145147, -0.0240902, -0.00375), (0.021523, -0.0181045, -0.00375), (0.0215619, -0.0180631, -0.00375), (0.0238201, -0.0149771, -0.00375), (0.0143852, 0.0241999, -0.00375), (0.0143507, 0.0242449, -0.00375), (0.0152569, 0.0237988, -0.00375), (0.0152006, 0.023791, -0.00375), (0.0102395, 0.0264948, -0.00375), (0.010236, 0.0265515, -0.00375), (0.0102646, 0.0263843, -0.00375), (0.0102491, 0.0264389, -0.00375), (0.0103445, 0.0262346, -0.00375), (0.0103813, 0.0261914, -0.00375), (0.0110664, 0.0258697, -0.00375), (0.0115751, 0.0260545, -0.00375), (0.0115368, 0.0260127, -0.00375), (0.00694, 0.0272838, -0.00375), (0.0068832, 0.0272824, -0.00375), (0.0070514, 0.0273046, -0.00375), (0.0069963, 0.0272912, -0.00375), (0.0060743, 0.0275712, -0.00375), (0.0061132, 0.0275299, -0.00375), (0.0067709, 0.0272978, -0.00375), (0.00636, 0.0273965, -0.00375), (0.001609, 0.0282649, -0.00375), (0.0015774, 0.028312, -0.00375), (0.0016864, 0.028182, -0.00375), (0.0016455, 0.0282214, -0.00375), (0.0017796, 0.0281175, -0.00375), (0.0017313, 0.0281472, -0.00375), (0.0018308, 0.028093, -0.00375), (0.002474, 0.0280191, -0.00375), (-0.0063055, 0.0274122, -0.00375), (-0.0144677, 0.0241221, -0.00375), (-0.0179293, 0.0218085, -0.00375), (-0.0179452, 0.021754, -0.00375), (-0.0179175, 0.0219777, -0.00375), (-0.0179154, 0.021921, -0.00375), (-0.0179257, 0.0220339, -0.00375), (-0.0211191, 0.018792, -0.00375), (-0.0238125, 0.0153119, -0.00375), (-0.0237987, 0.0152569, -0.00375), (-0.0238572, 0.0154161, -0.00375), (-0.0238321, 0.0153652, -0.00375), (-0.0264389, 0.0102491, -0.00375), (-0.0262346, 0.0103445, -0.00375), (-0.0262815, 0.0103126, -0.00375), (-0.0258697, 0.0110664, -0.00375), (-0.0276652, 0.0060108, -0.00375), (-0.0277167, 0.005987, -0.00375), (-0.0275712, 0.0060743, -0.00375), (-0.0276165, 0.00604, -0.00375), (-0.0274337, 0.0062529, -0.00375), (-0.0274122, 0.0063055, -0.00375), (-0.0301805, -0.0011103, -0.00375), (-0.028415, 0.0015301, -0.00375), (-0.0282557, -0.0029049, -0.00375), (-0.0283622, -0.001551, -0.00375), (-0.028312, -0.0015774, -0.00375), (-0.0284697, -0.001515, -0.00375), (-0.028415, -0.0015301, -0.00375), (-0.0276165, -0.00604, -0.00375), (-0.0275712, -0.0060743, -0.00375), (-0.0277167, -0.005987, -0.00375), (-0.0276652, -0.0060108, -0.00375), (-0.0299826, -0.0036247, -0.00375), (-0.0278822, -0.00595, -0.00375), (-0.0278258, -0.0059564, -0.00375), (-0.0261178, -0.0104675, -0.00375), (-0.0261913, -0.0103813, -0.00375), (-0.0261523, -0.0104224, -0.00375), (-0.0262815, -0.0103126, -0.00375), (-0.0262346, -0.0103445, -0.00375), (-0.0263316, -0.0102858, -0.00375), (-0.0266082, -0.0102385, -0.00375), (-0.0265515, -0.010236, -0.00375), (-0.0240902, -0.0145147, -0.00375), (-0.0238694, -0.014875, -0.00375), (-0.0241221, -0.0144677, -0.00375), (-0.02451, -0.0142589, -0.00375), (-0.0216516, -0.0179938, -0.00375), (-0.0218644, -0.0179193, -0.00375), (-0.0218085, -0.0179293, -0.00375), (-0.0221259, -0.0205558, -0.00375), (-0.0190105, -0.0211744, -0.00375), (-0.006203, -0.0274607, -0.00375), (-0.0061562, -0.0274929, -0.00375), (-0.0018844, -0.0280742, -0.00375), (-0.0018308, -0.028093, -0.00375), (-0.0028324, -0.0281686, -0.00375), (0.0071559, -0.0273486, -0.00375), (0.007204, -0.0273787, -0.00375), (0.0063055, -0.0274122, -0.00375), (0.0152569, -0.0237988, -0.00375), (0.0153119, -0.0238125, -0.00375), (0.0150873, -0.0237935, -0.00375), (0.0151439, -0.0237892, -0.00375), (0.0144677, -0.0241221, -0.00375), (0.018519, -0.0211839, -0.00375), (0.0185702, -0.0211593, -0.00375), (0.0212486, -0.0184259, -0.00375), (0.0241221, -0.0144677, -0.00375), (0.0272978, -0.0067709, -0.00375), (0.0260883, 0.0105161, -0.00375), (0.018519, 0.0211839, -0.00375), (0.0189042, 0.021135, -0.00375), (0.0188485, 0.021124, -0.00375), (0.022126, 0.0205558, -0.00375), (0.0190105, 0.0211744, -0.00375), (0.0142582, 0.0245668, -0.00375), (0.0142635, 0.0246233, -0.00375), (0.0150873, 0.0237935, -0.00375), (0.0150315, 0.0238039, -0.00375), (0.0151439, 0.0237892, -0.00375), (0.0105161, 0.0260883, -0.00375), (0.0125488, 0.0272331, -0.00375), (0.0119545, 0.0265712, -0.00375), (0.0071559, 0.0273486, -0.00375), (0.0071049, 0.0273238, -0.00375), (0.0072487, 0.0274138, -0.00375), (0.007204, 0.0273787, -0.00375), (0.0063055, 0.0274122, -0.00375), (0.0068267, 0.0272871, -0.00375), (0.0025306, 0.0280233, -0.00375), (0.0029049, 0.0282557, -0.00375), (0.002871, 0.0282102, -0.00375), (-0.0062529, 0.0274337, -0.00375), (-0.005987, 0.0277167, -0.00375), (-0.0060108, 0.0276652, -0.00375), (-0.0152569, 0.0237988, -0.00375), (-0.0153119, 0.0238125, -0.00375), (-0.0150315, 0.0238039, -0.00375), (-0.0150873, 0.0237935, -0.00375), (-0.0144244, 0.0241588, -0.00375), (-0.0142784, 0.0243984, -0.00375), (-0.014297, 0.0243447, -0.00375), (-0.0181045, 0.021523, -0.00375), (-0.0184259, 0.0212486, -0.00375), (-0.0180631, 0.0215619, -0.00375), (-0.0179193, 0.0218644, -0.00375), (-0.0220339, 0.0179257, -0.00375), (-0.0220889, 0.0179399, -0.00375), (-0.0218644, 0.0179193, -0.00375), (-0.021921, 0.0179154, -0.00375), (-0.021135, 0.0189042, -0.00375), (-0.021124, 0.0188485, -0.00375), (-0.0211744, 0.0190105, -0.00375), (-0.0211519, 0.0189584, -0.00375), (-0.0245668, 0.0142582, -0.00375), (-0.0246233, 0.0142635, -0.00375), (-0.023923, 0.0155085, -0.00375), (-0.0238876, 0.0154641, -0.00375), (-0.0249348, 0.0166545, -0.00375), (-0.024374, 0.0159639, -0.00375), (-0.0252895, 0.0144699, -0.00375), (-0.0259751, 0.0114942, -0.00375), (-0.0260545, 0.0115751, -0.00375), (-0.0260126, 0.0115368, -0.00375), (-0.0272331, 0.0125488, -0.00375), (-0.0261594, 0.0146561, -0.00375), (-0.026387, 0.014691, -0.00375), (-0.0264948, 0.0102395, -0.00375), (-0.0265515, 0.010236, -0.00375), (-0.0258622, 0.0111227, -0.00375), (-0.0258653, 0.011236, -0.00375), (-0.0258607, 0.0111794, -0.00375), (-0.0277704, 0.0059688, -0.00375), (-0.0278258, 0.0059564, -0.00375), (-0.0288609, 0.0081341, -0.00375), (-0.0281142, 0.0076506, -0.00375), (-0.0280233, 0.0025306, -0.00375), (-0.0283622, 0.001551, -0.00375), (-0.0282649, 0.001609, -0.00375), (-0.028312, 0.0015774, -0.00375), (-0.0283046, -0.0029338, -0.00375), (-0.0280988, -0.002743, -0.00375), (-0.0281313, -0.0027896, -0.00375), (-0.0299619, -0.0011826, -0.00375), (-0.0291023, -0.0014116, -0.00375), (-0.0274122, -0.0063055, -0.00375), (-0.0273964, -0.00636, -0.00375), (-0.0274337, -0.0062529, -0.00375), (-0.0275299, -0.0061132, -0.00375), (-0.0274929, -0.0061562, -0.00375), (-0.0264948, -0.0102395, -0.00375), (-0.0246789, -0.0142749, -0.00375), (-0.021921, -0.0179154, -0.00375), (-0.0179452, -0.021754, -0.00375), (-0.0179293, -0.0218085, -0.00375), (-0.018519, -0.0211839, -0.00375), (-0.0190599, -0.0212024, -0.00375), (-0.014297, -0.0243447, -0.00375), (-0.0142784, -0.0243984, -0.00375), (-0.0145147, -0.0240902, -0.00375), (-0.0144677, -0.0241221, -0.00375), (-0.0102491, -0.0264389, -0.00375), (-0.0102395, -0.0264948, -0.00375), (-0.0103126, -0.0262816, -0.00375), (-0.0102858, -0.0263316, -0.00375), (-0.0104224, -0.0261523, -0.00375), (-0.011236, -0.0258654, -0.00375), (-0.0111794, -0.0258608, -0.00375), (-0.0113461, -0.0258925, -0.00375), (-0.0112918, -0.025876, -0.00375), (-0.0114942, -0.0259751, -0.00375), (-0.0114479, -0.0259423, -0.00375), (-0.0070514, -0.0273046, -0.00375), (-0.0069963, -0.0272912, -0.00375), (-0.0060108, -0.0276652, -0.00375), (-0.005987, -0.0277167, -0.00375), (-0.0061132, -0.0275299, -0.00375), (-0.0060743, -0.0275712, -0.00375), (-0.0062529, -0.0274337, -0.00375), (-0.0067709, -0.0272978, -0.00375), (-0.00636, -0.0273965, -0.00375), (-0.0017796, -0.0281175, -0.00375), (-0.0019396, -0.0280611, -0.00375), (-0.0029049, -0.0282557, -0.00375), (-0.002871, -0.0282102, -0.00375), (0.0072893, -0.0274534, -0.00375), (0.0073255, -0.0274972, -0.00375), (0.0072487, -0.0274138, -0.00375), (0.0062529, -0.0274337, -0.00375), (0.0105675, -0.0260642, -0.00375), (0.0109579, -0.0259025, -0.00375), (0.0082704, -0.0290465, -0.00375), (0.010236, -0.0265515, -0.00375), (0.0154161, -0.0238572, -0.00375), (0.0154641, -0.0238877, -0.00375), (0.0153652, -0.0238321, -0.00375), (0.0150315, -0.0238039, -0.00375), (0.0144244, -0.0241588, -0.00375), (0.0186237, -0.0211404, -0.00375), (0.0186789, -0.0211273, -0.00375), (0.0184707, -0.0212137, -0.00375), (0.0181045, -0.021523, -0.00375), (0.0184259, -0.0212486, -0.00375), (0.0180631, -0.0215619, -0.00375), (0.0179193, -0.0218644, -0.00375), (0.0179293, -0.0218085, -0.00375), (0.0212137, -0.0184707, -0.00375), (0.0245668, -0.0142582, -0.00375), (0.0246233, -0.0142635, -0.00375), (0.0238039, -0.0150315, -0.00375), (0.0237892, -0.0151439, -0.00375), (0.0237935, -0.0150873, -0.00375), (0.0273965, -0.00636, -0.00375), (0.025876, 0.0112918, -0.00375), (0.0258925, 0.0113461, -0.00375), (0.0261178, 0.0104675, -0.00375), (0.0262346, 0.0103445, -0.00375), (0.0261914, 0.0103813, -0.00375), (0.0273951, 0.0127124, -0.00375), (0.0246233, 0.0142635, -0.00375), (0.0211191, 0.018792, -0.00375), (0.021124, 0.0188485, -0.00375), (0.0212486, 0.0184259, -0.00375), (0.0218644, 0.0179193, -0.00375), (0.0218085, 0.0179293, -0.00375), (0.0179452, 0.021754, -0.00375), (0.0179293, 0.0218085, -0.00375), (0.0179938, 0.0216516, -0.00375), (0.0179668, 0.0217015, -0.00375), (0.0185702, 0.0211593, -0.00375), (0.0187352, 0.0211202, -0.00375), (0.0186789, 0.0211273, -0.00375), (0.018792, 0.0211191, -0.00375), (0.0189584, 0.0211519, -0.00375), (0.0142589, 0.0245101, -0.00375), (0.0143212, 0.0242934, -0.00375), (0.0127124, 0.0273951, -0.00375), (0.0072893, 0.0274534, -0.00375), (0.0103834, 0.0281301, -0.00375), (0.0073255, 0.0274972, -0.00375), (0.0081341, 0.0288609, -0.00375), (0.0076506, 0.0281142, -0.00375), (0.0103822, 0.0283603, -0.00375), (0.001551, 0.0283623, -0.00375), (0.0015301, 0.0284151, -0.00375), (0.0025864, 0.0280335, -0.00375), (0.0026932, 0.0280715, -0.00375), (0.0026409, 0.0280497, -0.00375), (0.0028324, 0.0281686, -0.00375), (0.0029573, 0.0283563, -0.00375), (0.0029338, 0.0283046, -0.00375), (-0.0027896, 0.0281313, -0.00375), (-0.0028324, 0.0281686, -0.00375), (-0.0072893, 0.0274534, -0.00375), (-0.0073255, 0.0274972, -0.00375), (-0.0071559, 0.0273486, -0.00375), (-0.007204, 0.0273787, -0.00375), (-0.00694, 0.0272838, -0.00375), (-0.0069963, 0.0272912, -0.00375), (-0.006203, 0.0274607, -0.00375), (-0.0060743, 0.0275712, -0.00375), (-0.0061132, 0.0275299, -0.00375), (-0.0059688, 0.0277705, -0.00375), (-0.0105675, 0.0260642, -0.00375), (-0.0109579, 0.0259025, -0.00375), (-0.0102646, 0.0263843, -0.00375), (-0.0102858, 0.0263316, -0.00375), (-0.0110664, 0.0258697, -0.00375), (-0.0154161, 0.0238572, -0.00375), (-0.0154641, 0.0238877, -0.00375), (-0.0152006, 0.023791, -0.00375), (-0.0151439, 0.0237892, -0.00375), (-0.0143852, 0.0241999, -0.00375), (-0.0143212, 0.0242934, -0.00375), (-0.0142589, 0.0245101, -0.00375), (-0.0142656, 0.0244537, -0.00375), (-0.0220225, 0.0203501, -0.00375), (-0.0203501, 0.0220225, -0.00375), (-0.0205558, 0.022126, -0.00375), (-0.0195803, 0.0215766, -0.00375), (-0.0215766, 0.0195803, -0.00375), (-0.0212355, 0.019106, -0.00375), (-0.0189042, 0.021135, -0.00375), (-0.0188485, 0.021124, -0.00375), (-0.0250692, 0.0168414, -0.00375), (-0.0219777, 0.0179175, -0.00375), (-0.0218085, 0.0179293, -0.00375), (-0.0258759, 0.0112918, -0.00375), (-0.0259423, 0.0114479, -0.00375), (-0.0259147, 0.0113983, -0.00375), (-0.0273951, 0.0127124, -0.00375), (-0.0265712, 0.0119545, -0.00375), (-0.0290465, 0.0082704, -0.00375), (-0.0266643, 0.010247, -0.00375), (-0.0272418, 0.0103356, -0.00375), (-0.0261913, 0.0103813, -0.00375), (-0.0261178, 0.0104675, -0.00375), (-0.0261523, 0.0104224, -0.00375), (-0.027939, 0.0059497, -0.00375), (-0.029408, 0.0058551, -0.00375), (-0.0280191, 0.002474, -0.00375), (-0.028182, 0.0016864, -0.00375), (-0.0282214, 0.0016455, -0.00375), (-0.028093, 0.0018308, -0.00375), (-0.0281174, 0.0017796, -0.00375), (-0.0280611, 0.0019396, -0.00375), (-0.0284101, -0.0029752, -0.00375), (-0.029778, -0.0035191, -0.00375), (-0.0277704, -0.0059688, -0.00375), (-0.029408, -0.0058551, -0.00375), (-0.0285232, -0.0059468, -0.00375), (-0.0273238, -0.0071049, -0.00375), (-0.0273486, -0.0071559, -0.00375), (-0.0259751, -0.0114942, -0.00375), (-0.0260126, -0.0115368, -0.00375), (-0.0259147, -0.0113983, -0.00375), (-0.0259423, -0.0114479, -0.00375), (-0.0258759, -0.0112918, -0.00375), (-0.0258924, -0.0113461, -0.00375), (-0.0258607, -0.0111794, -0.00375), (-0.0258653, -0.011236, -0.00375), (-0.0258832, -0.0110113, -0.00375), (-0.0241587, -0.0144244, -0.00375), (-0.0243984, -0.0142784, -0.00375), (-0.0243447, -0.014297, -0.00375), (-0.0244537, -0.0142656, -0.00375), (-0.0238321, -0.0153652, -0.00375), (-0.0238572, -0.0154161, -0.00375), (-0.0179668, -0.0217015, -0.00375), (-0.0180261, -0.0216049, -0.00375), (-0.0179938, -0.0216516, -0.00375), (-0.0180631, -0.0215619, -0.00375), (-0.0186237, -0.0211404, -0.00375), (-0.0185702, -0.0211593, -0.00375), (-0.0187352, -0.0211202, -0.00375), (-0.0186789, -0.0211273, -0.00375), (-0.0189042, -0.021135, -0.00375), (-0.0188485, -0.021124, -0.00375), (-0.0189584, -0.0211519, -0.00375), (-0.0142582, -0.0245668, -0.00375), (-0.0142635, -0.0246233, -0.00375), (-0.0142656, -0.0244537, -0.00375), (-0.014875, -0.0238694, -0.00375), (-0.010236, -0.0265515, -0.00375), (-0.0102646, -0.0263843, -0.00375), (-0.0111227, -0.0258622, -0.00375), (-0.0113983, -0.0259147, -0.00375), (-0.0115751, -0.0260545, -0.00375), (-0.0115368, -0.0260127, -0.00375), (-0.00694, -0.0272838, -0.00375), (-0.0068832, -0.0272824, -0.00375), (-0.0071049, -0.0273238, -0.00375), (-0.0059688, -0.0277705, -0.00375), (-0.0059564, -0.0278259, -0.00375), (-0.00604, -0.0276165, -0.00375), (-0.0068267, -0.0272871, -0.00375), (-0.001551, -0.0283623, -0.00375), (-0.0015301, -0.0284151, -0.00375), (-0.0029573, -0.0283563, -0.00375), (-0.0029338, -0.0283046, -0.00375), (-0.0035191, -0.029778, -0.00375), (-0.0031584, -0.0289649, -0.00375), (0.0019396, -0.0280611, -0.00375), (0.001996, -0.0280541, -0.00375), (0.0018844, -0.0280742, -0.00375), (0.001609, -0.0282649, -0.00375), (0.0016455, -0.0282214, -0.00375), (0.00694, -0.0272838, -0.00375), (0.0069963, -0.0272912, -0.00375), (0.0068267, -0.0272871, -0.00375), (0.0060108, -0.0276652, -0.00375), (0.00604, -0.0276165, -0.00375), (0.0059688, -0.0277705, -0.00375), (0.005987, -0.0277167, -0.00375), (0.00595, -0.0278823, -0.00375), (0.0059564, -0.0278259, -0.00375), (0.0105161, -0.0260883, -0.00375), (0.0104675, -0.0261178, -0.00375), (0.0102395, -0.0264948, -0.00375), (0.0111794, -0.0258608, -0.00375), (0.011236, -0.0258654, -0.00375), (0.0152006, -0.023791, -0.00375), (0.0149247, -0.023842, -0.00375), (0.0149771, -0.0238201, -0.00375), (0.0143852, -0.0241999, -0.00375), (0.0187352, -0.0211202, -0.00375), (0.018792, -0.0211191, -0.00375), (0.0179668, -0.0217015, -0.00375), (0.0179938, -0.0216516, -0.00375), (0.0179452, -0.021754, -0.00375), (0.021754, -0.0179452, -0.00375), (0.0218085, -0.0179293, -0.00375), (0.0216516, -0.0179938, -0.00375), (0.0217015, -0.0179668, -0.00375), (0.0211839, -0.018519, -0.00375), (0.0245101, -0.0142589, -0.00375), (0.0243984, -0.0142784, -0.00375), (0.0244537, -0.0142656, -0.00375), (0.0241999, -0.0143852, -0.00375), (0.0242449, -0.0143507, -0.00375), (0.0241588, -0.0144244, -0.00375), (0.023791, -0.0152006, -0.00375), (0.0272871, -0.0068267, -0.00375), (0.0259423, 0.0114479, -0.00375), (0.0259751, 0.0114942, -0.00375), (0.0259147, 0.0113983, -0.00375), (0.0258832, 0.0110113, -0.00375), (0.0261523, 0.0104224, -0.00375), (0.0240902, 0.0145147, -0.00375), (0.0238694, 0.014875, -0.00375), (0.0241221, 0.0144677, -0.00375), (0.0245668, 0.0142582, -0.00375), (0.0245101, 0.0142589, -0.00375), (0.024679, 0.0142749, -0.00375), (0.0211202, 0.0187352, -0.00375), (0.0211404, 0.0186237, -0.00375), (0.0211273, 0.0186789, -0.00375), (0.021523, 0.0181045, -0.00375), (0.021921, 0.0179154, -0.00375), (0.0220339, 0.0179257, -0.00375), (0.0219777, 0.0179175, -0.00375), (0.0179175, 0.0219777, -0.00375), (0.0179257, 0.0220339, -0.00375), (0.0179193, 0.0218644, -0.00375), (0.0179154, 0.021921, -0.00375), (0.0180631, 0.0215619, -0.00375), (0.0180261, 0.0216049, -0.00375), (0.0186237, 0.0211404, -0.00375), (0.0190599, 0.0212024, -0.00375), (0.0142656, 0.0244537, -0.00375), (0.014297, 0.0243447, -0.00375), (0.0142784, 0.0243984, -0.00375), (0.0102385, 0.0266082, -0.00375), (0.010247, 0.0266643, -0.00375), (0.0116088, 0.0261003, -0.00375), (0.0073568, 0.0275445, -0.00375), (0.0082704, 0.0290465, -0.00375), (0.0036247, 0.0299827, -0.00375), (0.0059497, 0.027939, -0.00375), (0.0059468, 0.0285232, -0.00375), (0.0059688, 0.0277705, -0.00375), (0.0059564, 0.0278259, -0.00375), (0.0027896, 0.0281313, -0.00375), (0.002743, 0.0280989, -0.00375), (0.0035191, 0.029778, -0.00375), (0.0031584, 0.0289649, -0.00375), (-0.0018844, 0.0280742, -0.00375), (-0.0019396, 0.0280611, -0.00375), (-0.0017796, 0.0281175, -0.00375), (-0.0018308, 0.028093, -0.00375), (-0.0016455, 0.0282214, -0.00375), (-0.0016864, 0.028182, -0.00375), (-0.0015774, 0.028312, -0.00375), (-0.001609, 0.0282649, -0.00375), (-0.0015301, 0.0284151, -0.00375), (-0.001551, 0.0283623, -0.00375), (0.0011103, 0.0301805, -0.00375), (-0.001515, 0.0284698, -0.00375), (-0.0058179, 0.0296353, -0.00375), (-0.0029338, 0.0283046, -0.00375), (-0.002743, 0.0280989, -0.00375), (-0.0072487, 0.0274138, -0.00375), (-0.0071049, 0.0273238, -0.00375), (-0.0068832, 0.0272824, -0.00375), (-0.0068267, 0.0272871, -0.00375), (-0.0061562, 0.0274929, -0.00375), (-0.00604, 0.0276165, -0.00375), (-0.00595, 0.0278823, -0.00375), (-0.0059564, 0.0278259, -0.00375), (-0.0105161, 0.0260883, -0.00375), (-0.0104675, 0.0261178, -0.00375), (-0.0103445, 0.0262346, -0.00375), (-0.0103813, 0.0261914, -0.00375), (-0.0103126, 0.0262816, -0.00375), (-0.0111227, 0.0258622, -0.00375), (-0.0153652, 0.0238321, -0.00375), (-0.0143507, 0.0242449, -0.00375), (-0.0142749, 0.024679, -0.00375), (-0.0142635, 0.0246233, -0.00375), (-0.0180261, 0.0216049, -0.00375), (-0.0179668, 0.0217015, -0.00375), (-0.0221259, 0.0205558, -0.00375), (-0.019106, 0.0212355, -0.00375), (-0.0221927, 0.0179852, -0.00375), (-0.0227146, 0.0182479, -0.00375), (-0.0239629, 0.0155488, -0.00375), (-0.0258924, 0.0113461, -0.00375), (-0.0261002, 0.0116088, -0.00375), (-0.02813, 0.0103834, -0.00375), (-0.0278822, 0.00595, -0.00375), (-0.0275949, 0.0073829, -0.00375), (-0.0280335, 0.0025864, -0.00375), (-0.0280988, 0.002743, -0.00375), (-0.0280715, 0.0026932, -0.00375), (-0.0281686, 0.0028324, -0.00375), (-0.0281313, 0.0027896, -0.00375), (-0.0283046, 0.0029338, -0.00375), (-0.0282557, 0.0029049, -0.00375), (-0.0285258, 0.0015058, -0.00375), (-0.0291023, 0.0014116, -0.00375), (-0.0281472, 0.0017313, -0.00375), (-0.0280741, 0.0018844, -0.00375), (-0.0280209, 0.0024173, -0.00375), (-0.0280541, 0.001996, -0.00375), (-0.0283562, -0.0029573, -0.00375), (-0.0285258, -0.0015058, -0.00375), (-0.0274607, -0.006203, -0.00375), (-0.0296353, -0.0058179, -0.00375), (-0.0283603, -0.0103822, -0.00375), (-0.0274971, -0.0073255, -0.00375), (-0.0273787, -0.0072041, -0.00375), (-0.0274138, -0.0072487, -0.00375), (-0.0273046, -0.0070514, -0.00375), (-0.0272824, -0.0068833, -0.00375), (-0.0272838, -0.00694, -0.00375), (-0.0272871, -0.0068267, -0.00375), (-0.0258697, -0.0110664, -0.00375), (-0.0258622, -0.0111227, -0.00375), (-0.02813, -0.0103834, -0.00375), (-0.0272418, -0.0103356, -0.00375), (-0.023842, -0.0149247, -0.00375), (-0.0242934, -0.0143212, -0.00375), (-0.0242449, -0.0143507, -0.00375), (-0.0235446, -0.0185679, -0.00375), (-0.0249348, -0.0166545, -0.00375), (-0.0250692, -0.0168414, -0.00375), (-0.0238125, -0.0153119, -0.00375), (-0.0237909, -0.0152006, -0.00375), (-0.0237987, -0.0152569, -0.00375), (-0.021135, -0.0189042, -0.00375), (-0.0211519, -0.0189584, -0.00375), (-0.0211273, -0.0186789, -0.00375), (-0.0211201, -0.0187352, -0.00375), (-0.0211404, -0.0186237, -0.00375), (-0.0220339, -0.0179257, -0.00375), (-0.0219777, -0.0179175, -0.00375), (-0.022142, -0.0179598, -0.00375), (-0.0220889, -0.0179399, -0.00375), (-0.0179175, -0.0219777, -0.00375), (-0.0179257, -0.0220339, -0.00375), (-0.018792, -0.0211191, -0.00375), (-0.0142589, -0.0245101, -0.00375), (-0.0143212, -0.0242934, -0.00375), (-0.0143852, -0.0241999, -0.00375), (-0.0143507, -0.0242449, -0.00375), (-0.0149247, -0.023842, -0.00375), (-0.0151439, -0.0237892, -0.00375), (-0.0150873, -0.0237935, -0.00375), (-0.0103813, -0.0261914, -0.00375), (-0.0103445, -0.0262346, -0.00375), (-0.0125488, -0.0272331, -0.00375), (-0.0119545, -0.0265712, -0.00375), (-0.0103834, -0.0281301, -0.00375), (-0.0073255, -0.0274972, -0.00375), (-0.0036247, -0.0299827, -0.00375), (-0.0059497, -0.027939, -0.00375), (-0.0059468, -0.0285232, -0.00375), (-0.0063055, -0.0274122, -0.00375), (-0.0015058, -0.0285258, -0.00375), (-0.0011826, -0.0299619, -0.00375), (0.0017796, -0.0281175, -0.00375), (0.0018308, -0.028093, -0.00375), (0.0016864, -0.028182, -0.00375), (-0.0011103, -0.0301805, -0.00375), (0.001515, -0.0284698, -0.00375), (0.0015301, -0.0284151, -0.00375), (0.0026409, -0.0280497, -0.00375), (0.0026932, -0.0280715, -0.00375), (0.0025306, -0.0280233, -0.00375), (0.0025864, -0.0280335, -0.00375), (0.002474, -0.0280191, -0.00375), (0.0071049, -0.0273238, -0.00375), (0.0070514, -0.0273046, -0.00375), (0.006203, -0.0274607, -0.00375), (0.0060743, -0.0275712, -0.00375), (0.0102491, -0.0264389, -0.00375), (0.0113461, -0.0258925, -0.00375), (0.0113983, -0.0259147, -0.00375), (0.0112918, -0.025876, -0.00375), (0.0110664, -0.0258697, -0.00375), (0.0143212, -0.0242934, -0.00375), (0.0143507, -0.0242449, -0.00375), (0.0142784, -0.0243984, -0.00375), (0.014297, -0.0243447, -0.00375), (0.0142749, -0.024679, -0.00375), (0.0142635, -0.0246233, -0.00375), (0.0180261, -0.0216049, -0.00375), (0.0220339, -0.0179257, -0.00375), (0.0220889, -0.0179399, -0.00375), (0.0218644, -0.0179193, -0.00375), (0.021921, -0.0179154, -0.00375), (0.0211404, -0.0186237, -0.00375), (0.0211593, -0.0185702, -0.00375), (0.0242934, -0.0143212, -0.00375), (0.0243447, -0.014297, -0.00375), (0.0237988, -0.0152569, -0.00375), (0.0264948, -0.0102395, -0.00375), (0.0265515, -0.010236, -0.00375), (0.0260642, -0.0105675, -0.00375), (0.0260883, -0.0105161, -0.00375), (0.0276652, -0.0060108, -0.00375), (0.0277167, -0.005987, -0.00375), (0.0275712, -0.0060743, -0.00375), (0.0276165, -0.00604, -0.00375), (0.0272824, -0.0068833, -0.00375), (0.0273486, -0.0071559, -0.00375), (0.0273238, -0.0071049, -0.00375), (0.0280541, 0.001996, -0.00375), (0.0238201, 0.0149771, -0.00375), (0.0238039, 0.0150315, -0.00375), (0.0244537, 0.0142656, -0.00375), (0.0243984, 0.0142784, -0.00375), (0.021135, 0.0189042, -0.00375), (0.0211519, 0.0189584, -0.00375), (0.0215619, 0.0180631, -0.00375), (0.021754, 0.0179452, -0.00375), (0.0217015, 0.0179668, -0.00375), (0.0179399, 0.0220889, -0.00375), (0.0203501, 0.0220225, -0.00375), (0.0195803, 0.0215766, -0.00375), (0.0153652, 0.0238321, -0.00375), (0.0153119, 0.0238125, -0.00375), (0.0179852, 0.0221928, -0.00375), (0.0154161, 0.0238572, -0.00375), (0.0166545, 0.0249348, -0.00375), (0.0185679, 0.0235446, -0.00375), (0.0186379, 0.023764, -0.00375), (0.0182479, 0.0227146, -0.00375), (0.0159639, 0.024374, -0.00375), (0.0142921, 0.024733, -0.00375), (0.0144699, 0.0252895, -0.00375), (0.0073829, 0.0275949, -0.00375), (0.0058551, 0.029408, -0.00375), (0.005987, 0.0277167, -0.00375), (0.0015058, 0.0285258, -0.00375), (0.0011826, 0.0299619, -0.00375), (-0.0017313, 0.0281472, -0.00375), (-0.0011826, 0.0299619, -0.00375), (-0.0014116, 0.0291024, -0.00375), (-0.0029049, 0.0282557, -0.00375), (-0.002871, 0.0282102, -0.00375), (-0.0026409, 0.0280497, -0.00375), (-0.0026932, 0.0280715, -0.00375), (-0.0025306, 0.0280233, -0.00375), (-0.0025864, 0.0280335, -0.00375), (-0.0070514, 0.0273046, -0.00375), (-0.0058551, 0.029408, -0.00375), (-0.0059468, 0.0285232, -0.00375), (-0.0102395, 0.0264948, -0.00375), (-0.0102491, 0.0264389, -0.00375), (-0.0082704, 0.0290465, -0.00375), (-0.010236, 0.0265515, -0.00375), (-0.0113983, 0.0259147, -0.00375), (-0.0114479, 0.0259423, -0.00375), (-0.0112918, 0.025876, -0.00375), (-0.0113461, 0.0258925, -0.00375), (-0.0111794, 0.0258608, -0.00375), (-0.0149247, 0.023842, -0.00375), (-0.0149771, 0.0238201, -0.00375), (-0.0142582, 0.0245668, -0.00375), (-0.0186789, 0.0211273, -0.00375), (-0.0187352, 0.0211202, -0.00375), (-0.018519, 0.0211839, -0.00375), (-0.0185702, 0.0211593, -0.00375), (-0.0179938, 0.0216516, -0.00375), (-0.0179598, 0.022142, -0.00375), (-0.0189584, 0.0211519, -0.00375), (-0.0235446, 0.0185679, -0.00375), (-0.0212024, 0.0190599, -0.00375), (-0.0246789, 0.0142749, -0.00375), (-0.024733, 0.0142921, -0.00375), (-0.0266082, 0.0102385, -0.00375), (-0.0296353, 0.0058179, -0.00375), (-0.0280496, 0.0026408, -0.00375), (-0.0282102, 0.002871, -0.00375), (-0.0283562, 0.0029573, -0.00375), (-0.029778, 0.0035191, -0.00375), (-0.0289649, 0.0031584, -0.00375), (-0.0299619, 0.0011826, -0.00375), (-0.027939, -0.0059497, -0.00375), (-0.0275949, -0.0073829, -0.00375), (-0.0281142, -0.0076506, -0.00375), (-0.0274534, -0.0072893, -0.00375), (-0.0272912, -0.0069963, -0.00375), (-0.0272978, -0.0067709, -0.00375), (-0.0261002, -0.0116088, -0.00375), (-0.0272331, -0.0125488, -0.00375), (-0.0238201, -0.0149771, -0.00375), (-0.0238038, -0.0150315, -0.00375), (-0.0241998, -0.0143852, -0.00375), (-0.0261594, -0.0146561, -0.00375), (-0.0252895, -0.0144699, -0.00375), (-0.0237639, -0.0186379, -0.00375), (-0.0227146, -0.0182479, -0.00375), (-0.0239629, -0.0155488, -0.00375), (-0.024374, -0.0159639, -0.00375), (-0.0237892, -0.0151439, -0.00375), (-0.0211744, -0.0190105, -0.00375), (-0.0211191, -0.018792, -0.00375), (-0.021124, -0.0188485, -0.00375), (-0.0179399, -0.0220889, -0.00375), (-0.0179193, -0.0218644, -0.00375), (-0.0179154, -0.021921, -0.00375), (-0.0203501, -0.0220225, -0.00375), (-0.0195803, -0.0215766, -0.00375), (-0.0166545, -0.0249348, -0.00375), (-0.0185679, -0.0235446, -0.00375), (-0.0186379, -0.023764, -0.00375), (-0.0182479, -0.0227146, -0.00375), (-0.0159639, -0.024374, -0.00375), (-0.0127124, -0.0273951, -0.00375), (-0.0144244, -0.0241588, -0.00375), (-0.0149771, -0.0238201, -0.00375), (-0.0150315, -0.0238039, -0.00375), (-0.0071559, -0.0273486, -0.00375), (-0.0072487, -0.0274138, -0.00375), (-0.007204, -0.0273787, -0.00375), (-0.0072893, -0.0274534, -0.00375), (-0.0081341, -0.0288609, -0.00375), (-0.0076506, -0.0281142, -0.00375), (-0.0103822, -0.0283603, -0.00375), (-0.0058551, -0.029408, -0.00375), (-0.001515, -0.0284698, -0.00375), (-0.0029752, -0.0284101, -0.00375), (0.0017313, -0.0281472, -0.00375), (0.001551, -0.0283623, -0.00375), (0.0015774, -0.028312, -0.00375), (0.0011826, -0.0299619, -0.00375), (0.0014116, -0.0291024, -0.00375), (0.0027896, -0.0281313, -0.00375), (0.0028324, -0.0281686, -0.00375), (0.0024172, -0.0280209, -0.00375), (0.0068832, -0.0272824, -0.00375), (0.0061132, -0.0275299, -0.00375), (0.0061562, -0.0274929, -0.00375), (0.0058551, -0.029408, -0.00375), (0.0059468, -0.0285232, -0.00375), (0.0104224, -0.0261523, -0.00375), (0.0102646, -0.0263843, -0.00375), (0.0102858, -0.0263316, -0.00375), (0.0102385, -0.0266082, -0.00375), (0.0114942, -0.0259751, -0.00375), (0.0115368, -0.0260127, -0.00375), (0.0111227, -0.0258622, -0.00375), (0.0142589, -0.0245101, -0.00375), (0.0142656, -0.0244537, -0.00375), (0.0142582, -0.0245668, -0.00375), (0.0179154, -0.021921, -0.00375), (0.0250692, -0.0168414, -0.00375), (0.0219777, -0.0179175, -0.00375), (0.0216049, -0.0180261, -0.00375), (0.0211202, -0.0187352, -0.00375), (0.0211273, -0.0186789, -0.00375), (0.021124, -0.0188485, -0.00375), (0.0211191, -0.018792, -0.00375), (0.0211744, -0.0190105, -0.00375), (0.0211519, -0.0189584, -0.00375), (0.0238572, -0.0154161, -0.00375), (0.0238321, -0.0153652, -0.00375), (0.0290465, -0.0082704, -0.00375), (0.0262346, -0.0103445, -0.00375), (0.0262816, -0.0103126, -0.00375), (0.0261178, -0.0104675, -0.00375), (0.0261523, -0.0104224, -0.00375), (0.0259025, -0.0109579, -0.00375), (0.0277705, -0.0059688, -0.00375), (0.0278259, -0.0059564, -0.00375), (0.0274122, -0.0063055, -0.00375), (0.0273787, -0.0072041, -0.00375), (0.0274534, -0.0072893, -0.00375), (0.0274138, -0.0072487, -0.00375), (0.0280611, 0.0019396, -0.00375), (0.0273046, 0.0070514, -0.00375), (0.0273238, 0.0071049, -0.00375), (0.0272871, 0.0068267, -0.00375), (0.0272824, 0.0068833, -0.00375), (0.0260127, 0.0115368, -0.00375), (0.0258608, 0.0111794, -0.00375), (0.0258654, 0.011236, -0.00375), (0.0262816, 0.0103126, -0.00375), (0.0263843, 0.0102646, -0.00375), (0.0263316, 0.0102858, -0.00375), (0.0264948, 0.0102395, -0.00375), (0.0264389, 0.0102491, -0.00375), (0.0266082, 0.0102385, -0.00375), (0.0265515, 0.010236, -0.00375), (0.023842, 0.0149247, -0.00375), (0.0241588, 0.0144244, -0.00375), (0.0235446, 0.0185679, -0.00375), (0.0249348, 0.0166545, -0.00375), (0.0250692, 0.0168414, -0.00375), (0.0238321, 0.0153652, -0.00375), (0.0238572, 0.0154161, -0.00375), (0.023791, 0.0152006, -0.00375), (0.0237988, 0.0152569, -0.00375), (0.0212137, 0.0184707, -0.00375), (0.0211839, 0.018519, -0.00375), (0.0216049, 0.0180261, -0.00375), (0.022142, 0.0179598, -0.00375), (0.0220889, 0.0179399, -0.00375), (0.0205558, 0.022126, -0.00375), (0.0168414, 0.0250692, -0.00375), (0.0155488, 0.0239629, -0.00375), (0.0146561, 0.0261594, -0.00375), (0.00595, 0.0278823, -0.00375), (0.001515, 0.0284698, -0.00375), (0.0029752, 0.0284101, -0.00375), (-0.0011103, 0.0301805, -0.00375), (-0.0029752, 0.0284101, -0.00375), (-0.0031584, 0.0289649, -0.00375), (-0.002474, 0.0280191, -0.00375), (-0.001996, 0.0280541, -0.00375), (-0.0024172, 0.0280209, -0.00375), (-0.0073829, 0.0275949, -0.00375), (-0.0081341, 0.0288609, -0.00375), (-0.0110113, 0.0258832, -0.00375), (-0.0102385, 0.0266082, -0.00375), (-0.0103834, 0.0281301, -0.00375), (-0.0103356, 0.0272418, -0.00375), (-0.0146561, 0.0261594, -0.00375), (-0.0125488, 0.0272331, -0.00375), (-0.0127124, 0.0273951, -0.00375), (-0.0116088, 0.0261003, -0.00375), (-0.0119545, 0.0265712, -0.00375), (-0.0114942, 0.0259751, -0.00375), (-0.0115368, 0.0260127, -0.00375), (-0.011236, 0.0258654, -0.00375), (-0.0155488, 0.0239629, -0.00375), (-0.0166545, 0.0249348, -0.00375), (-0.0144699, 0.0252895, -0.00375), (-0.0186237, 0.0211404, -0.00375), (-0.0184707, 0.0212137, -0.00375), (-0.0185679, 0.0235446, -0.00375), (-0.0182479, 0.0227146, -0.00375), (-0.0190599, 0.0212024, -0.00375), (-0.0190105, 0.0211744, -0.00375), (-0.022142, 0.0179598, -0.00375), (-0.0299826, 0.0036247, -0.00375), (-0.0284697, 0.001515, -0.00375), (-0.0288609, -0.0081341, -0.00375), (-0.0260545, -0.0115751, -0.00375), (-0.0266643, -0.010247, -0.00375), (-0.0237935, -0.0150873, -0.00375), (-0.026387, -0.014691, -0.00375), (-0.0238876, -0.0154641, -0.00375), (-0.0212355, -0.019106, -0.00375), (-0.0220225, -0.0203501, -0.00375), (-0.0205558, -0.022126, -0.00375), (-0.0153652, -0.0238321, -0.00375), (-0.0153119, -0.0238125, -0.00375), (-0.0179852, -0.0221928, -0.00375), (-0.0154161, -0.0238572, -0.00375), (-0.0168414, -0.0250692, -0.00375), (-0.0155488, -0.0239629, -0.00375), (-0.0142921, -0.024733, -0.00375), (-0.0144699, -0.0252895, -0.00375), (-0.0152006, -0.023791, -0.00375), (-0.0152569, -0.0237988, -0.00375), (-0.0102385, -0.0266082, -0.00375), (-0.010247, -0.0266643, -0.00375), (-0.0116088, -0.0261003, -0.00375), (-0.0073568, -0.0275445, -0.00375), (-0.0082704, -0.0290465, -0.00375), (-0.00595, -0.0278823, -0.00375), (0.0011103, -0.0301805, -0.00375), (0.0058179, -0.0296353, -0.00375), (0.0029752, -0.0284101, -0.00375), (0.0031584, -0.0289649, -0.00375), (0.0029338, -0.0283046, -0.00375), (0.002871, -0.0282102, -0.00375), (0.0029049, -0.0282557, -0.00375), (0.002743, -0.0280989, -0.00375), (0.0073829, -0.0275949, -0.00375), (0.0081341, -0.0288609, -0.00375), (0.0103813, -0.0261914, -0.00375), (0.0103126, -0.0262816, -0.00375), (0.0103445, -0.0262346, -0.00375), (0.0103834, -0.0281301, -0.00375), (0.0103356, -0.0272418, -0.00375), (0.0146561, -0.0261594, -0.00375), (0.0125488, -0.0272331, -0.00375), (0.0127124, -0.0273951, -0.00375), (0.0116088, -0.0261003, -0.00375), (0.0119545, -0.0265712, -0.00375), (0.0114479, -0.0259423, -0.00375), (0.0155488, -0.0239629, -0.00375), (0.0166545, -0.0249348, -0.00375), (0.0144699, -0.0252895, -0.00375), (0.0179257, -0.0220339, -0.00375), (0.0179175, -0.0219777, -0.00375), (0.0168414, -0.0250692, -0.00375), (0.0179399, -0.0220889, -0.00375), (0.0185679, -0.0235446, -0.00375), (0.0182479, -0.0227146, -0.00375), (0.0220225, -0.0203501, -0.00375), (0.0203501, -0.0220225, -0.00375), (0.0205558, -0.022126, -0.00375), (0.0195803, -0.0215766, -0.00375), (0.0215766, -0.0195803, -0.00375), (0.0212355, -0.019106, -0.00375), (0.0189042, -0.021135, -0.00375), (0.021135, -0.0189042, -0.00375), (0.0238125, -0.0153119, -0.00375), (0.0249348, -0.0166545, -0.00375), (0.024374, -0.0159639, -0.00375), (0.0264389, -0.0102491, -0.00375), (0.0263316, -0.0102858, -0.00375), (0.0263843, -0.0102646, -0.00375), (0.0261914, -0.0103813, -0.00375), (0.0258832, -0.0110113, -0.00375), (0.0274929, -0.0061562, -0.00375), (0.0275299, -0.0061132, -0.00375), (0.0272838, -0.00694, -0.00375), (0.0273046, -0.0070514, -0.00375), (0.0272912, -0.0069963, -0.00375), (0.0275445, -0.0073568, -0.00375), (0.0274972, -0.0073255, -0.00375), (0.0280209, 0.0024173, -0.00375), (0.0281472, 0.0017313, -0.00375), (0.0281175, 0.0017796, -0.00375), (0.0282649, 0.001609, -0.00375), (0.0282214, 0.0016455, -0.00375), (0.0283603, 0.0103822, -0.00375), (0.0274972, 0.0073255, -0.00375), (0.0273787, 0.0072041, -0.00375), (0.0274138, 0.0072487, -0.00375), (0.0273486, 0.0071559, -0.00375), (0.0272978, 0.0067709, -0.00375), (0.0258697, 0.0110664, -0.00375), (0.0258622, 0.0111227, -0.00375), (0.0281301, 0.0103834, -0.00375), (0.0272418, 0.0103356, -0.00375), (0.0237935, 0.0150873, -0.00375), (0.0241999, 0.0143852, -0.00375), (0.0242934, 0.0143212, -0.00375), (0.0242449, 0.0143507, -0.00375), (0.0243447, 0.014297, -0.00375), (0.0261594, 0.0146561, -0.00375), (0.0252895, 0.0144699, -0.00375), (0.0227146, 0.0182479, -0.00375), (0.0239629, 0.0155488, -0.00375), (0.024374, 0.0159639, -0.00375), (0.0238125, 0.0153119, -0.00375), (0.0237892, 0.0151439, -0.00375), (0.0211744, 0.0190105, -0.00375), (0.0211593, 0.0185702, -0.00375), (0.0216516, 0.0179938, -0.00375), (0.019106, 0.0212355, -0.00375), (0.0154641, 0.0238877, -0.00375), (0.0142749, 0.024679, -0.00375), (-0.0015058, 0.0285258, -0.00375), (-0.0035191, 0.029778, -0.00375), (-0.0073568, 0.0275445, -0.00375), (-0.0059497, 0.027939, -0.00375), (-0.0104224, 0.0261523, -0.00375), (-0.0103822, 0.0283603, -0.00375), (-0.0155085, 0.023923, -0.00375), (-0.0142921, 0.024733, -0.00375), (-0.018792, 0.0211191, -0.00375), (-0.0186379, 0.023764, -0.00375), (-0.0285232, 0.0059468, -0.00375), (-0.0284101, 0.0029752, -0.00375), (-0.0275445, -0.0073568, -0.00375), (-0.024733, -0.0142921, -0.00375), (-0.023923, -0.0155085, -0.00375), (-0.0212024, -0.0190599, -0.00375), (-0.0221927, -0.0179852, -0.00375), (-0.019106, -0.0212355, -0.00375), (-0.0155085, -0.023923, -0.00375), (-0.0154641, -0.0238877, -0.00375), (-0.0146561, -0.0261594, -0.00375), (-0.0073829, -0.0275949, -0.00375), (0.0015058, -0.0285258, -0.00375), (0.0035191, -0.029778, -0.00375), (0.0073568, -0.0275445, -0.00375), (0.0059497, -0.027939, -0.00375), (0.0110113, -0.0258832, -0.00375), (0.0103822, -0.0283603, -0.00375), (0.0155085, -0.023923, -0.00375), (0.0142921, -0.024733, -0.00375), (0.0179598, -0.022142, -0.00375), (0.0186379, -0.023764, -0.00375), (0.022126, -0.0205558, -0.00375), (0.019106, -0.0212355, -0.00375), (0.0189584, -0.0211519, -0.00375), (0.0188485, -0.021124, -0.00375), (0.0221928, -0.0179852, -0.00375), (0.0227146, -0.0182479, -0.00375), (0.023923, -0.0155085, -0.00375), (0.0238877, -0.0154641, -0.00375), (0.025876, -0.0112918, -0.00375), (0.0258654, -0.011236, -0.00375), (0.0258697, -0.0110664, -0.00375), (0.0274337, -0.0062529, -0.00375), (0.0274607, -0.006203, -0.00375), (0.0288609, -0.0081341, -0.00375), (0.0281142, -0.0076506, -0.00375), (0.0280989, 0.002743, -0.00375), (0.0281313, 0.0027896, -0.00375), (0.0280497, 0.0026408, -0.00375), (0.0280715, 0.0026932, -0.00375), (0.0280191, 0.002474, -0.00375), (0.028093, 0.0018308, -0.00375), (0.028182, 0.0016864, -0.00375), (0.0283623, 0.001551, -0.00375), (0.028312, 0.0015774, -0.00375), (0.0284698, 0.001515, -0.00375), (0.0284151, 0.0015301, -0.00375), (0.0274122, 0.0063055, -0.00375), (0.0273965, 0.00636, -0.00375), (0.0274337, 0.0062529, -0.00375), (0.0275949, 0.0073829, -0.00375), (0.0281142, 0.0076506, -0.00375), (0.0274534, 0.0072893, -0.00375), (0.0272838, 0.00694, -0.00375), (0.0272912, 0.0069963, -0.00375), (0.0261003, 0.0116088, -0.00375), (0.0272331, 0.0125488, -0.00375), (0.026387, 0.014691, -0.00375), (0.023764, 0.0186379, -0.00375), (0.0238877, 0.0154641, -0.00375), (0.0212355, 0.019106, -0.00375), (0.0220225, 0.0203501, -0.00375), (0.0155085, 0.023923, -0.00375), (0.0058179, 0.0296353, -0.00375), (-0.0029573, 0.0283563, -0.00375), (-0.010247, 0.0266643, -0.00375), (-0.0115751, 0.0260545, -0.00375), (-0.0179852, 0.0221928, -0.00375), (-0.0237639, 0.0186379, -0.00375), (-0.0283603, 0.0103822, -0.00375), (-0.0289649, -0.0031584, -0.00375), (-0.0142749, -0.024679, -0.00375), (-0.0014116, -0.0291024, -0.00375), (0.0029573, -0.0283563, -0.00375), (0.010247, -0.0266643, -0.00375), (0.0115751, -0.0260545, -0.00375), (0.0179852, -0.0221928, -0.00375), (0.0235446, -0.0185679, -0.00375), (0.0212024, -0.0190599, -0.00375), (0.0239629, -0.0155488, -0.00375), (0.0258925, -0.0113461, -0.00375), (0.0252895, -0.0144699, -0.00375), (0.0259751, -0.0114942, -0.00375), (0.0272331, -0.0125488, -0.00375), (0.0261594, -0.0146561, -0.00375), (0.026387, -0.014691, -0.00375), (0.0266643, -0.010247, -0.00375), (0.0272418, -0.0103356, -0.00375), (0.0258622, -0.0111227, -0.00375), (0.027939, -0.0059497, -0.00375), (0.029408, -0.0058551, -0.00375), (0.0282557, 0.0029049, -0.00375), (0.0283046, 0.0029338, -0.00375), (0.0281686, 0.0028324, -0.00375), (0.0282102, 0.002871, -0.00375), (0.0280233, 0.0025306, -0.00375), (0.0299827, 0.0036247, -0.00375), (0.0278823, 0.00595, -0.00375), (0.0278259, 0.0059564, -0.00375), (0.0288609, 0.0081341, -0.00375), (0.0260545, 0.0115751, -0.00375), (0.0266643, 0.010247, -0.00375), (0.024733, 0.0142921, -0.00375), (0.023923, 0.0155085, -0.00375), (0.0212024, 0.0190599, -0.00375), (0.0221928, 0.0179852, -0.00375), (0.0179598, 0.022142, -0.00375), (0.0103356, 0.0272418, -0.00375), (-0.0301805, 0.0011103, -0.00375), (-0.0265712, -0.0119545, -0.00375), (-0.0179598, -0.022142, -0.00375), (0.0190599, -0.0212024, -0.00375), (0.0190105, -0.0211744, -0.00375), (0.022142, -0.0179598, -0.00375), (0.024679, -0.0142749, -0.00375), (0.024733, -0.0142921, -0.00375), (0.0259147, -0.0113983, -0.00375), (0.0259423, -0.0114479, -0.00375), (0.0273951, -0.0127124, -0.00375), (0.0265712, -0.0119545, -0.00375), (0.0281301, -0.0103834, -0.00375), (0.0258608, -0.0111794, -0.00375), (0.0278823, -0.00595, -0.00375), (0.0275949, -0.0073829, -0.00375), (0.0281472, -0.0017313, -0.00375), (0.028182, -0.0016864, -0.00375), (0.028093, -0.0018308, -0.00375), (0.0281175, -0.0017796, -0.00375), (0.0280335, 0.0025864, -0.00375), (0.0280742, 0.0018844, -0.00375), (0.0299619, 0.0011826, -0.00375), (0.0291024, 0.0014116, -0.00375), (0.0274607, 0.006203, -0.00375), (0.0275299, 0.0061132, -0.00375), (0.0274929, 0.0061562, -0.00375), (0.0277705, 0.0059688, -0.00375), (0.0277167, 0.005987, -0.00375), (0.0275445, 0.0073568, -0.00375), (0.0014116, 0.0291024, -0.00375), (-0.0076506, 0.0281142, -0.00375), (-0.014691, 0.026387, -0.00375), (-0.014691, -0.026387, -0.00375), (-0.0058179, -0.0296353, -0.00375), (0.0076506, -0.0281142, -0.00375), (0.014691, -0.026387, -0.00375), (0.0260545, -0.0115751, -0.00375), (0.0260127, -0.0115368, -0.00375), (0.0261003, -0.0116088, -0.00375), (0.0266082, -0.0102385, -0.00375), (0.0296353, -0.0058179, -0.00375), (0.0280989, -0.002743, -0.00375), (0.0280715, -0.0026932, -0.00375), (0.0282557, -0.0029049, -0.00375), (0.0282102, -0.002871, -0.00375), (0.028312, -0.0015774, -0.00375), (0.0283623, -0.001551, -0.00375), (0.0284101, 0.0029752, -0.00375), (0.029778, 0.0035191, -0.00375), (0.0301805, 0.0011103, -0.00375), (0.0276652, 0.0060108, -0.00375), (0.0276165, 0.00604, -0.00375), (0.029408, 0.0058551, -0.00375), (0.0285232, 0.0059468, -0.00375), (0.014691, 0.026387, -0.00375), (-0.0215766, -0.0195803, -0.00375), (-0.0103356, -0.0272418, -0.00375), (0.0280233, -0.0025306, -0.00375), (0.0280497, -0.0026408, -0.00375), (0.0281686, -0.0028324, -0.00375), (0.0283563, -0.0029573, -0.00375), (0.0283046, -0.0029338, -0.00375), (0.0282649, -0.001609, -0.00375), (0.0282214, -0.0016455, -0.00375), (0.0280611, -0.0019396, -0.00375), (0.0283563, 0.0029573, -0.00375), (0.0285258, 0.0015058, -0.00375), (0.0275712, 0.0060743, -0.00375), (0.0296353, 0.0058179, -0.00375), (0.0265712, 0.0119545, -0.00375), (0.0215766, 0.0195803, -0.00375), (-0.0036247, 0.0299827, -0.00375), (-0.0290465, -0.0082704, -0.00375), (0.0036247, -0.0299827, -0.00375), (0.023764, -0.0186379, -0.00375), (0.0285232, -0.0059468, -0.00375), (0.0280191, -0.002474, -0.00375), (0.0280335, -0.0025864, -0.00375), (0.0281313, -0.0027896, -0.00375), (0.029778, -0.0035191, -0.00375), (0.0289649, -0.0031584, -0.00375), (0.0285258, -0.0015058, -0.00375), (0.0291024, -0.0014116, -0.00375), (0.0284151, -0.0015301, -0.00375), (0.0280742, -0.0018844, -0.00375), (0.0280209, -0.0024173, -0.00375), (0.0280541, -0.001996, -0.00375), (0.027939, 0.0059497, -0.00375), (-0.0159639, 0.024374, -0.00375), (0.0159639, -0.024374, -0.00375), (0.0283603, -0.0103822, -0.00375), (0.0299827, -0.0036247, -0.00375), (0.0299619, -0.0011826, -0.00375), (0.0284101, -0.0029752, -0.00375), (0.0284698, -0.001515, -0.00375), (0.0290465, 0.0082704, -0.00375), (0.0301805, -0.0011103, -0.00375), (0.0289649, 0.0031584, -0.00375), (0.0280209, 0.0024173, -0.01875), (0.0280541, 0.001996, -0.01875), (0.0280611, 0.0019396, -0.01875), (0.0280742, 0.0018844, -0.01875), (0.028093, 0.0018308, -0.01875), (0.0281175, 0.0017796, -0.01875), (0.0281472, 0.0017313, -0.01875), (0.028182, 0.0016864, -0.01875), (0.0282214, 0.0016455, -0.01875), (0.0282649, 0.001609, -0.01875), (0.028312, 0.0015774, -0.01875), (0.0283623, 0.001551, -0.01875), (0.0284151, 0.0015301, -0.01875), (0.0284698, 0.001515, -0.01875), (0.0285258, 0.0015058, -0.01875), (0.0283563, 0.0029573, -0.01875), (0.0284101, 0.0029752, -0.01875), (0.0283046, 0.0029338, -0.01875), (0.0282557, 0.0029049, -0.01875), (0.0282102, 0.002871, -0.01875), (0.0281686, 0.0028324, -0.01875), (0.0281313, 0.0027896, -0.01875), (0.0280989, 0.002743, -0.01875), (0.0280715, 0.0026932, -0.01875), (0.0280497, 0.0026408, -0.01875), (0.0280335, 0.0025864, -0.01875), (0.0280233, 0.0025306, -0.01875), (0.0280191, 0.002474, -0.01875), (0.0280541, -0.001996, -0.01875), (0.0280209, -0.0024173, -0.01875), (0.0280191, -0.002474, -0.01875), (0.0280233, -0.0025306, -0.01875), (0.0280335, -0.0025864, -0.01875), (0.0280497, -0.0026408, -0.01875), (0.0280715, -0.0026932, -0.01875), (0.0280989, -0.002743, -0.01875), (0.0281313, -0.0027896, -0.01875), (0.0281686, -0.0028324, -0.01875), (0.0282102, -0.002871, -0.01875), (0.0282557, -0.0029049, -0.01875), (0.0283046, -0.0029338, -0.01875), (0.0283563, -0.0029573, -0.01875), (0.0284101, -0.0029752, -0.01875), (0.0284698, -0.001515, -0.01875), (0.0285258, -0.0015058, -0.01875), (0.0284151, -0.0015301, -0.01875), (0.0283623, -0.001551, -0.01875), (0.028312, -0.0015774, -0.01875), (0.0282649, -0.001609, -0.01875), (0.0282214, -0.0016455, -0.01875), (0.028182, -0.0016864, -0.01875), (0.0281472, -0.0017313, -0.01875), (0.0281175, -0.0017796, -0.01875), (0.028093, -0.0018308, -0.01875), (0.0280742, -0.0018844, -0.01875), (0.0280611, -0.0019396, -0.01875), (0.0273965, -0.00636, -0.01875), (0.0272978, -0.0067709, -0.01875), (0.0272871, -0.0068267, -0.01875), (0.0272824, -0.0068833, -0.01875), (0.0272838, -0.00694, -0.01875), (0.0272912, -0.0069963, -0.01875), (0.0273046, -0.0070514, -0.01875), (0.0273238, -0.0071049, -0.01875), (0.0273486, -0.0071559, -0.01875), (0.0273787, -0.0072041, -0.01875), (0.0274138, -0.0072487, -0.01875), (0.0274534, -0.0072893, -0.01875), (0.0274972, -0.0073255, -0.01875), (0.0275445, -0.0073568, -0.01875), (0.0275949, -0.0073829, -0.01875), (0.0278823, -0.00595, -0.01875), (0.027939, -0.0059497, -0.01875), (0.0278259, -0.0059564, -0.01875), (0.0277705, -0.0059688, -0.01875), (0.0277167, -0.005987, -0.01875), (0.0276652, -0.0060108, -0.01875), (0.0276165, -0.00604, -0.01875), (0.0275712, -0.0060743, -0.01875), (0.0275299, -0.0061132, -0.01875), (0.0274929, -0.0061562, -0.01875), (0.0274607, -0.006203, -0.01875), (0.0274337, -0.0062529, -0.01875), (0.0274122, -0.0063055, -0.01875), (0.0260642, -0.0105675, -0.01875), (0.0259025, -0.0109579, -0.01875), (0.0258832, -0.0110113, -0.01875), (0.0258697, -0.0110664, -0.01875), (0.0258622, -0.0111227, -0.01875), (0.0258608, -0.0111794, -0.01875), (0.0258654, -0.011236, -0.01875), (0.025876, -0.0112918, -0.01875), (0.0258925, -0.0113461, -0.01875), (0.0259147, -0.0113983, -0.01875), (0.0259423, -0.0114479, -0.01875), (0.0259751, -0.0114942, -0.01875), (0.0260127, -0.0115368, -0.01875), (0.0260545, -0.0115751, -0.01875), (0.0261003, -0.0116088, -0.01875), (0.0266082, -0.0102385, -0.01875), (0.0266643, -0.010247, -0.01875), (0.0265515, -0.010236, -0.01875), (0.0264948, -0.0102395, -0.01875), (0.0264389, -0.0102491, -0.01875), (0.0263843, -0.0102646, -0.01875), (0.0263316, -0.0102858, -0.01875), (0.0262816, -0.0103126, -0.01875), (0.0262346, -0.0103445, -0.01875), (0.0261914, -0.0103813, -0.01875), (0.0261523, -0.0104224, -0.01875), (0.0261178, -0.0104675, -0.01875), (0.0260883, -0.0105161, -0.01875), (0.014875, -0.0238694, -0.01875), (0.0145147, -0.0240902, -0.01875), (0.0144677, -0.0241221, -0.01875), (0.0144244, -0.0241588, -0.01875), (0.0143852, -0.0241999, -0.01875), (0.0143507, -0.0242449, -0.01875), (0.0143212, -0.0242934, -0.01875), (0.014297, -0.0243447, -0.01875), (0.0142784, -0.0243984, -0.01875), (0.0142656, -0.0244537, -0.01875), (0.0142589, -0.0245101, -0.01875), (0.0142582, -0.0245668, -0.01875), (0.0142635, -0.0246233, -0.01875), (0.0142749, -0.024679, -0.01875), (0.0142921, -0.024733, -0.01875), (0.0155085, -0.023923, -0.01875), (0.0155488, -0.0239629, -0.01875), (0.0154641, -0.0238877, -0.01875), (0.0154161, -0.0238572, -0.01875), (0.0153652, -0.0238321, -0.01875), (0.0153119, -0.0238125, -0.01875), (0.0152569, -0.0237988, -0.01875), (0.0152006, -0.023791, -0.01875), (0.0151439, -0.0237892, -0.01875), (0.0150873, -0.0237935, -0.01875), (0.0150315, -0.0238039, -0.01875), (0.0149771, -0.0238201, -0.01875), (0.0149247, -0.023842, -0.01875), (0.0184259, -0.0212486, -0.01875), (0.0181045, -0.021523, -0.01875), (0.0180631, -0.0215619, -0.01875), (0.0180261, -0.0216049, -0.01875), (0.0179938, -0.0216516, -0.01875), (0.0179668, -0.0217015, -0.01875), (0.0179452, -0.021754, -0.01875), (0.0179293, -0.0218085, -0.01875), (0.0179193, -0.0218644, -0.01875), (0.0179154, -0.021921, -0.01875), (0.0179175, -0.0219777, -0.01875), (0.0179257, -0.0220339, -0.01875), (0.0179399, -0.0220889, -0.01875), (0.0179598, -0.022142, -0.01875), (0.0179852, -0.0221928, -0.01875), (0.0190599, -0.0212024, -0.01875), (0.019106, -0.0212355, -0.01875), (0.0190105, -0.0211744, -0.01875), (0.0189584, -0.0211519, -0.01875), (0.0189042, -0.021135, -0.01875), (0.0188485, -0.021124, -0.01875), (0.018792, -0.0211191, -0.01875), (0.0187352, -0.0211202, -0.01875), (0.0186789, -0.0211273, -0.01875), (0.0186237, -0.0211404, -0.01875), (0.0185702, -0.0211593, -0.01875), (0.018519, -0.0211839, -0.01875), (0.0184707, -0.0212137, -0.01875), (0.0240902, -0.0145147, -0.01875), (0.0238694, -0.014875, -0.01875), (0.023842, -0.0149247, -0.01875), (0.0238201, -0.0149771, -0.01875), (0.0238039, -0.0150315, -0.01875), (0.0237935, -0.0150873, -0.01875), (0.0237892, -0.0151439, -0.01875), (0.023791, -0.0152006, -0.01875), (0.0237988, -0.0152569, -0.01875), (0.0238125, -0.0153119, -0.01875), (0.0238321, -0.0153652, -0.01875), (0.0238572, -0.0154161, -0.01875), (0.0238877, -0.0154641, -0.01875), (0.023923, -0.0155085, -0.01875), (0.0239629, -0.0155488, -0.01875), (0.024679, -0.0142749, -0.01875), (0.024733, -0.0142921, -0.01875), (0.0246233, -0.0142635, -0.01875), (0.0245668, -0.0142582, -0.01875), (0.0245101, -0.0142589, -0.01875), (0.0244537, -0.0142656, -0.01875), (0.0243984, -0.0142784, -0.01875), (0.0243447, -0.014297, -0.01875), (0.0242934, -0.0143212, -0.01875), (0.0242449, -0.0143507, -0.01875), (0.0241999, -0.0143852, -0.01875), (0.0241588, -0.0144244, -0.01875), (0.0241221, -0.0144677, -0.01875), (0.021523, -0.0181045, -0.01875), (0.0212486, -0.0184259, -0.01875), (0.0212137, -0.0184707, -0.01875), (0.0211839, -0.018519, -0.01875), (0.0211593, -0.0185702, -0.01875), (0.0211404, -0.0186237, -0.01875), (0.0211273, -0.0186789, -0.01875), (0.0211202, -0.0187352, -0.01875), (0.0211191, -0.018792, -0.01875), (0.021124, -0.0188485, -0.01875), (0.021135, -0.0189042, -0.01875), (0.0211519, -0.0189584, -0.01875), (0.0211744, -0.0190105, -0.01875), (0.0212024, -0.0190599, -0.01875), (0.0212355, -0.019106, -0.01875), (0.022142, -0.0179598, -0.01875), (0.0221928, -0.0179852, -0.01875), (0.0220889, -0.0179399, -0.01875), (0.0220339, -0.0179257, -0.01875), (0.0219777, -0.0179175, -0.01875), (0.021921, -0.0179154, -0.01875), (0.0218644, -0.0179193, -0.01875), (0.0218085, -0.0179293, -0.01875), (0.021754, -0.0179452, -0.01875), (0.0217015, -0.0179668, -0.01875), (0.0216516, -0.0179938, -0.01875), (0.0216049, -0.0180261, -0.01875), (0.0215619, -0.0180631, -0.01875), (0.00636, 0.0273965, -0.01875), (0.0067709, 0.0272978, -0.01875), (0.0068267, 0.0272871, -0.01875), (0.0068832, 0.0272824, -0.01875), (0.00694, 0.0272838, -0.01875), (0.0069963, 0.0272912, -0.01875), (0.0070514, 0.0273046, -0.01875), (0.0071049, 0.0273238, -0.01875), (0.0071559, 0.0273486, -0.01875), (0.007204, 0.0273787, -0.01875), (0.0072487, 0.0274138, -0.01875), (0.0072893, 0.0274534, -0.01875), (0.0073255, 0.0274972, -0.01875), (0.0073568, 0.0275445, -0.01875), (0.0073829, 0.0275949, -0.01875), (0.00595, 0.0278823, -0.01875), (0.0059497, 0.027939, -0.01875), (0.0059564, 0.0278259, -0.01875), (0.0059688, 0.0277705, -0.01875), (0.005987, 0.0277167, -0.01875), (0.0060108, 0.0276652, -0.01875), (0.00604, 0.0276165, -0.01875), (0.0060743, 0.0275712, -0.01875), (0.0061132, 0.0275299, -0.01875), (0.0061562, 0.0274929, -0.01875), (0.006203, 0.0274607, -0.01875), (0.0062529, 0.0274337, -0.01875), (0.0063055, 0.0274122, -0.01875), (0.0105675, 0.0260642, -0.01875), (0.0109579, 0.0259025, -0.01875), (0.0110113, 0.0258832, -0.01875), (0.0110664, 0.0258697, -0.01875), (0.0111227, 0.0258622, -0.01875), (0.0111794, 0.0258608, -0.01875), (0.011236, 0.0258654, -0.01875), (0.0112918, 0.025876, -0.01875), (0.0113461, 0.0258925, -0.01875), (0.0113983, 0.0259147, -0.01875), (0.0114479, 0.0259423, -0.01875), (0.0114942, 0.0259751, -0.01875), (0.0115368, 0.0260127, -0.01875), (0.0115751, 0.0260545, -0.01875), (0.0116088, 0.0261003, -0.01875), (0.0102385, 0.0266082, -0.01875), (0.010247, 0.0266643, -0.01875), (0.010236, 0.0265515, -0.01875), (0.0102395, 0.0264948, -0.01875), (0.0102491, 0.0264389, -0.01875), (0.0102646, 0.0263843, -0.01875), (0.0102858, 0.0263316, -0.01875), (0.0103126, 0.0262816, -0.01875), (0.0103445, 0.0262346, -0.01875), (0.0103813, 0.0261914, -0.01875), (0.0104224, 0.0261523, -0.01875), (0.0104675, 0.0261178, -0.01875), (0.0105161, 0.0260883, -0.01875), (0.0181045, 0.021523, -0.01875), (0.0184259, 0.0212486, -0.01875), (0.0184707, 0.0212137, -0.01875), (0.018519, 0.0211839, -0.01875), (0.0185702, 0.0211593, -0.01875), (0.0186237, 0.0211404, -0.01875), (0.0186789, 0.0211273, -0.01875), (0.0187352, 0.0211202, -0.01875), (0.018792, 0.0211191, -0.01875), (0.0188485, 0.021124, -0.01875), (0.0189042, 0.021135, -0.01875), (0.0189584, 0.0211519, -0.01875), (0.0190105, 0.0211744, -0.01875), (0.0190599, 0.0212024, -0.01875), (0.019106, 0.0212355, -0.01875), (0.0179598, 0.022142, -0.01875), (0.0179852, 0.0221928, -0.01875), (0.0179399, 0.0220889, -0.01875), (0.0179257, 0.0220339, -0.01875), (0.0179175, 0.0219777, -0.01875), (0.0179154, 0.021921, -0.01875), (0.0179193, 0.0218644, -0.01875), (0.0179293, 0.0218085, -0.01875), (0.0179452, 0.021754, -0.01875), (0.0179668, 0.0217015, -0.01875), (0.0179938, 0.0216516, -0.01875), (0.0180261, 0.0216049, -0.01875), (0.0180631, 0.0215619, -0.01875), (0.0145147, 0.0240902, -0.01875), (0.014875, 0.0238694, -0.01875), (0.0149247, 0.023842, -0.01875), (0.0149771, 0.0238201, -0.01875), (0.0150315, 0.0238039, -0.01875), (0.0150873, 0.0237935, -0.01875), (0.0151439, 0.0237892, -0.01875), (0.0152006, 0.023791, -0.01875), (0.0152569, 0.0237988, -0.01875), (0.0153119, 0.0238125, -0.01875), (0.0153652, 0.0238321, -0.01875), (0.0154161, 0.0238572, -0.01875), (0.0154641, 0.0238877, -0.01875), (0.0155085, 0.023923, -0.01875), (0.0155488, 0.0239629, -0.01875), (0.0142749, 0.024679, -0.01875), (0.0142921, 0.024733, -0.01875), (0.0142635, 0.0246233, -0.01875), (0.0142582, 0.0245668, -0.01875), (0.0142589, 0.0245101, -0.01875), (0.0142656, 0.0244537, -0.01875), (0.0142784, 0.0243984, -0.01875), (0.014297, 0.0243447, -0.01875), (0.0143212, 0.0242934, -0.01875), (0.0143507, 0.0242449, -0.01875), (0.0143852, 0.0241999, -0.01875), (0.0144244, 0.0241588, -0.01875), (0.0144677, 0.0241221, -0.01875), (0.0212486, 0.0184259, -0.01875), (0.021523, 0.0181045, -0.01875), (0.0215619, 0.0180631, -0.01875), (0.0216049, 0.0180261, -0.01875), (0.0216516, 0.0179938, -0.01875), (0.0217015, 0.0179668, -0.01875), (0.021754, 0.0179452, -0.01875), (0.0218085, 0.0179293, -0.01875), (0.0218644, 0.0179193, -0.01875), (0.021921, 0.0179154, -0.01875), (0.0219777, 0.0179175, -0.01875), (0.0220339, 0.0179257, -0.01875), (0.0220889, 0.0179399, -0.01875), (0.022142, 0.0179598, -0.01875), (0.0221928, 0.0179852, -0.01875), (0.0212024, 0.0190599, -0.01875), (0.0212355, 0.019106, -0.01875), (0.0211744, 0.0190105, -0.01875), (0.0211519, 0.0189584, -0.01875), (0.021135, 0.0189042, -0.01875), (0.021124, 0.0188485, -0.01875), (0.0211191, 0.018792, -0.01875), (0.0211202, 0.0187352, -0.01875), (0.0211273, 0.0186789, -0.01875), (0.0211404, 0.0186237, -0.01875), (0.0211593, 0.0185702, -0.01875), (0.0211839, 0.018519, -0.01875), (0.0212137, 0.0184707, -0.01875), (0.0238694, 0.014875, -0.01875), (0.0240902, 0.0145147, -0.01875), (0.0241221, 0.0144677, -0.01875), (0.0241588, 0.0144244, -0.01875), (0.0241999, 0.0143852, -0.01875), (0.0242449, 0.0143507, -0.01875), (0.0242934, 0.0143212, -0.01875), (0.0243447, 0.014297, -0.01875), (0.0243984, 0.0142784, -0.01875), (0.0244537, 0.0142656, -0.01875), (0.0245101, 0.0142589, -0.01875), (0.0245668, 0.0142582, -0.01875), (0.0246233, 0.0142635, -0.01875), (0.024679, 0.0142749, -0.01875), (0.024733, 0.0142921, -0.01875), (0.023923, 0.0155085, -0.01875), (0.0239629, 0.0155488, -0.01875), (0.0238877, 0.0154641, -0.01875), (0.0238572, 0.0154161, -0.01875), (0.0238321, 0.0153652, -0.01875), (0.0238125, 0.0153119, -0.01875), (0.0237988, 0.0152569, -0.01875), (0.023791, 0.0152006, -0.01875), (0.0237892, 0.0151439, -0.01875), (0.0237935, 0.0150873, -0.01875), (0.0238039, 0.0150315, -0.01875), (0.0238201, 0.0149771, -0.01875), (0.023842, 0.0149247, -0.01875), (0.0259025, 0.0109579, -0.01875), (0.0260642, 0.0105675, -0.01875), (0.0260883, 0.0105161, -0.01875), (0.0261178, 0.0104675, -0.01875), (0.0261523, 0.0104224, -0.01875), (0.0261914, 0.0103813, -0.01875), (0.0262346, 0.0103445, -0.01875), (0.0262816, 0.0103126, -0.01875), (0.0263316, 0.0102858, -0.01875), (0.0263843, 0.0102646, -0.01875), (0.0264389, 0.0102491, -0.01875), (0.0264948, 0.0102395, -0.01875), (0.0265515, 0.010236, -0.01875), (0.0266082, 0.0102385, -0.01875), (0.0266643, 0.010247, -0.01875), (0.0260545, 0.0115751, -0.01875), (0.0261003, 0.0116088, -0.01875), (0.0260127, 0.0115368, -0.01875), (0.0259751, 0.0114942, -0.01875), (0.0259423, 0.0114479, -0.01875), (0.0259147, 0.0113983, -0.01875), (0.0258925, 0.0113461, -0.01875), (0.025876, 0.0112918, -0.01875), (0.0258654, 0.011236, -0.01875), (0.0258608, 0.0111794, -0.01875), (0.0258622, 0.0111227, -0.01875), (0.0258697, 0.0110664, -0.01875), (0.0258832, 0.0110113, -0.01875), (0.0272978, 0.0067709, -0.01875), (0.0273965, 0.00636, -0.01875), (0.0274122, 0.0063055, -0.01875), (0.0274337, 0.0062529, -0.01875), (0.0274607, 0.006203, -0.01875), (0.0274929, 0.0061562, -0.01875), (0.0275299, 0.0061132, -0.01875), (0.0275712, 0.0060743, -0.01875), (0.0276165, 0.00604, -0.01875), (0.0276652, 0.0060108, -0.01875), (0.0277167, 0.005987, -0.01875), (0.0277705, 0.0059688, -0.01875), (0.0278259, 0.0059564, -0.01875), (0.0278823, 0.00595, -0.01875), (0.027939, 0.0059497, -0.01875), (0.0275445, 0.0073568, -0.01875), (0.0275949, 0.0073829, -0.01875), (0.0274972, 0.0073255, -0.01875), (0.0274534, 0.0072893, -0.01875), (0.0274138, 0.0072487, -0.01875), (0.0273787, 0.0072041, -0.01875), (0.0273486, 0.0071559, -0.01875), (0.0273238, 0.0071049, -0.01875), (0.0273046, 0.0070514, -0.01875), (0.0272912, 0.0069963, -0.01875), (0.0272838, 0.00694, -0.01875), (0.0272824, 0.0068833, -0.01875), (0.0272871, 0.0068267, -0.01875), (0.001996, 0.0280541, -0.01875), (0.0024172, 0.0280209, -0.01875), (0.002474, 0.0280191, -0.01875), (0.0025306, 0.0280233, -0.01875), (0.0025864, 0.0280335, -0.01875), (0.0026409, 0.0280497, -0.01875), (0.0026932, 0.0280715, -0.01875), (0.002743, 0.0280989, -0.01875), (0.0027896, 0.0281313, -0.01875), (0.0028324, 0.0281686, -0.01875), (0.002871, 0.0282102, -0.01875), (0.0029049, 0.0282557, -0.01875), (0.0029338, 0.0283046, -0.01875), (0.0029573, 0.0283563, -0.01875), (0.0029752, 0.0284101, -0.01875), (0.001515, 0.0284698, -0.01875), (0.0015058, 0.0285258, -0.01875), (0.0015301, 0.0284151, -0.01875), (0.001551, 0.0283623, -0.01875), (0.0015774, 0.028312, -0.01875), (0.001609, 0.0282649, -0.01875), (0.0016455, 0.0282214, -0.01875), (0.0016864, 0.028182, -0.01875), (0.0017313, 0.0281472, -0.01875), (0.0017796, 0.0281175, -0.01875), (0.0018308, 0.028093, -0.01875), (0.0018844, 0.0280742, -0.01875), (0.0019396, 0.0280611, -0.01875), (-0.0024172, 0.0280209, -0.01875), (-0.001996, 0.0280541, -0.01875), (-0.0019396, 0.0280611, -0.01875), (-0.0018844, 0.0280742, -0.01875), (-0.0018308, 0.028093, -0.01875), (-0.0017796, 0.0281175, -0.01875), (-0.0017313, 0.0281472, -0.01875), (-0.0016864, 0.028182, -0.01875), (-0.0016455, 0.0282214, -0.01875), (-0.001609, 0.0282649, -0.01875), (-0.0015774, 0.028312, -0.01875), (-0.001551, 0.0283623, -0.01875), (-0.0015301, 0.0284151, -0.01875), (-0.001515, 0.0284698, -0.01875), (-0.0015058, 0.0285258, -0.01875), (-0.0029573, 0.0283563, -0.01875), (-0.0029752, 0.0284101, -0.01875), (-0.0029338, 0.0283046, -0.01875), (-0.0029049, 0.0282557, -0.01875), (-0.002871, 0.0282102, -0.01875), (-0.0028324, 0.0281686, -0.01875), (-0.0027896, 0.0281313, -0.01875), (-0.002743, 0.0280989, -0.01875), (-0.0026932, 0.0280715, -0.01875), (-0.0026409, 0.0280497, -0.01875), (-0.0025864, 0.0280335, -0.01875), (-0.0025306, 0.0280233, -0.01875), (-0.002474, 0.0280191, -0.01875), (-0.0067709, 0.0272978, -0.01875), (-0.00636, 0.0273965, -0.01875), (-0.0063055, 0.0274122, -0.01875), (-0.0062529, 0.0274337, -0.01875), (-0.006203, 0.0274607, -0.01875), (-0.0061562, 0.0274929, -0.01875), (-0.0061132, 0.0275299, -0.01875), (-0.0060743, 0.0275712, -0.01875), (-0.00604, 0.0276165, -0.01875), (-0.0060108, 0.0276652, -0.01875), (-0.005987, 0.0277167, -0.01875), (-0.0059688, 0.0277705, -0.01875), (-0.0059564, 0.0278259, -0.01875), (-0.00595, 0.0278823, -0.01875), (-0.0059497, 0.027939, -0.01875), (-0.0073568, 0.0275445, -0.01875), (-0.0073829, 0.0275949, -0.01875), (-0.0073255, 0.0274972, -0.01875), (-0.0072893, 0.0274534, -0.01875), (-0.0072487, 0.0274138, -0.01875), (-0.007204, 0.0273787, -0.01875), (-0.0071559, 0.0273486, -0.01875), (-0.0071049, 0.0273238, -0.01875), (-0.0070514, 0.0273046, -0.01875), (-0.0069963, 0.0272912, -0.01875), (-0.00694, 0.0272838, -0.01875), (-0.0068832, 0.0272824, -0.01875), (-0.0068267, 0.0272871, -0.01875), (-0.0109579, 0.0259025, -0.01875), (-0.0105675, 0.0260642, -0.01875), (-0.0105161, 0.0260883, -0.01875), (-0.0104675, 0.0261178, -0.01875), (-0.0104224, 0.0261523, -0.01875), (-0.0103813, 0.0261914, -0.01875), (-0.0103445, 0.0262346, -0.01875), (-0.0103126, 0.0262816, -0.01875), (-0.0102858, 0.0263316, -0.01875), (-0.0102646, 0.0263843, -0.01875), (-0.0102491, 0.0264389, -0.01875), (-0.0102395, 0.0264948, -0.01875), (-0.010236, 0.0265515, -0.01875), (-0.0102385, 0.0266082, -0.01875), (-0.010247, 0.0266643, -0.01875), (-0.0115751, 0.0260545, -0.01875), (-0.0116088, 0.0261003, -0.01875), (-0.0115368, 0.0260127, -0.01875), (-0.0114942, 0.0259751, -0.01875), (-0.0114479, 0.0259423, -0.01875), (-0.0113983, 0.0259147, -0.01875), (-0.0113461, 0.0258925, -0.01875), (-0.0112918, 0.025876, -0.01875), (-0.011236, 0.0258654, -0.01875), (-0.0111794, 0.0258608, -0.01875), (-0.0111227, 0.0258622, -0.01875), (-0.0110664, 0.0258697, -0.01875), (-0.0110113, 0.0258832, -0.01875), (-0.021523, 0.0181045, -0.01875), (-0.0212486, 0.0184259, -0.01875), (-0.0212137, 0.0184707, -0.01875), (-0.0211839, 0.018519, -0.01875), (-0.0211593, 0.0185702, -0.01875), (-0.0211404, 0.0186237, -0.01875), (-0.0211273, 0.0186789, -0.01875), (-0.0211201, 0.0187352, -0.01875), (-0.0211191, 0.018792, -0.01875), (-0.021124, 0.0188485, -0.01875), (-0.021135, 0.0189042, -0.01875), (-0.0211519, 0.0189584, -0.01875), (-0.0211744, 0.0190105, -0.01875), (-0.0212024, 0.0190599, -0.01875), (-0.0212355, 0.019106, -0.01875), (-0.022142, 0.0179598, -0.01875), (-0.0221927, 0.0179852, -0.01875), (-0.0220889, 0.0179399, -0.01875), (-0.0220339, 0.0179257, -0.01875), (-0.0219777, 0.0179175, -0.01875), (-0.021921, 0.0179154, -0.01875), (-0.0218644, 0.0179193, -0.01875), (-0.0218085, 0.0179293, -0.01875), (-0.021754, 0.0179452, -0.01875), (-0.0217015, 0.0179668, -0.01875), (-0.0216516, 0.0179938, -0.01875), (-0.0216048, 0.0180261, -0.01875), (-0.0215618, 0.0180631, -0.01875), (-0.0240902, 0.0145147, -0.01875), (-0.0238694, 0.014875, -0.01875), (-0.023842, 0.0149247, -0.01875), (-0.0238201, 0.0149771, -0.01875), (-0.0238038, 0.0150315, -0.01875), (-0.0237935, 0.0150873, -0.01875), (-0.0237892, 0.0151439, -0.01875), (-0.0237909, 0.0152006, -0.01875), (-0.0237987, 0.0152569, -0.01875), (-0.0238125, 0.0153119, -0.01875), (-0.0238321, 0.0153652, -0.01875), (-0.0238572, 0.0154161, -0.01875), (-0.0238876, 0.0154641, -0.01875), (-0.023923, 0.0155085, -0.01875), (-0.0239629, 0.0155488, -0.01875), (-0.0246789, 0.0142749, -0.01875), (-0.024733, 0.0142921, -0.01875), (-0.0246233, 0.0142635, -0.01875), (-0.0245668, 0.0142582, -0.01875), (-0.02451, 0.0142589, -0.01875), (-0.0244537, 0.0142656, -0.01875), (-0.0243984, 0.0142784, -0.01875), (-0.0243447, 0.014297, -0.01875), (-0.0242934, 0.0143212, -0.01875), (-0.0242449, 0.0143507, -0.01875), (-0.0241998, 0.0143852, -0.01875), (-0.0241587, 0.0144244, -0.01875), (-0.0241221, 0.0144677, -0.01875), (-0.0184259, 0.0212486, -0.01875), (-0.0181045, 0.021523, -0.01875), (-0.0180631, 0.0215619, -0.01875), (-0.0180261, 0.0216049, -0.01875), (-0.0179938, 0.0216516, -0.01875), (-0.0179668, 0.0217015, -0.01875), (-0.0179452, 0.021754, -0.01875), (-0.0179293, 0.0218085, -0.01875), (-0.0179193, 0.0218644, -0.01875), (-0.0179154, 0.021921, -0.01875), (-0.0179175, 0.0219777, -0.01875), (-0.0179257, 0.0220339, -0.01875), (-0.0179399, 0.0220889, -0.01875), (-0.0179598, 0.022142, -0.01875), (-0.0179852, 0.0221928, -0.01875), (-0.0190599, 0.0212024, -0.01875), (-0.019106, 0.0212355, -0.01875), (-0.0190105, 0.0211744, -0.01875), (-0.0189584, 0.0211519, -0.01875), (-0.0189042, 0.021135, -0.01875), (-0.0188485, 0.021124, -0.01875), (-0.018792, 0.0211191, -0.01875), (-0.0187352, 0.0211202, -0.01875), (-0.0186789, 0.0211273, -0.01875), (-0.0186237, 0.0211404, -0.01875), (-0.0185702, 0.0211593, -0.01875), (-0.018519, 0.0211839, -0.01875), (-0.0184707, 0.0212137, -0.01875), (-0.014875, 0.0238694, -0.01875), (-0.0145147, 0.0240902, -0.01875), (-0.0144677, 0.0241221, -0.01875), (-0.0144244, 0.0241588, -0.01875), (-0.0143852, 0.0241999, -0.01875), (-0.0143507, 0.0242449, -0.01875), (-0.0143212, 0.0242934, -0.01875), (-0.014297, 0.0243447, -0.01875), (-0.0142784, 0.0243984, -0.01875), (-0.0142656, 0.0244537, -0.01875), (-0.0142589, 0.0245101, -0.01875), (-0.0142582, 0.0245668, -0.01875), (-0.0142635, 0.0246233, -0.01875), (-0.0142749, 0.024679, -0.01875), (-0.0142921, 0.024733, -0.01875), (-0.0155085, 0.023923, -0.01875), (-0.0155488, 0.0239629, -0.01875), (-0.0154641, 0.0238877, -0.01875), (-0.0154161, 0.0238572, -0.01875), (-0.0153652, 0.0238321, -0.01875), (-0.0153119, 0.0238125, -0.01875), (-0.0152569, 0.0237988, -0.01875), (-0.0152006, 0.023791, -0.01875), (-0.0151439, 0.0237892, -0.01875), (-0.0150873, 0.0237935, -0.01875), (-0.0150315, 0.0238039, -0.01875), (-0.0149771, 0.0238201, -0.01875), (-0.0149247, 0.023842, -0.01875), (0.0109579, -0.0259025, -0.01875), (0.0105675, -0.0260642, -0.01875), (0.0105161, -0.0260883, -0.01875), (0.0104675, -0.0261178, -0.01875), (0.0104224, -0.0261523, -0.01875), (0.0103813, -0.0261914, -0.01875), (0.0103445, -0.0262346, -0.01875), (0.0103126, -0.0262816, -0.01875), (0.0102858, -0.0263316, -0.01875), (0.0102646, -0.0263843, -0.01875), (0.0102491, -0.0264389, -0.01875), (0.0102395, -0.0264948, -0.01875), (0.010236, -0.0265515, -0.01875), (0.0102385, -0.0266082, -0.01875), (0.010247, -0.0266643, -0.01875), (0.0115751, -0.0260545, -0.01875), (0.0116088, -0.0261003, -0.01875), (0.0115368, -0.0260127, -0.01875), (0.0114942, -0.0259751, -0.01875), (0.0114479, -0.0259423, -0.01875), (0.0113983, -0.0259147, -0.01875), (0.0113461, -0.0258925, -0.01875), (0.0112918, -0.025876, -0.01875), (0.011236, -0.0258654, -0.01875), (0.0111794, -0.0258608, -0.01875), (0.0111227, -0.0258622, -0.01875), (0.0110664, -0.0258697, -0.01875), (0.0110113, -0.0258832, -0.01875), (0.0067709, -0.0272978, -0.01875), (0.00636, -0.0273965, -0.01875), (0.0063055, -0.0274122, -0.01875), (0.0062529, -0.0274337, -0.01875), (0.006203, -0.0274607, -0.01875), (0.0061562, -0.0274929, -0.01875), (0.0061132, -0.0275299, -0.01875), (0.0060743, -0.0275712, -0.01875), (0.00604, -0.0276165, -0.01875), (0.0060108, -0.0276652, -0.01875), (0.005987, -0.0277167, -0.01875), (0.0059688, -0.0277705, -0.01875), (0.0059564, -0.0278259, -0.01875), (0.00595, -0.0278823, -0.01875), (0.0059497, -0.027939, -0.01875), (0.0073568, -0.0275445, -0.01875), (0.0073829, -0.0275949, -0.01875), (0.0073255, -0.0274972, -0.01875), (0.0072893, -0.0274534, -0.01875), (0.0072487, -0.0274138, -0.01875), (0.007204, -0.0273787, -0.01875), (0.0071559, -0.0273486, -0.01875), (0.0071049, -0.0273238, -0.01875), (0.0070514, -0.0273046, -0.01875), (0.0069963, -0.0272912, -0.01875), (0.00694, -0.0272838, -0.01875), (0.0068832, -0.0272824, -0.01875), (0.0068267, -0.0272871, -0.01875), (0.0024172, -0.0280209, -0.01875), (0.001996, -0.0280541, -0.01875), (0.0019396, -0.0280611, -0.01875), (0.0018844, -0.0280742, -0.01875), (0.0018308, -0.028093, -0.01875), (0.0017796, -0.0281175, -0.01875), (0.0017313, -0.0281472, -0.01875), (0.0016864, -0.028182, -0.01875), (0.0016455, -0.0282214, -0.01875), (0.001609, -0.0282649, -0.01875), (0.0015774, -0.028312, -0.01875), (0.001551, -0.0283623, -0.01875), (0.0015301, -0.0284151, -0.01875), (0.001515, -0.0284698, -0.01875), (0.0015058, -0.0285258, -0.01875), (0.0029573, -0.0283563, -0.01875), (0.0029752, -0.0284101, -0.01875), (0.0029338, -0.0283046, -0.01875), (0.0029049, -0.0282557, -0.01875), (0.002871, -0.0282102, -0.01875), (0.0028324, -0.0281686, -0.01875), (0.0027896, -0.0281313, -0.01875), (0.002743, -0.0280989, -0.01875), (0.0026932, -0.0280715, -0.01875), (0.0026409, -0.0280497, -0.01875), (0.0025864, -0.0280335, -0.01875), (0.0025306, -0.0280233, -0.01875), (0.002474, -0.0280191, -0.01875), (-0.001996, -0.0280541, -0.01875), (-0.0024172, -0.0280209, -0.01875), (-0.002474, -0.0280191, -0.01875), (-0.0025306, -0.0280233, -0.01875), (-0.0025864, -0.0280335, -0.01875), (-0.0026409, -0.0280497, -0.01875), (-0.0026932, -0.0280715, -0.01875), (-0.002743, -0.0280989, -0.01875), (-0.0027896, -0.0281313, -0.01875), (-0.0028324, -0.0281686, -0.01875), (-0.002871, -0.0282102, -0.01875), (-0.0029049, -0.0282557, -0.01875), (-0.0029338, -0.0283046, -0.01875), (-0.0029573, -0.0283563, -0.01875), (-0.0029752, -0.0284101, -0.01875), (-0.001515, -0.0284698, -0.01875), (-0.0015058, -0.0285258, -0.01875), (-0.0015301, -0.0284151, -0.01875), (-0.001551, -0.0283623, -0.01875), (-0.0015774, -0.028312, -0.01875), (-0.001609, -0.0282649, -0.01875), (-0.0016455, -0.0282214, -0.01875), (-0.0016864, -0.028182, -0.01875), (-0.0017313, -0.0281472, -0.01875), (-0.0017796, -0.0281175, -0.01875), (-0.0018308, -0.028093, -0.01875), (-0.0018844, -0.0280742, -0.01875), (-0.0019396, -0.0280611, -0.01875), (-0.00636, -0.0273965, -0.01875), (-0.0067709, -0.0272978, -0.01875), (-0.0068267, -0.0272871, -0.01875), (-0.0068832, -0.0272824, -0.01875), (-0.00694, -0.0272838, -0.01875), (-0.0069963, -0.0272912, -0.01875), (-0.0070514, -0.0273046, -0.01875), (-0.0071049, -0.0273238, -0.01875), (-0.0071559, -0.0273486, -0.01875), (-0.007204, -0.0273787, -0.01875), (-0.0072487, -0.0274138, -0.01875), (-0.0072893, -0.0274534, -0.01875), (-0.0073255, -0.0274972, -0.01875), (-0.0073568, -0.0275445, -0.01875), (-0.0073829, -0.0275949, -0.01875), (-0.00595, -0.0278823, -0.01875), (-0.0059497, -0.027939, -0.01875), (-0.0059564, -0.0278259, -0.01875), (-0.0059688, -0.0277705, -0.01875), (-0.005987, -0.0277167, -0.01875), (-0.0060108, -0.0276652, -0.01875), (-0.00604, -0.0276165, -0.01875), (-0.0060743, -0.0275712, -0.01875), (-0.0061132, -0.0275299, -0.01875), (-0.0061562, -0.0274929, -0.01875), (-0.006203, -0.0274607, -0.01875), (-0.0062529, -0.0274337, -0.01875), (-0.0063055, -0.0274122, -0.01875), (-0.0105675, -0.0260642, -0.01875), (-0.0109579, -0.0259025, -0.01875), (-0.0110113, -0.0258832, -0.01875), (-0.0110664, -0.0258697, -0.01875), (-0.0111227, -0.0258622, -0.01875), (-0.0111794, -0.0258608, -0.01875), (-0.011236, -0.0258654, -0.01875), (-0.0112918, -0.025876, -0.01875), (-0.0113461, -0.0258925, -0.01875), (-0.0113983, -0.0259147, -0.01875), (-0.0114479, -0.0259423, -0.01875), (-0.0114942, -0.0259751, -0.01875), (-0.0115368, -0.0260127, -0.01875), (-0.0115751, -0.0260545, -0.01875), (-0.0116088, -0.0261003, -0.01875), (-0.0102385, -0.0266082, -0.01875), (-0.010247, -0.0266643, -0.01875), (-0.010236, -0.0265515, -0.01875), (-0.0102395, -0.0264948, -0.01875), (-0.0102491, -0.0264389, -0.01875), (-0.0102646, -0.0263843, -0.01875), (-0.0102858, -0.0263316, -0.01875), (-0.0103126, -0.0262816, -0.01875), (-0.0103445, -0.0262346, -0.01875), (-0.0103813, -0.0261914, -0.01875), (-0.0104224, -0.0261523, -0.01875), (-0.0104675, -0.0261178, -0.01875), (-0.0105161, -0.0260883, -0.01875), (-0.0181045, -0.021523, -0.01875), (-0.0184259, -0.0212486, -0.01875), (-0.0184707, -0.0212137, -0.01875), (-0.018519, -0.0211839, -0.01875), (-0.0185702, -0.0211593, -0.01875), (-0.0186237, -0.0211404, -0.01875), (-0.0186789, -0.0211273, -0.01875), (-0.0187352, -0.0211202, -0.01875), (-0.018792, -0.0211191, -0.01875), (-0.0188485, -0.021124, -0.01875), (-0.0189042, -0.021135, -0.01875), (-0.0189584, -0.0211519, -0.01875), (-0.0190105, -0.0211744, -0.01875), (-0.0190599, -0.0212024, -0.01875), (-0.019106, -0.0212355, -0.01875), (-0.0179598, -0.022142, -0.01875), (-0.0179852, -0.0221928, -0.01875), (-0.0179399, -0.0220889, -0.01875), (-0.0179257, -0.0220339, -0.01875), (-0.0179175, -0.0219777, -0.01875), (-0.0179154, -0.021921, -0.01875), (-0.0179193, -0.0218644, -0.01875), (-0.0179293, -0.0218085, -0.01875), (-0.0179452, -0.021754, -0.01875), (-0.0179668, -0.0217015, -0.01875), (-0.0179938, -0.0216516, -0.01875), (-0.0180261, -0.0216049, -0.01875), (-0.0180631, -0.0215619, -0.01875), (-0.0145147, -0.0240902, -0.01875), (-0.014875, -0.0238694, -0.01875), (-0.0149247, -0.023842, -0.01875), (-0.0149771, -0.0238201, -0.01875), (-0.0150315, -0.0238039, -0.01875), (-0.0150873, -0.0237935, -0.01875), (-0.0151439, -0.0237892, -0.01875), (-0.0152006, -0.023791, -0.01875), (-0.0152569, -0.0237988, -0.01875), (-0.0153119, -0.0238125, -0.01875), (-0.0153652, -0.0238321, -0.01875), (-0.0154161, -0.0238572, -0.01875), (-0.0154641, -0.0238877, -0.01875), (-0.0155085, -0.023923, -0.01875), (-0.0155488, -0.0239629, -0.01875), (-0.0142749, -0.024679, -0.01875), (-0.0142921, -0.024733, -0.01875), (-0.0142635, -0.0246233, -0.01875), (-0.0142582, -0.0245668, -0.01875), (-0.0142589, -0.0245101, -0.01875), (-0.0142656, -0.0244537, -0.01875), (-0.0142784, -0.0243984, -0.01875), (-0.014297, -0.0243447, -0.01875), (-0.0143212, -0.0242934, -0.01875), (-0.0143507, -0.0242449, -0.01875), (-0.0143852, -0.0241999, -0.01875), (-0.0144244, -0.0241588, -0.01875), (-0.0144677, -0.0241221, -0.01875), (-0.0212486, -0.0184259, -0.01875), (-0.021523, -0.0181045, -0.01875), (-0.0215618, -0.0180631, -0.01875), (-0.0216048, -0.0180261, -0.01875), (-0.0216516, -0.0179938, -0.01875), (-0.0217015, -0.0179668, -0.01875), (-0.021754, -0.0179452, -0.01875), (-0.0218085, -0.0179293, -0.01875), (-0.0218644, -0.0179193, -0.01875), (-0.021921, -0.0179154, -0.01875), (-0.0219777, -0.0179175, -0.01875), (-0.0220339, -0.0179257, -0.01875), (-0.0220889, -0.0179399, -0.01875), (-0.022142, -0.0179598, -0.01875), (-0.0221927, -0.0179852, -0.01875), (-0.0212024, -0.0190599, -0.01875), (-0.0212355, -0.019106, -0.01875), (-0.0211744, -0.0190105, -0.01875), (-0.0211519, -0.0189584, -0.01875), (-0.021135, -0.0189042, -0.01875), (-0.021124, -0.0188485, -0.01875), (-0.0211191, -0.018792, -0.01875), (-0.0211201, -0.0187352, -0.01875), (-0.0211273, -0.0186789, -0.01875), (-0.0211404, -0.0186237, -0.01875), (-0.0211593, -0.0185702, -0.01875), (-0.0211839, -0.018519, -0.01875), (-0.0212137, -0.0184707, -0.01875), (-0.0238694, -0.014875, -0.01875), (-0.0240902, -0.0145147, -0.01875), (-0.0241221, -0.0144677, -0.01875), (-0.0241587, -0.0144244, -0.01875), (-0.0241998, -0.0143852, -0.01875), (-0.0242449, -0.0143507, -0.01875), (-0.0242934, -0.0143212, -0.01875), (-0.0243447, -0.014297, -0.01875), (-0.0243984, -0.0142784, -0.01875), (-0.0244537, -0.0142656, -0.01875), (-0.02451, -0.0142589, -0.01875), (-0.0245668, -0.0142582, -0.01875), (-0.0246233, -0.0142635, -0.01875), (-0.0246789, -0.0142749, -0.01875), (-0.024733, -0.0142921, -0.01875), (-0.023923, -0.0155085, -0.01875), (-0.0239629, -0.0155488, -0.01875), (-0.0238876, -0.0154641, -0.01875), (-0.0238572, -0.0154161, -0.01875), (-0.0238321, -0.0153652, -0.01875), (-0.0238125, -0.0153119, -0.01875), (-0.0237987, -0.0152569, -0.01875), (-0.0237909, -0.0152006, -0.01875), (-0.0237892, -0.0151439, -0.01875), (-0.0237935, -0.0150873, -0.01875), (-0.0238038, -0.0150315, -0.01875), (-0.0238201, -0.0149771, -0.01875), (-0.023842, -0.0149247, -0.01875), (-0.0259025, -0.0109579, -0.01875), (-0.0260642, -0.0105675, -0.01875), (-0.0260883, -0.0105161, -0.01875), (-0.0261178, -0.0104675, -0.01875), (-0.0261523, -0.0104224, -0.01875), (-0.0261913, -0.0103813, -0.01875), (-0.0262346, -0.0103445, -0.01875), (-0.0262815, -0.0103126, -0.01875), (-0.0263316, -0.0102858, -0.01875), (-0.0263842, -0.0102646, -0.01875), (-0.0264389, -0.0102491, -0.01875), (-0.0264948, -0.0102395, -0.01875), (-0.0265515, -0.010236, -0.01875), (-0.0266082, -0.0102385, -0.01875), (-0.0266643, -0.010247, -0.01875), (-0.0260545, -0.0115751, -0.01875), (-0.0261002, -0.0116088, -0.01875), (-0.0260126, -0.0115368, -0.01875), (-0.0259751, -0.0114942, -0.01875), (-0.0259423, -0.0114479, -0.01875), (-0.0259147, -0.0113983, -0.01875), (-0.0258924, -0.0113461, -0.01875), (-0.0258759, -0.0112918, -0.01875), (-0.0258653, -0.011236, -0.01875), (-0.0258607, -0.0111794, -0.01875), (-0.0258622, -0.0111227, -0.01875), (-0.0258697, -0.0110664, -0.01875), (-0.0258832, -0.0110113, -0.01875), (-0.0272978, -0.0067709, -0.01875), (-0.0273964, -0.00636, -0.01875), (-0.0274122, -0.0063055, -0.01875), (-0.0274337, -0.0062529, -0.01875), (-0.0274607, -0.006203, -0.01875), (-0.0274929, -0.0061562, -0.01875), (-0.0275299, -0.0061132, -0.01875), (-0.0275712, -0.0060743, -0.01875), (-0.0276165, -0.00604, -0.01875), (-0.0276652, -0.0060108, -0.01875), (-0.0277167, -0.005987, -0.01875), (-0.0277704, -0.0059688, -0.01875), (-0.0278258, -0.0059564, -0.01875), (-0.0278822, -0.00595, -0.01875), (-0.027939, -0.0059497, -0.01875), (-0.0275445, -0.0073568, -0.01875), (-0.0275949, -0.0073829, -0.01875), (-0.0274971, -0.0073255, -0.01875), (-0.0274534, -0.0072893, -0.01875), (-0.0274138, -0.0072487, -0.01875), (-0.0273787, -0.0072041, -0.01875), (-0.0273486, -0.0071559, -0.01875), (-0.0273238, -0.0071049, -0.01875), (-0.0273046, -0.0070514, -0.01875), (-0.0272912, -0.0069963, -0.01875), (-0.0272838, -0.00694, -0.01875), (-0.0272824, -0.0068833, -0.01875), (-0.0272871, -0.0068267, -0.01875), (-0.0280209, -0.0024173, -0.01875), (-0.0280541, -0.001996, -0.01875), (-0.0280611, -0.0019396, -0.01875), (-0.0280741, -0.0018844, -0.01875), (-0.028093, -0.0018308, -0.01875), (-0.0281174, -0.0017796, -0.01875), (-0.0281472, -0.0017313, -0.01875), (-0.028182, -0.0016864, -0.01875), (-0.0282214, -0.0016455, -0.01875), (-0.0282649, -0.001609, -0.01875), (-0.028312, -0.0015774, -0.01875), (-0.0283622, -0.001551, -0.01875), (-0.028415, -0.0015301, -0.01875), (-0.0284697, -0.001515, -0.01875), (-0.0285258, -0.0015058, -0.01875), (-0.0283562, -0.0029573, -0.01875), (-0.0284101, -0.0029752, -0.01875), (-0.0283046, -0.0029338, -0.01875), (-0.0282557, -0.0029049, -0.01875), (-0.0282102, -0.002871, -0.01875), (-0.0281686, -0.0028324, -0.01875), (-0.0281313, -0.0027896, -0.01875), (-0.0280988, -0.002743, -0.01875), (-0.0280715, -0.0026932, -0.01875), (-0.0280496, -0.0026408, -0.01875), (-0.0280335, -0.0025864, -0.01875), (-0.0280233, -0.0025306, -0.01875), (-0.0280191, -0.002474, -0.01875), (-0.0280541, 0.001996, -0.01875), (-0.0280209, 0.0024173, -0.01875), (-0.0280191, 0.002474, -0.01875), (-0.0280233, 0.0025306, -0.01875), (-0.0280335, 0.0025864, -0.01875), (-0.0280496, 0.0026408, -0.01875), (-0.0280715, 0.0026932, -0.01875), (-0.0280988, 0.002743, -0.01875), (-0.0281313, 0.0027896, -0.01875), (-0.0281686, 0.0028324, -0.01875), (-0.0282102, 0.002871, -0.01875), (-0.0282557, 0.0029049, -0.01875), (-0.0283046, 0.0029338, -0.01875), (-0.0283562, 0.0029573, -0.01875), (-0.0284101, 0.0029752, -0.01875), (-0.0284697, 0.001515, -0.01875), (-0.0285258, 0.0015058, -0.01875), (-0.028415, 0.0015301, -0.01875), (-0.0283622, 0.001551, -0.01875), (-0.028312, 0.0015774, -0.01875), (-0.0282649, 0.001609, -0.01875), (-0.0282214, 0.0016455, -0.01875), (-0.028182, 0.0016864, -0.01875), (-0.0281472, 0.0017313, -0.01875), (-0.0281174, 0.0017796, -0.01875), (-0.028093, 0.0018308, -0.01875), (-0.0280741, 0.0018844, -0.01875), (-0.0280611, 0.0019396, -0.01875), (-0.0273964, 0.00636, -0.01875), (-0.0272978, 0.0067709, -0.01875), (-0.0272871, 0.0068267, -0.01875), (-0.0272824, 0.0068833, -0.01875), (-0.0272838, 0.00694, -0.01875), (-0.0272912, 0.0069963, -0.01875), (-0.0273046, 0.0070514, -0.01875), (-0.0273238, 0.0071049, -0.01875), (-0.0273486, 0.0071559, -0.01875), (-0.0273787, 0.0072041, -0.01875), (-0.0274138, 0.0072487, -0.01875), (-0.0274534, 0.0072893, -0.01875), (-0.0274971, 0.0073255, -0.01875), (-0.0275445, 0.0073568, -0.01875), (-0.0275949, 0.0073829, -0.01875), (-0.0278822, 0.00595, -0.01875), (-0.027939, 0.0059497, -0.01875), (-0.0278258, 0.0059564, -0.01875), (-0.0277704, 0.0059688, -0.01875), (-0.0277167, 0.005987, -0.01875), (-0.0276652, 0.0060108, -0.01875), (-0.0276165, 0.00604, -0.01875), (-0.0275712, 0.0060743, -0.01875), (-0.0275299, 0.0061132, -0.01875), (-0.0274929, 0.0061562, -0.01875), (-0.0274607, 0.006203, -0.01875), (-0.0274337, 0.0062529, -0.01875), (-0.0274122, 0.0063055, -0.01875), (-0.0260642, 0.0105675, -0.01875), (-0.0259025, 0.0109579, -0.01875), (-0.0258832, 0.0110113, -0.01875), (-0.0258697, 0.0110664, -0.01875), (-0.0258622, 0.0111227, -0.01875), (-0.0258607, 0.0111794, -0.01875), (-0.0258653, 0.011236, -0.01875), (-0.0258759, 0.0112918, -0.01875), (-0.0258924, 0.0113461, -0.01875), (-0.0259147, 0.0113983, -0.01875), (-0.0259423, 0.0114479, -0.01875), (-0.0259751, 0.0114942, -0.01875), (-0.0260126, 0.0115368, -0.01875), (-0.0260545, 0.0115751, -0.01875), (-0.0261002, 0.0116088, -0.01875), (-0.0266082, 0.0102385, -0.01875), (-0.0266643, 0.010247, -0.01875), (-0.0265515, 0.010236, -0.01875), (-0.0264948, 0.0102395, -0.01875), (-0.0264389, 0.0102491, -0.01875), (-0.0263842, 0.0102646, -0.01875), (-0.0263316, 0.0102858, -0.01875), (-0.0262815, 0.0103126, -0.01875), (-0.0262346, 0.0103445, -0.01875), (-0.0261913, 0.0103813, -0.01875), (-0.0261523, 0.0104224, -0.01875), (-0.0261178, 0.0104675, -0.01875), (-0.0260883, 0.0105161, -0.01875), (-0.0273316, 0.0147681, -0.0042503), (-0.0278031, 0.0148065, -0.0045), (-0.028321, 0.0137902, -0.0045), (-0.0280127, 0.0134313, -0.0042503), (-0.0252895, 0.0144699, -0.01875), (-0.0261594, 0.0146561, -0.01875), (-0.026387, 0.014691, -0.01875), (-0.0273316, 0.0147681, -0.0182497), (-0.0278031, 0.0148065, -0.018), (-0.0272331, 0.0125488, -0.01875), (-0.0265712, 0.0119545, -0.01875), (-0.0280127, 0.0134313, -0.0182497), (-0.0273951, 0.0127124, -0.01875), (-0.028321, 0.0137902, -0.018), (-0.0293053, 0.0103106, -0.0042503), (-0.0297771, 0.0102749, -0.0045), (-0.0301296, 0.00919, -0.0045), (-0.0297689, 0.0088838, -0.0042503), (-0.0288609, 0.0081341, -0.01875), (-0.0281142, 0.0076506, -0.01875), (-0.0297689, 0.0088838, -0.0182497), (-0.0290465, 0.0082704, -0.01875), (-0.0301296, 0.00919, -0.018), (-0.0272418, 0.0103356, -0.01875), (-0.02813, 0.0103834, -0.01875), (-0.0283603, 0.0103822, -0.01875), (-0.0293053, 0.0103106, -0.0182497), (-0.0297771, 0.0102749, -0.018), (-0.0305575, 0.0055993, -0.0042503), (-0.0310178, 0.0054902, -0.0045), (-0.0311963, 0.0043635, -0.0045), (-0.0307922, 0.0041175, -0.0042503), (-0.029778, 0.0035191, -0.01875), (-0.0289649, 0.0031584, -0.01875), (-0.0307922, 0.0041175, -0.0182497), (-0.0299826, 0.0036247, -0.01875), (-0.0311963, 0.0043635, -0.018), (-0.0285232, 0.0059468, -0.01875), (-0.029408, 0.0058551, -0.01875), (-0.0296353, 0.0058179, -0.01875), (-0.0305575, 0.0055993, -0.0182497), (-0.0310178, 0.0054902, -0.018), (-0.0310572, 0.0007501, -0.0042503), (-0.0314948, 0.0005704, -0.0045), (-0.0314948, -0.0005704, -0.0045), (-0.0310572, -0.0007501, -0.0042503), (-0.0299619, -0.0011826, -0.01875), (-0.0291023, -0.0014116, -0.01875), (-0.0310572, -0.0007501, -0.0182497), (-0.0301805, -0.0011103, -0.01875), (-0.0314948, -0.0005704, -0.018), (-0.0291023, 0.0014116, -0.01875), (-0.0299619, 0.0011826, -0.01875), (-0.0301805, 0.0011103, -0.01875), (-0.0310572, 0.0007501, -0.0182497), (-0.0314948, 0.0005704, -0.018), (-0.0305575, -0.0055993, -0.0042503), (-0.0307922, -0.0041175, -0.0042503), (-0.0311963, -0.0043635, -0.0045), (-0.0310178, -0.0054902, -0.0045), (-0.029408, -0.0058551, -0.01875), (-0.0285232, -0.0059468, -0.01875), (-0.0305575, -0.0055993, -0.0182497), (-0.0296353, -0.0058179, -0.01875), (-0.0310178, -0.0054902, -0.018), (-0.0289649, -0.0031584, -0.01875), (-0.029778, -0.0035191, -0.01875), (-0.0299826, -0.0036247, -0.01875), (-0.0307922, -0.0041175, -0.0182497), (-0.0311963, -0.0043635, -0.018), (-0.0297689, -0.0088838, -0.0042503), (-0.0301296, -0.00919, -0.0045), (-0.0297771, -0.0102749, -0.0045), (-0.0293053, -0.0103106, -0.0042503), (-0.02813, -0.0103834, -0.01875), (-0.0272418, -0.0103356, -0.01875), (-0.0293053, -0.0103106, -0.0182497), (-0.0283603, -0.0103822, -0.01875), (-0.0297771, -0.0102749, -0.018), (-0.0281142, -0.0076506, -0.01875), (-0.0288609, -0.0081341, -0.01875), (-0.0290465, -0.0082704, -0.01875), (-0.0297689, -0.0088838, -0.0182497), (-0.0301296, -0.00919, -0.018), (-0.0280127, -0.0134313, -0.0042503), (-0.028321, -0.0137902, -0.0045), (-0.0278031, -0.0148065, -0.0045), (-0.0273316, -0.0147681, -0.0042503), (-0.0261594, -0.0146561, -0.01875), (-0.0252895, -0.0144699, -0.01875), (-0.0273316, -0.0147681, -0.0182497), (-0.026387, -0.014691, -0.01875), (-0.0278031, -0.0148065, -0.018), (-0.0265712, -0.0119545, -0.01875), (-0.0272331, -0.0125488, -0.01875), (-0.0273951, -0.0127124, -0.01875), (-0.0280127, -0.0134313, -0.0182497), (-0.028321, -0.0137902, -0.018), (-0.0255667, -0.0176481, -0.0042503), (-0.0258151, -0.0180508, -0.0045), (-0.0251446, -0.0189736, -0.0045), (-0.0246849, -0.0188618, -0.0042503), (-0.0235446, -0.0185679, -0.01875), (-0.0227146, -0.0182479, -0.01875), (-0.0246849, -0.0188618, -0.0182497), (-0.0237639, -0.0186379, -0.01875), (-0.0251446, -0.0189736, -0.018), (-0.0249348, -0.0166545, -0.01875), (-0.024374, -0.0159639, -0.01875), (-0.0250692, -0.0168414, -0.01875), (-0.0255667, -0.0176481, -0.0182497), (-0.0258151, -0.0180508, -0.018), (-0.0176481, -0.0255667, -0.0042503), (-0.0188618, -0.0246849, -0.0042503), (-0.0189736, -0.0251446, -0.0045), (-0.0180508, -0.0258151, -0.0045), (-0.0182479, -0.0227146, -0.01875), (-0.0185679, -0.0235446, -0.01875), (-0.0186379, -0.023764, -0.01875), (-0.0188618, -0.0246849, -0.0182497), (-0.0189736, -0.0251446, -0.018), (-0.0166545, -0.0249348, -0.01875), (-0.0159639, -0.024374, -0.01875), (-0.0176481, -0.0255667, -0.0182497), (-0.0168414, -0.0250692, -0.01875), (-0.0180508, -0.0258151, -0.018), (-0.0224912, -0.0214303, -0.0042503), (-0.0226735, -0.0218669, -0.0045), (-0.0218669, -0.0226735, -0.0045), (-0.0214303, -0.0224912, -0.0042503), (-0.0203501, -0.0220225, -0.01875), (-0.0195803, -0.0215766, -0.01875), (-0.0214303, -0.0224912, -0.0182497), (-0.0205558, -0.022126, -0.01875), (-0.0218669, -0.0226735, -0.018), (-0.0215766, -0.0195803, -0.01875), (-0.0220225, -0.0203501, -0.01875), (-0.0221259, -0.0205558, -0.01875), (-0.0224912, -0.0214303, -0.0182497), (-0.0226735, -0.0218669, -0.018), (-0.0147681, -0.0273316, -0.0042503), (-0.0148065, -0.0278032, -0.0045), (-0.0137902, -0.028321, -0.0045), (-0.0134313, -0.0280127, -0.0042503), (-0.0125488, -0.0272331, -0.01875), (-0.0119545, -0.0265712, -0.01875), (-0.0134313, -0.0280127, -0.0182497), (-0.0127124, -0.0273951, -0.01875), (-0.0137902, -0.028321, -0.018), (-0.0144699, -0.0252895, -0.01875), (-0.0146561, -0.0261594, -0.01875), (-0.014691, -0.026387, -0.01875), (-0.0147681, -0.0273316, -0.0182497), (-0.0148065, -0.0278032, -0.018), (-0.0103106, -0.0293054, -0.0042503), (-0.0102749, -0.0297771, -0.0045), (-0.00919, -0.0301296, -0.0045), (-0.0088838, -0.029769, -0.0042503), (-0.0081341, -0.0288609, -0.01875), (-0.0076506, -0.0281142, -0.01875), (-0.0088838, -0.029769, -0.0182497), (-0.0082704, -0.0290465, -0.01875), (-0.00919, -0.0301296, -0.018), (-0.0103356, -0.0272418, -0.01875), (-0.0103834, -0.0281301, -0.01875), (-0.0103822, -0.0283603, -0.01875), (-0.0103106, -0.0293054, -0.0182497), (-0.0102749, -0.0297771, -0.018), (-0.0055993, -0.0305575, -0.0042503), (-0.0054902, -0.0310179, -0.0045), (-0.0043635, -0.0311963, -0.0045), (-0.0041175, -0.0307922, -0.0042503), (-0.0035191, -0.029778, -0.01875), (-0.0031584, -0.0289649, -0.01875), (-0.0041175, -0.0307922, -0.0182497), (-0.0036247, -0.0299827, -0.01875), (-0.0043635, -0.0311963, -0.018), (-0.0059468, -0.0285232, -0.01875), (-0.0058551, -0.029408, -0.01875), (-0.0058179, -0.0296353, -0.01875), (-0.0055993, -0.0305575, -0.0182497), (-0.0054902, -0.0310179, -0.018), (-0.0007501, -0.0310572, -0.0042503), (-0.0005704, -0.0314948, -0.0045), (0.0005704, -0.0314948, -0.0045), (0.0007501, -0.0310572, -0.0042503), (0.0011826, -0.0299619, -0.01875), (0.0014116, -0.0291024, -0.01875), (0.0007501, -0.0310572, -0.0182497), (0.0011103, -0.0301805, -0.01875), (0.0005704, -0.0314948, -0.018), (-0.0014116, -0.0291024, -0.01875), (-0.0011826, -0.0299619, -0.01875), (-0.0011103, -0.0301805, -0.01875), (-0.0007501, -0.0310572, -0.0182497), (-0.0005704, -0.0314948, -0.018), (0.0041175, -0.0307922, -0.0042503), (0.0043635, -0.0311963, -0.0045), (0.0054902, -0.0310179, -0.0045), (0.0055993, -0.0305575, -0.0042503), (0.0058551, -0.029408, -0.01875), (0.0059468, -0.0285232, -0.01875), (0.0055993, -0.0305575, -0.0182497), (0.0058179, -0.0296353, -0.01875), (0.0054902, -0.0310179, -0.018), (0.0031584, -0.0289649, -0.01875), (0.0035191, -0.029778, -0.01875), (0.0036247, -0.0299827, -0.01875), (0.0041175, -0.0307922, -0.0182497), (0.0043635, -0.0311963, -0.018), (0.0088838, -0.029769, -0.0042503), (0.00919, -0.0301296, -0.0045), (0.0102749, -0.0297771, -0.0045), (0.0103106, -0.0293054, -0.0042503), (0.0103834, -0.0281301, -0.01875), (0.0103356, -0.0272418, -0.01875), (0.0103106, -0.0293054, -0.0182497), (0.0103822, -0.0283603, -0.01875), (0.0102749, -0.0297771, -0.018), (0.0076506, -0.0281142, -0.01875), (0.0081341, -0.0288609, -0.01875), (0.0082704, -0.0290465, -0.01875), (0.0088838, -0.029769, -0.0182497), (0.00919, -0.0301296, -0.018), (-0.0147681, 0.0273316, -0.0042503), (-0.0134313, 0.0280127, -0.0042503), (-0.0137902, 0.028321, -0.0045), (-0.0148065, 0.0278032, -0.0045), (-0.0119545, 0.0265712, -0.01875), (-0.0125488, 0.0272331, -0.01875), (-0.0127124, 0.0273951, -0.01875), (-0.0134313, 0.0280127, -0.0182497), (-0.0137902, 0.028321, -0.018), (-0.0146561, 0.0261594, -0.01875), (-0.0144699, 0.0252895, -0.01875), (-0.0147681, 0.0273316, -0.0182497), (-0.014691, 0.026387, -0.01875), (-0.0148065, 0.0278032, -0.018), (-0.0176481, 0.0255667, -0.0042503), (-0.0180508, 0.0258151, -0.0045), (-0.0189736, 0.0251446, -0.0045), (-0.0188618, 0.0246849, -0.0042503), (-0.0185679, 0.0235446, -0.01875), (-0.0182479, 0.0227146, -0.01875), (-0.0188618, 0.0246849, -0.0182497), (-0.0186379, 0.023764, -0.01875), (-0.0189736, 0.0251446, -0.018), (-0.0159639, 0.024374, -0.01875), (-0.0166545, 0.0249348, -0.01875), (-0.0168414, 0.0250692, -0.01875), (-0.0176481, 0.0255667, -0.0182497), (-0.0180508, 0.0258151, -0.018), (-0.0255667, 0.0176481, -0.0042503), (-0.0246849, 0.0188618, -0.0042503), (-0.0251446, 0.0189736, -0.0045), (-0.0258151, 0.0180508, -0.0045), (-0.0227146, 0.0182479, -0.01875), (-0.0235446, 0.0185679, -0.01875), (-0.0237639, 0.0186379, -0.01875), (-0.0246849, 0.0188618, -0.0182497), (-0.0251446, 0.0189736, -0.018), (-0.0249348, 0.0166545, -0.01875), (-0.024374, 0.0159639, -0.01875), (-0.0255667, 0.0176481, -0.0182497), (-0.0250692, 0.0168414, -0.01875), (-0.0258151, 0.0180508, -0.018), (-0.0224912, 0.0214303, -0.0042503), (-0.0214303, 0.0224912, -0.0042503), (-0.0218669, 0.0226735, -0.0045), (-0.0226735, 0.0218669, -0.0045), (-0.0220225, 0.0203501, -0.01875), (-0.0215766, 0.0195803, -0.01875), (-0.0224912, 0.0214303, -0.0182497), (-0.0221259, 0.0205558, -0.01875), (-0.0226735, 0.0218669, -0.018), (-0.0195803, 0.0215766, -0.01875), (-0.0203501, 0.0220225, -0.01875), (-0.0205558, 0.022126, -0.01875), (-0.0214303, 0.0224912, -0.0182497), (-0.0218669, 0.0226735, -0.018), (-0.0103106, 0.0293054, -0.0042503), (-0.0088838, 0.029769, -0.0042503), (-0.00919, 0.0301296, -0.0045), (-0.0102749, 0.0297771, -0.0045), (-0.0076506, 0.0281142, -0.01875), (-0.0081341, 0.0288609, -0.01875), (-0.0082704, 0.0290465, -0.01875), (-0.0088838, 0.029769, -0.0182497), (-0.00919, 0.0301296, -0.018), (-0.0103834, 0.0281301, -0.01875), (-0.0103356, 0.0272418, -0.01875), (-0.0103106, 0.0293054, -0.0182497), (-0.0103822, 0.0283603, -0.01875), (-0.0102749, 0.0297771, -0.018), (-0.0055993, 0.0305575, -0.0042503), (-0.0041175, 0.0307922, -0.0042503), (-0.0043635, 0.0311963, -0.0045), (-0.0054902, 0.0310179, -0.0045), (-0.0031584, 0.0289649, -0.01875), (-0.0035191, 0.029778, -0.01875), (-0.0036247, 0.0299827, -0.01875), (-0.0041175, 0.0307922, -0.0182497), (-0.0043635, 0.0311963, -0.018), (-0.0058551, 0.029408, -0.01875), (-0.0059468, 0.0285232, -0.01875), (-0.0055993, 0.0305575, -0.0182497), (-0.0058179, 0.0296353, -0.01875), (-0.0054902, 0.0310179, -0.018), (0.0007501, 0.0310572, -0.0042503), (0.0005704, 0.0314948, -0.0045), (-0.0005704, 0.0314948, -0.0045), (-0.0007501, 0.0310572, -0.0042503), (0.0014116, 0.0291024, -0.01875), (0.0011826, 0.0299619, -0.01875), (0.0011103, 0.0301805, -0.01875), (0.0007501, 0.0310572, -0.0182497), (0.0005704, 0.0314948, -0.018), (-0.0011826, 0.0299619, -0.01875), (-0.0014116, 0.0291024, -0.01875), (-0.0007501, 0.0310572, -0.0182497), (-0.0011103, 0.0301805, -0.01875), (-0.0005704, 0.0314948, -0.018), (0.0055993, 0.0305575, -0.0042503), (0.0054902, 0.0310179, -0.0045), (0.0043635, 0.0311963, -0.0045), (0.0041175, 0.0307922, -0.0042503), (0.0059468, 0.0285232, -0.01875), (0.0058551, 0.029408, -0.01875), (0.0058179, 0.0296353, -0.01875), (0.0055993, 0.0305575, -0.0182497), (0.0054902, 0.0310179, -0.018), (0.0035191, 0.029778, -0.01875), (0.0031584, 0.0289649, -0.01875), (0.0041175, 0.0307922, -0.0182497), (0.0036247, 0.0299827, -0.01875), (0.0043635, 0.0311963, -0.018), (0.0307922, 0.0041175, -0.0042503), (0.0311963, 0.0043635, -0.0045), (0.0310179, 0.0054902, -0.0045), (0.0305575, 0.0055993, -0.0042503), (0.0289649, 0.0031584, -0.01875), (0.029778, 0.0035191, -0.01875), (0.0299827, 0.0036247, -0.01875), (0.0307922, 0.0041175, -0.0182497), (0.0311963, 0.0043635, -0.018), (0.029408, 0.0058551, -0.01875), (0.0285232, 0.0059468, -0.01875), (0.0305575, 0.0055993, -0.0182497), (0.0296353, 0.0058179, -0.01875), (0.0310179, 0.0054902, -0.018), (0.029769, 0.0088838, -0.0042503), (0.0301296, 0.00919, -0.0045), (0.0297771, 0.0102749, -0.0045), (0.0293054, 0.0103106, -0.0042503), (0.0281301, 0.0103834, -0.01875), (0.0272418, 0.0103356, -0.01875), (0.0293054, 0.0103106, -0.0182497), (0.0283603, 0.0103822, -0.01875), (0.0297771, 0.0102749, -0.018), (0.0281142, 0.0076506, -0.01875), (0.0288609, 0.0081341, -0.01875), (0.0290465, 0.0082704, -0.01875), (0.029769, 0.0088838, -0.0182497), (0.0301296, 0.00919, -0.018), (0.0280127, 0.0134313, -0.0042503), (0.028321, 0.0137902, -0.0045), (0.0278032, 0.0148065, -0.0045), (0.0273316, 0.0147681, -0.0042503), (0.0261594, 0.0146561, -0.01875), (0.0252895, 0.0144699, -0.01875), (0.0273316, 0.0147681, -0.0182497), (0.026387, 0.014691, -0.01875), (0.0278032, 0.0148065, -0.018), (0.0265712, 0.0119545, -0.01875), (0.0272331, 0.0125488, -0.01875), (0.0273951, 0.0127124, -0.01875), (0.0280127, 0.0134313, -0.0182497), (0.028321, 0.0137902, -0.018), (0.0255667, 0.0176481, -0.0042503), (0.0258151, 0.0180508, -0.0045), (0.0251446, 0.0189736, -0.0045), (0.0246849, 0.0188618, -0.0042503), (0.0235446, 0.0185679, -0.01875), (0.0227146, 0.0182479, -0.01875), (0.0246849, 0.0188618, -0.0182497), (0.023764, 0.0186379, -0.01875), (0.0251446, 0.0189736, -0.018), (0.024374, 0.0159639, -0.01875), (0.0249348, 0.0166545, -0.01875), (0.0250692, 0.0168414, -0.01875), (0.0255667, 0.0176481, -0.0182497), (0.0258151, 0.0180508, -0.018), (0.0176481, 0.0255667, -0.0042503), (0.0188618, 0.0246849, -0.0042503), (0.0189736, 0.0251446, -0.0045), (0.0180508, 0.0258151, -0.0045), (0.0182479, 0.0227146, -0.01875), (0.0185679, 0.0235446, -0.01875), (0.0186379, 0.023764, -0.01875), (0.0188618, 0.0246849, -0.0182497), (0.0189736, 0.0251446, -0.018), (0.0166545, 0.0249348, -0.01875), (0.0159639, 0.024374, -0.01875), (0.0176481, 0.0255667, -0.0182497), (0.0168414, 0.0250692, -0.01875), (0.0180508, 0.0258151, -0.018), (0.0224912, 0.0214303, -0.0042503), (0.0226735, 0.0218669, -0.0045), (0.0218669, 0.0226735, -0.0045), (0.0214303, 0.0224912, -0.0042503), (0.0203501, 0.0220225, -0.01875), (0.0195803, 0.0215766, -0.01875), (0.0214303, 0.0224912, -0.0182497), (0.0205558, 0.022126, -0.01875), (0.0218669, 0.0226735, -0.018), (0.0215766, 0.0195803, -0.01875), (0.0220225, 0.0203501, -0.01875), (0.022126, 0.0205558, -0.01875), (0.0224912, 0.0214303, -0.0182497), (0.0226735, 0.0218669, -0.018), (0.0147681, 0.0273316, -0.0042503), (0.0148065, 0.0278032, -0.0045), (0.0137902, 0.028321, -0.0045), (0.0134313, 0.0280127, -0.0042503), (0.0125488, 0.0272331, -0.01875), (0.0119545, 0.0265712, -0.01875), (0.0134313, 0.0280127, -0.0182497), (0.0127124, 0.0273951, -0.01875), (0.0137902, 0.028321, -0.018), (0.0144699, 0.0252895, -0.01875), (0.0146561, 0.0261594, -0.01875), (0.014691, 0.026387, -0.01875), (0.0147681, 0.0273316, -0.0182497), (0.0148065, 0.0278032, -0.018), (0.0103106, 0.0293054, -0.0042503), (0.0102749, 0.0297771, -0.0045), (0.00919, 0.0301296, -0.0045), (0.0088838, 0.029769, -0.0042503), (0.0081341, 0.0288609, -0.01875), (0.0076506, 0.0281142, -0.01875), (0.0088838, 0.029769, -0.0182497), (0.0082704, 0.0290465, -0.01875), (0.00919, 0.0301296, -0.018), (0.0103356, 0.0272418, -0.01875), (0.0103834, 0.0281301, -0.01875), (0.0103822, 0.0283603, -0.01875), (0.0103106, 0.0293054, -0.0182497), (0.0102749, 0.0297771, -0.018), (0.0214303, -0.0224912, -0.0042503), (0.0218669, -0.0226735, -0.0045), (0.0226735, -0.0218669, -0.0045), (0.0224912, -0.0214303, -0.0042503), (0.0195803, -0.0215766, -0.01875), (0.0203501, -0.0220225, -0.01875), (0.0205558, -0.022126, -0.01875), (0.0214303, -0.0224912, -0.0182497), (0.0218669, -0.0226735, -0.018), (0.0220225, -0.0203501, -0.01875), (0.0215766, -0.0195803, -0.01875), (0.0224912, -0.0214303, -0.0182497), (0.022126, -0.0205558, -0.01875), (0.0226735, -0.0218669, -0.018), (0.0246849, -0.0188618, -0.0042503), (0.0251446, -0.0189736, -0.0045), (0.0258151, -0.0180508, -0.0045), (0.0255667, -0.0176481, -0.0042503), (0.0249348, -0.0166545, -0.01875), (0.024374, -0.0159639, -0.01875), (0.0255667, -0.0176481, -0.0182497), (0.0250692, -0.0168414, -0.01875), (0.0258151, -0.0180508, -0.018), (0.0227146, -0.0182479, -0.01875), (0.0235446, -0.0185679, -0.01875), (0.023764, -0.0186379, -0.01875), (0.0246849, -0.0188618, -0.0182497), (0.0251446, -0.0189736, -0.018), (0.0176481, -0.0255667, -0.0042503), (0.0180508, -0.0258151, -0.0045), (0.0189736, -0.0251446, -0.0045), (0.0188618, -0.0246849, -0.0042503), (0.0159639, -0.024374, -0.01875), (0.0166545, -0.0249348, -0.01875), (0.0168414, -0.0250692, -0.01875), (0.0176481, -0.0255667, -0.0182497), (0.0180508, -0.0258151, -0.018), (0.0185679, -0.0235446, -0.01875), (0.0182479, -0.0227146, -0.01875), (0.0188618, -0.0246849, -0.0182497), (0.0186379, -0.023764, -0.01875), (0.0189736, -0.0251446, -0.018), (0.0134313, -0.0280127, -0.0042503), (0.0137902, -0.028321, -0.0045), (0.0148065, -0.0278032, -0.0045), (0.0147681, -0.0273316, -0.0042503), (0.0146561, -0.0261594, -0.01875), (0.0144699, -0.0252895, -0.01875), (0.0147681, -0.0273316, -0.0182497), (0.014691, -0.026387, -0.01875), (0.0148065, -0.0278032, -0.018), (0.0119545, -0.0265712, -0.01875), (0.0125488, -0.0272331, -0.01875), (0.0127124, -0.0273951, -0.01875), (0.0134313, -0.0280127, -0.0182497), (0.0137902, -0.028321, -0.018), (0.0273316, -0.0147681, -0.0042503), (0.0278032, -0.0148065, -0.0045), (0.028321, -0.0137902, -0.0045), (0.0280127, -0.0134313, -0.0042503), (0.0272331, -0.0125488, -0.01875), (0.0265712, -0.0119545, -0.01875), (0.0280127, -0.0134313, -0.0182497), (0.0273951, -0.0127124, -0.01875), (0.028321, -0.0137902, -0.018), (0.0252895, -0.0144699, -0.01875), (0.0261594, -0.0146561, -0.01875), (0.026387, -0.014691, -0.01875), (0.0273316, -0.0147681, -0.0182497), (0.0278032, -0.0148065, -0.018), (0.0293054, -0.0103106, -0.0042503), (0.0297771, -0.0102749, -0.0045), (0.0301296, -0.00919, -0.0045), (0.029769, -0.0088838, -0.0042503), (0.0288609, -0.0081341, -0.01875), (0.0281142, -0.0076506, -0.01875), (0.029769, -0.0088838, -0.0182497), (0.0290465, -0.0082704, -0.01875), (0.0301296, -0.00919, -0.018), (0.0272418, -0.0103356, -0.01875), (0.0281301, -0.0103834, -0.01875), (0.0283603, -0.0103822, -0.01875), (0.0293054, -0.0103106, -0.0182497), (0.0297771, -0.0102749, -0.018), (0.0305575, -0.0055993, -0.0042503), (0.0310179, -0.0054902, -0.0045), (0.0311963, -0.0043635, -0.0045), (0.0307922, -0.0041175, -0.0042503), (0.029778, -0.0035191, -0.01875), (0.0289649, -0.0031584, -0.01875), (0.0307922, -0.0041175, -0.0182497), (0.0299827, -0.0036247, -0.01875), (0.0311963, -0.0043635, -0.018), (0.0285232, -0.0059468, -0.01875), (0.029408, -0.0058551, -0.01875), (0.0296353, -0.0058179, -0.01875), (0.0305575, -0.0055993, -0.0182497), (0.0310179, -0.0054902, -0.018), (0.0301805, 0.0011103, -0.01875), (0.0299619, 0.0011826, -0.01875), (0.0299619, -0.0011826, -0.01875), (0.0291024, -0.0014116, -0.01875), (0.0301805, -0.0011103, -0.01875), (0.0291024, 0.0014116, -0.01875), (0.0310572, 0.0007501, -0.0042503), (0.0310572, 0.0007501, -0.0182497), (0.0314948, 0.0005704, -0.0045), (0.0314948, 0.0005704, -0.018), (0.0310572, -0.0007501, -0.0182497), (0.0310572, -0.0007501, -0.0042503), (0.0314948, -0.0005704, -0.018), (0.0314948, -0.0005704, -0.0045)]
            color3f[] primvars:displayColor = [(0.580392, 0.894118, 0.580392)]
            uniform token purpose = "guide"
            uniform token subdivisionScheme = "none"
        }
    }
}
